timestamp,x,y,z
00.001,-0.11253092,0.098165266,9.838076
00.037,-0.11492519,0.090982445,9.859624
00.079,-0.10774237,0.06943397,9.847652
00.120,-0.11492519,0.11013664,9.835681
00.135,-0.12210801,0.09337672,9.838076
00.178,-0.11013664,0.098165266,9.838076
00.217,-0.10774237,0.10055954,9.847652
00.237,-0.11492519,0.09337672,9.842864
00.273,-0.11492519,0.076616794,9.852441
00.313,-0.10774237,0.102953814,9.833286
00.354,-0.12450229,0.090982445,9.871595
00.374,-0.10774237,0.098165266,9.8237095
00.414,-0.11253092,0.098165266,9.869201
00.453,-0.12689656,0.090982445,9.838076
00.474,-0.10055954,0.083799616,9.850046
00.514,-0.105348095,0.090982445,9.842864
00.553,-0.11013664,0.098165266,9.871595
00.573,-0.117319465,0.102953814,9.840469
00.613,-0.090982445,0.090982445,9.840469
00.654,-0.105348095,0.105348095,9.857229
00.673,-0.102953814,0.07901107,9.857229
00.713,-0.11971374,0.102953814,9.847652
00.753,-0.11492519,0.07901107,9.830893
00.774,-0.11253092,0.076616794,9.828498
00.813,-0.117319465,0.083799616,9.833286
00.858,-0.11492519,0.08140534,9.802161
00.878,-0.12210801,0.08619389,9.852441
00.918,-0.09337672,0.09337672,9.840469
00.956,-0.11013664,0.11253092,9.859624
00.975,-0.10774237,0.09337672,9.80695
01.016,-0.11013664,0.08858817,9.845258
01.054,-0.102953814,0.090982445,9.862018
01.095,-0.10774237,0.09577099,9.821315
01.115,-0.11013664,0.08619389,9.850046
01.155,-0.11253092,0.09337672,9.838076
01.195,-0.11971374,0.08619389,9.8548355
01.215,-0.12210801,0.09577099,9.833286
01.260,-0.105348095,0.062251143,9.859624
01.294,-0.117319465,0.09577099,9.802161
01.313,-0.10055954,0.09337672,9.873989
01.353,-0.11492519,0.08619389,9.842864
01.395,-0.11971374,0.105348095,9.869201
01.414,-0.12929083,0.09337672,9.814133
01.453,-0.12929083,0.08140534,9.883567
01.499,-0.11253092,0.08140534,9.804555
01.514,-0.12929083,0.07901107,9.862018
01.556,-0.10774237,0.08858817,9.845258
01.597,-0.10055954,0.105348095,9.828498
01.615,-0.12929083,0.083799616,9.8548355
01.654,-0.102953814,0.08858817,9.8237095
01.694,-0.11253092,0.09577099,9.838076
01.716,-0.12689656,0.076616794,9.842864
01.758,-0.105348095,0.105348095,9.840469
01.798,-0.117319465,0.10055954,9.835681
01.834,-0.102953814,0.08619389,9.8548355
01.854,-0.11492519,0.08858817,9.850046
01.899,-0.10055954,0.083799616,9.845258
01.934,-0.105348095,0.09577099,9.845258
01.953,-0.117319465,0.08858817,9.852441
01.993,-0.10774237,0.083799616,9.830893
02.033,-0.11253092,0.10774237,9.847652
02.056,-0.11253092,0.10055954,9.830893
02.095,-0.11492519,0.09577099,9.866806
02.135,-0.105348095,0.090982445,9.8237095
02.158,-0.11492519,0.10055954,9.850046
02.201,-0.11253092,0.076616794,9.830893
02.218,-0.10055954,0.08858817,9.857229
02.255,-0.11492519,0.11013664,9.838076
02.293,-0.098165266,0.09577099,9.833286
02.334,-0.10774237,0.090982445,9.852441
02.373,-0.13168511,0.07901107,9.821315
02.394,-0.11013664,0.090982445,9.828498
02.432,-0.11013664,0.09577099,9.838076
02.472,-0.117319465,0.07901107,9.845258
02.492,-0.09577099,0.10774237,9.866806
02.532,-0.11013664,0.090982445,9.862018
02.556,-0.10774237,0.105348095,9.847652
02.597,-0.117319465,0.07901107,9.847652
02.633,-0.11253092,0.083799616,9.847652
02.672,-0.11253092,0.098165266,9.871595
02.693,-0.11492519,0.08140534,9.828498
02.733,-0.117319465,0.090982445,9.842864
02.776,-0.12210801,0.09577099,9.835681
02.799,-0.11492519,0.071828246,9.862018
02.840,-0.11253092,0.083799616,9.826104
02.876,-0.10055954,0.102953814,9.838076
02.894,-0.11253092,0.08140534,9.838076
02.938,-0.10055954,0.08140534,9.830893
02.974,-0.11971374,0.090982445,9.833286
02.995,-0.102953814,0.11013664,9.835681
03.034,-0.11971374,0.08858817,9.830893
03.075,-0.11971374,0.098165266,9.842864
03.095,-0.105348095,0.102953814,9.838076
03.136,-0.10774237,0.098165266,9.833286
03.176,-0.10774237,0.07422252,9.866806
03.196,-0.11253092,0.098165266,9.799767
03.238,-0.11013664,0.083799616,9.845258
03.272,-0.11013664,0.083799616,9.818921
03.293,-0.10774237,0.06943397,9.869201
03.333,-0.098165266,0.09337672,9.821315
03.374,-0.11253092,0.09577099,9.873989
03.396,-0.10774237,0.09337672,9.864412
03.434,-0.102953814,0.08140534,9.859624
03.476,-0.11013664,0.06464542,9.835681
03.495,-0.11253092,0.08619389,9.871595
03.537,-0.117319465,0.08619389,9.835681
03.578,-0.102953814,0.08858817,9.79019
03.600,-0.11492519,0.083799616,9.859624
03.637,-0.12450229,0.09577099,9.876384
03.679,-0.09577099,0.062251143,9.840469
03.698,-0.11253092,0.09577099,9.850046
03.735,-0.11492519,0.098165266,9.838076
03.776,-0.11492519,0.098165266,9.871595
03.815,-0.10055954,0.08619389,9.845258
03.836,-0.12210801,0.102953814,9.850046
03.879,-0.11492519,0.076616794,9.838076
03.916,-0.10774237,0.07422252,9.821315
03.936,-0.11253092,0.08858817,9.828498
03.973,-0.12210801,0.09337672,9.835681
04.015,-0.105348095,0.083799616,9.866806
04.033,-0.11253092,0.09337672,9.833286
04.074,-0.11971374,0.090982445,9.862018
04.114,-0.11971374,0.090982445,9.833286
04.136,-0.10774237,0.0670397,9.859624
04.175,-0.10055954,0.090982445,9.842864
04.214,-0.102953814,0.08619389,9.845258
04.240,-0.105348095,0.07901107,9.838076
04.275,-0.13168511,0.08619389,9.869201
04.316,-0.105348095,0.08619389,9.847652
04.335,-0.11253092,0.076616794,9.876384
04.377,-0.117319465,0.08858817,9.816526
04.417,-0.117319465,0.10055954,9.847652
04.436,-0.105348095,0.090982445,9.833286
04.481,-0.098165266,0.08140534,9.857229
04.519,-0.11013664,0.08140534,9.847652
04.540,-0.11971374,0.083799616,9.862018
04.582,-0.098165266,0.08619389,9.833286
04.622,-0.105348095,0.08140534,9.821315
04.642,-0.10774237,0.08858817,9.8548355
04.680,-0.11492519,0.11253092,9.816526
04.720,-0.11013664,0.090982445,9.8548355
04.739,-0.10055954,0.08858817,9.859624
04.778,-0.11253092,0.08619389,9.852441
04.820,-0.10774237,0.09577099,9.850046
04.839,-0.11492519,0.083799616,9.847652
04.881,-0.117319465,0.090982445,9.852441
04.921,-0.105348095,0.09577099,9.847652
04.940,-0.102953814,0.10774237,9.814133
04.982,-0.11013664,0.076616794,9.8237095
05.020,-0.11253092,0.08140534,9.828498
05.041,-0.105348095,0.090982445,9.8548355
05.082,-0.11971374,0.090982445,9.828498
05.119,-0.11971374,0.102953814,9.842864
05.142,-0.11492519,0.11013664,9.840469
05.181,-0.11013664,0.10055954,9.847652
05.222,-0.12210801,0.090982445,9.833286
05.243,-0.098165266,0.105348095,9.857229
05.276,-0.105348095,0.09577099,9.852441
05.316,-0.090982445,0.090982445,9.845258
05.356,-0.105348095,0.08619389,9.876384
05.379,-0.09577099,0.09337672,9.842864
05.421,-0.12210801,0.09577099,9.869201
05.460,-0.11253092,0.11013664,9.816526
05.481,-0.102953814,0.05506832,9.866806
05.521,-0.11971374,0.098165266,9.845258
05.558,-0.117319465,0.098165266,9.835681
05.580,-0.105348095,0.07901107,9.833286
05.622,-0.11013664,0.102953814,9.881172
05.657,-0.12210801,0.08858817,9.842864
05.698,-0.105348095,0.105348095,9.850046
05.717,-0.11971374,0.09337672,9.8237095
05.759,-0.10774237,0.090982445,9.850046
05.796,-0.12689656,0.098165266,9.857229
05.817,-0.10055954,0.102953814,9.833286
05.857,-0.11013664,0.09337672,9.826104
05.900,-0.11492519,0.09577099,9.845258
05.919,-0.11492519,0.08858817,9.8237095
05.959,-0.10774237,0.09577099,9.811738
06.004,-0.102953814,0.090982445,9.850046
06.021,-0.09577099,0.102953814,9.850046
06.063,-0.10774237,0.08619389,9.847652
06.083,-0.117319465,0.11253092,9.8548355
06.124,-0.12210801,0.08619389,9.873989
06.162,-0.11492519,0.07422252,9.842864
06.199,-0.11492519,0.09337672,9.838076
06.220,-0.12210801,0.08858817,9.833286
06.258,-0.117319465,0.083799616,9.871595
06.297,-0.102953814,0.083799616,9.816526
06.337,-0.12450229,0.09337672,9.835681
06.359,-0.11971374,0.08858817,9.828498
06.401,-0.12689656,0.09577099,9.850046
06.422,-0.10774237,0.09337672,9.8237095
06.458,-0.10055954,0.09337672,9.847652
06.504,-0.10774237,0.07422252,9.857229
06.522,-0.10774237,0.10055954,9.876384
06.563,-0.13168511,0.09337672,9.833286
06.604,-0.11013664,0.09577099,9.833286
06.624,-0.12929083,0.07422252,9.80695
06.663,-0.11492519,0.102953814,9.842864
06.704,-0.102953814,0.076616794,9.845258
06.725,-0.098165266,0.105348095,9.852441
06.761,-0.117319465,0.10055954,9.8548355
06.802,-0.105348095,0.102953814,9.852441
06.842,-0.098165266,0.090982445,9.857229
06.860,-0.11253092,0.08858817,9.821315
06.902,-0.08619389,0.08858817,9.859624
06.923,-0.10055954,0.083799616,9.862018
06.964,-0.098165266,0.09577099,9.8548355
07.004,-0.10774237,0.083799616,9.809344
07.024,-0.11492519,0.07422252,9.857229
07.063,-0.105348095,0.090982445,9.835681
07.100,-0.098165266,0.08140534,9.830893
07.142,-0.12450229,0.083799616,9.8548355
07.164,-0.11253092,0.09337672,9.8787775
07.201,-0.11253092,0.08140534,9.845258
07.239,-0.11971374,0.083799616,9.814133
07.263,-0.098165266,0.09337672,9.821315
07.297,-0.102953814,0.10774237,9.859624
07.338,-0.12450229,0.08140534,9.8787775
07.378,-0.11013664,0.08619389,9.818921
07.397,-0.105348095,0.07422252,9.869201
07.439,-0.117319465,0.10774237,9.835681
07.479,-0.11253092,0.076616794,9.852441
07.499,-0.090982445,0.083799616,9.816526
07.537,-0.117319465,0.08140534,9.873989
07.579,-0.12450229,0.09577099,9.852441
07.599,-0.11253092,0.071828246,9.876384
07.646,-0.08140534,0.090982445,9.852441
07.662,-0.11253092,0.08140534,9.866806
07.706,-0.105348095,0.102953814,9.8548355
07.743,-0.098165266,0.10774237,9.842864
07.762,-0.102953814,0.076616794,9.826104
07.803,-0.102953814,0.10774237,9.852441
07.838,-0.11971374,0.083799616,9.833286
07.864,-0.10774237,0.09337672,9.869201
07.901,-0.12929083,0.08858817,9.821315
07.940,-0.11492519,0.102953814,9.8787775
07.985,-0.13168511,0.07901107,9.869201
08.003,-0.11013664,0.10055954,9.838076
08.045,-0.12210801,0.06943397,9.864412
08.083,-0.11492519,0.07422252,9.811738
08.103,-0.12210801,0.08619389,9.8548355
08.144,-0.105348095,0.0670397,9.845258
08.184,-0.102953814,0.06943397,9.850046
08.203,-0.12210801,0.071828246,9.797373
08.244,-0.11253092,0.08858817,9.885961
08.278,-0.11253092,0.076616794,9.857229
08.318,-0.11013664,0.06943397,9.850046
08.338,-0.11971374,0.07901107,9.826104
08.381,-0.11013664,0.098165266,9.845258
08.401,-0.11013664,0.08619389,9.826104
08.440,-0.10774237,0.09337672,9.842864
08.484,-0.11013664,0.06943397,9.830893
08.506,-0.117319465,0.102953814,9.850046
08.545,-0.098165266,0.07422252,9.850046
08.585,-0.10774237,0.098165266,9.826104
08.604,-0.105348095,0.08619389,9.847652
08.645,-0.117319465,0.07422252,9.833286
08.685,-0.09337672,0.08858817,9.8548355
08.705,-0.083799616,0.102953814,9.828498
08.745,-0.11492519,0.090982445,9.864412
08.782,-0.11492519,0.09337672,9.809344
08.822,-0.098165266,0.08140534,9.873989
08.841,-0.10774237,0.08858817,9.862018
08.882,-0.12210801,0.08140534,9.864412
08.922,-0.102953814,0.07422252,9.826104
08.942,-0.12210801,0.090982445,9.838076
08.982,-0.105348095,0.06943397,9.826104
09.020,-0.10774237,0.10055954,9.830893
09.040,-0.117319465,0.09577099,9.830893
09.083,-0.117319465,0.08619389,9.857229
09.121,-0.11492519,0.071828246,9.828498
09.143,-0.10055954,0.090982445,9.850046
09.183,-0.11253092,0.098165266,9.850046
09.224,-0.10774237,0.105348095,9.857229
09.244,-0.11013664,0.07422252,9.830893
09.281,-0.09577099,0.102953814,9.842864
09.321,-0.11492519,0.090982445,9.864412
09.342,-0.10055954,0.11253092,9.802161
09.383,-0.11013664,0.07901107,9.845258
09.423,-0.102953814,0.083799616,9.828498
09.445,-0.102953814,0.07901107,9.821315
09.487,-0.11253092,0.09337672,9.840469
09.525,-0.11492519,0.09577099,9.857229
09.545,-0.105348095,0.098165266,9.847652
09.585,-0.10774237,0.071828246,9.857229
09.626,-0.10774237,0.07422252,9.842864
09.664,-0.12450229,0.10774237,9.833286
09.686,-0.10055954,0.083799616,9.845258
09.724,-0.11492519,0.08140534,9.866806
09.744,-0.10774237,0.08619389,9.835681
09.787,-0.098165266,0.08858817,9.857229
09.826,-0.11492519,0.090982445,9.8548355
09.846,-0.117319465,0.08619389,9.828498
09.886,-0.105348095,0.10774237,9.818921
09.924,-0.10774237,0.10055954,9.838076
09.967,-0.10774237,0.076616794,9.873989
09.984,-0.11253092,0.098165266,9.852441
10.029,-0.10774237,0.076616794,9.859624
10.064,-0.117319465,0.090982445,9.826104
10.084,-0.11013664,0.083799616,9.833286
10.124,-0.117319465,0.090982445,9.8237095
10.165,-0.11492519,0.07901107,9.883567
10.184,-0.098165266,0.10055954,9.821315
10.226,-0.12450229,0.06464542,9.850046
10.262,-0.102953814,0.090982445,9.838076
10.300,-0.105348095,0.08858817,9.830893
10.323,-0.12210801,0.102953814,9.871595
10.363,-0.117319465,0.090982445,9.883567
10.389,-0.10055954,0.08858817,9.852441
10.427,-0.12450229,0.098165266,9.859624
10.466,-0.098165266,0.08140534,9.835681
10.486,-0.117319465,0.08619389,9.838076
10.527,-0.090982445,0.08619389,9.876384
10.568,-0.11492519,0.09577099,9.847652
10.588,-0.10055954,0.06943397,9.835681
10.628,-0.11492519,0.105348095,9.852441
10.667,-0.10774237,0.08619389,9.8548355
10.690,-0.105348095,0.11492519,9.842864
10.722,-0.117319465,0.07901107,9.821315
10.763,-0.10055954,0.10774237,9.842864
10.804,-0.11013664,0.098165266,9.862018
10.822,-0.12450229,0.09337672,9.845258
10.863,-0.10774237,0.098165266,9.8548355
10.902,-0.10774237,0.090982445,9.842864
10.924,-0.105348095,0.07422252,9.850046
10.963,-0.11013664,0.098165266,9.821315
11.003,-0.105348095,0.10055954,9.840469
11.025,-0.117319465,0.06464542,9.80695
11.066,-0.11013664,0.071828246,9.862018
11.089,-0.11253092,0.08858817,9.811738
11.129,-0.10774237,0.09577099,9.847652
11.168,-0.105348095,0.10055954,9.830893
11.189,-0.102953814,0.09577099,9.835681
11.229,-0.11492519,0.10055954,9.850046
11.263,-0.10774237,0.10055954,9.830893
11.303,-0.11013664,0.08619389,9.8548355
11.344,-0.11253092,0.090982445,9.847652
11.365,-0.11492519,0.076616794,9.818921
11.406,-0.11492519,0.09337672,9.900327
11.425,-0.09577099,0.083799616,9.845258
11.468,-0.11253092,0.10774237,9.826104
11.508,-0.11013664,0.076616794,9.866806
11.528,-0.10774237,0.09577099,9.840469
11.570,-0.10055954,0.090982445,9.847652
11.610,-0.12210801,0.08619389,9.828498
11.649,-0.11492519,0.105348095,9.871595
11.667,-0.117319465,0.07901107,9.833286
11.708,-0.11492519,0.10055954,9.8787775
11.746,-0.12929083,0.07901107,9.838076
11.768,-0.11971374,0.08858817,9.864412
11.807,-0.12450229,0.098165266,9.833286
11.830,-0.10055954,0.08140534,9.869201
11.868,-0.10055954,0.10055954,9.828498
11.909,-0.098165266,0.11253092,9.833286
11.928,-0.117319465,0.08858817,9.828498
11.969,-0.102953814,0.08140534,9.838076
12.009,-0.12450229,0.09577099,9.833286
12.031,-0.10774237,0.083799616,9.871595
12.070,-0.11013664,0.076616794,9.835681
12.108,-0.102953814,0.105348095,9.845258
12.144,-0.11253092,0.08858817,9.866806
12.164,-0.10774237,0.098165266,9.828498
12.206,-0.11492519,0.090982445,9.845258
12.248,-0.102953814,0.09337672,9.830893
12.266,-0.11013664,0.08140534,9.852441
12.306,-0.10055954,0.076616794,9.826104
12.346,-0.11492519,0.102953814,9.869201
12.385,-0.10774237,0.06943397,9.816526
12.409,-0.11253092,0.07901107,9.852441
12.449,-0.1340794,0.08858817,9.847652
12.467,-0.11971374,0.08858817,9.862018
12.509,-0.098165266,0.076616794,9.840469
12.547,-0.11013664,0.105348095,9.864412
12.569,-0.090982445,0.09337672,9.830893
12.608,-0.10774237,0.076616794,9.8548355
12.647,-0.11492519,0.08619389,9.847652
12.668,-0.098165266,0.07901107,9.859624
12.706,-0.1340794,0.076616794,9.830893
12.749,-0.10055954,0.09337672,9.859624
12.789,-0.11253092,0.10774237,9.8787775
12.810,-0.11492519,0.10774237,9.893144
12.850,-0.117319465,0.090982445,9.866806
12.869,-0.11971374,0.083799616,9.809344
12.911,-0.12210801,0.06943397,9.833286
12.947,-0.117319465,0.10055954,9.859624
12.970,-0.11971374,0.07901107,9.8237095
13.008,-0.09577099,0.10055954,9.818921
13.049,-0.11492519,0.09577099,9.852441
13.089,-0.09577099,0.098165266,9.842864
13.109,-0.10774237,0.08140534,9.828498
13.152,-0.102953814,0.102953814,9.835681
13.189,-0.11971374,0.07901107,9.838076
13.210,-0.098165266,0.10055954,9.828498
13.247,-0.11253092,0.09337672,9.8548355
13.285,-0.10055954,0.098165266,9.845258
13.325,-0.102953814,0.105348095,9.833286
13.345,-0.12210801,0.09577099,9.835681
13.386,-0.10055954,0.09337672,9.828498
13.408,-0.12210801,0.098165266,9.857229
13.449,-0.117319465,0.08140534,9.833286
13.490,-0.10774237,0.09337672,9.850046
13.509,-0.11253092,0.11253092,9.857229
13.548,-0.11253092,0.076616794,9.826104
13.589,-0.105348095,0.102953814,9.845258
13.608,-0.12689656,0.083799616,9.8237095
13.650,-0.11253092,0.08619389,9.840469
13.691,-0.11253092,0.07901107,9.864412
13.709,-0.10774237,0.105348095,9.830893
13.750,-0.10055954,0.10055954,9.864412
13.787,-0.090982445,0.098165266,9.852441
13.810,-0.098165266,0.07422252,9.845258
13.848,-0.11492519,0.07901107,9.8548355
13.890,-0.102953814,0.098165266,9.862018
13.929,-0.11971374,0.08619389,9.847652
13.949,-0.105348095,0.105348095,9.852441
13.989,-0.12450229,0.08858817,9.857229
14.028,-0.11492519,0.102953814,9.8548355
14.052,-0.098165266,0.105348095,9.816526
14.085,-0.11253092,0.10055954,9.871595
14.124,-0.117319465,0.071828246,9.821315
14.166,-0.10774237,0.105348095,9.847652
14.186,-0.10055954,0.08619389,9.842864
14.227,-0.117319465,0.08619389,9.828498
14.250,-0.11013664,0.08619389,9.845258
14.285,-0.12450229,0.08140534,9.835681
14.324,-0.10055954,0.090982445,9.840469
14.366,-0.11013664,0.08140534,9.852441
14.385,-0.11253092,0.08619389,9.852441
14.427,-0.105348095,0.090982445,9.847652
14.450,-0.105348095,0.08619389,9.828498
14.492,-0.10774237,0.11253092,9.828498
14.531,-0.11971374,0.083799616,9.881172
14.549,-0.102953814,0.09337672,9.838076
14.588,-0.117319465,0.076616794,9.866806
14.628,-0.11253092,0.10055954,9.840469
14.667,-0.117319465,0.083799616,9.847652
14.687,-0.11013664,0.09337672,9.869201
14.729,-0.11971374,0.102953814,9.835681
14.769,-0.10774237,0.08619389,9.814133
14.786,-0.10055954,0.08140534,9.871595
14.828,-0.11253092,0.083799616,9.818921
14.871,-0.11253092,0.11013664,9.845258
14.892,-0.11013664,0.090982445,9.859624
14.931,-0.105348095,0.11253092,9.850046
14.968,-0.11253092,0.08140534,9.8548355
14.988,-0.11492519,0.098165266,9.866806
15.026,-0.11971374,0.08858817,9.838076
15.066,-0.11013664,0.10055954,9.833286
15.087,-0.12210801,0.08140534,9.833286
15.125,-0.102953814,0.10055954,9.821315
15.164,-0.12210801,0.08619389,9.859624
15.205,-0.105348095,0.090982445,9.814133
15.227,-0.11492519,0.071828246,9.840469
15.269,-0.105348095,0.10055954,9.840469
15.305,-0.10774237,0.090982445,9.845258
15.324,-0.102953814,0.105348095,9.828498
15.366,-0.117319465,0.09577099,9.845258
15.405,-0.117319465,0.07901107,9.828498
15.430,-0.105348095,0.10055954,9.862018
15.468,-0.105348095,0.09577099,9.840469
15.490,-0.10774237,0.08140534,9.852441
15.528,-0.102953814,0.10055954,9.838076
15.570,-0.11013664,0.105348095,9.8237095
15.610,-0.11253092,0.062251143,9.850046
15.631,-0.105348095,0.098165266,9.859624
15.668,-0.117319465,0.06943397,9.840469
15.707,-0.105348095,0.10774237,9.826104
15.730,-0.10774237,0.07901107,9.842864
15.766,-0.11492519,0.105348095,9.838076
15.804,-0.105348095,0.08619389,9.8548355
15.844,-0.09577099,0.083799616,9.845258
15.864,-0.11971374,0.08140534,9.835681
15.905,-0.10774237,0.09577099,9.845258
15.943,-0.11971374,0.10774237,9.833286
15.964,-0.105348095,0.071828246,9.8237095
16.005,-0.11971374,0.07901107,9.828498
16.045,-0.105348095,0.090982445,9.859624
16.066,-0.11492519,0.090982445,9.869201
16.105,-0.11013664,0.0670397,9.821315
16.150,-0.09577099,0.090982445,9.814133
16.165,-0.11492519,0.07901107,9.847652
16.207,-0.12450229,0.10055954,9.847652
16.245,-0.11253092,0.08858817,9.818921
16.265,-0.102953814,0.09577099,9.857229
16.303,-0.12450229,0.08619389,9.802161
16.344,-0.11492519,0.09577099,9.821315
16.364,-0.098165266,0.08858817,9.857229
16.404,-0.105348095,0.09577099,9.828498
16.451,-0.10774237,0.08858817,9.8548355
16.468,-0.11492519,0.11253092,9.830893
16.511,-0.11013664,0.07901107,9.852441
16.550,-0.11013664,0.08140534,9.835681
16.571,-0.12210801,0.07901107,9.864412
16.609,-0.11253092,0.083799616,9.838076
16.648,-0.105348095,0.10774237,9.862018
16.670,-0.09577099,0.09337672,9.79019
16.708,-0.11013664,0.09577099,9.857229
16.749,-0.11971374,0.076616794,9.8237095
16.769,-0.10774237,0.09577099,9.869201
16.808,-0.10055954,0.09577099,9.845258
16.850,-0.09577099,0.090982445,9.857229
16.868,-0.12210801,0.098165266,9.852441
16.909,-0.117319465,0.09337672,9.845258
16.950,-0.098165266,0.076616794,9.826104
16.970,-0.09577099,0.09577099,9.847652
17.010,-0.10774237,0.07422252,9.814133
17.050,-0.11253092,0.10055954,9.847652
17.072,-0.105348095,0.07422252,9.835681
17.112,-0.12210801,0.11253092,9.816526
17.149,-0.102953814,0.083799616,9.847652
17.172,-0.10774237,0.076616794,9.859624
17.211,-0.11013664,0.08140534,9.818921
17.262,-0.117319465,0.09337672,9.818921
17.285,-0.11971374,0.10055954,9.847652
17.304,-0.105348095,0.098165266,9.852441
17.347,-0.105348095,0.08140534,9.857229
17.387,-0.12450229,0.07901107,9.857229
17.406,-0.102953814,0.09337672,9.862018
17.447,-0.10774237,0.076616794,9.833286
17.489,-0.11971374,0.09577099,9.862018
17.510,-0.10774237,0.090982445,9.814133
17.548,-0.11253092,0.09337672,9.864412
17.590,-0.11492519,0.083799616,9.816526
17.608,-0.102953814,0.07422252,9.862018
17.650,-0.12450229,0.098165266,9.797373
17.691,-0.11013664,0.08140534,9.828498
17.712,-0.102953814,0.08858817,9.816526
17.749,-0.12210801,0.08858817,9.8237095
17.791,-0.098165266,0.08140534,9.833286
17.811,-0.11971374,0.10774237,9.859624
17.850,-0.11253092,0.09337672,9.828498
17.890,-0.10774237,0.076616794,9.830893
17.910,-0.117319465,0.08619389,9.840469
17.949,-0.11492519,0.08619389,9.826104
17.990,-0.117319465,0.09577099,9.873989
18.011,-0.102953814,0.08858817,9.814133
18.046,-0.10774237,0.076616794,9.852441
18.086,-0.11013664,0.07901107,9.828498
18.125,-0.105348095,0.083799616,9.842864
18.145,-0.105348095,0.08619389,9.811738
18.185,-0.11253092,0.09577099,9.876384
18.223,-0.117319465,0.07901107,9.8237095
18.248,-0.117319465,0.08858817,9.835681
18.285,-0.117319465,0.076616794,9.811738
18.325,-0.102953814,0.105348095,9.850046
18.365,-0.12210801,0.09337672,9.840469
18.385,-0.12929083,0.083799616,9.833286
18.425,-0.11253092,0.076616794,9.864412
18.466,-0.11492519,0.076616794,9.826104
18.488,-0.11013664,0.07901107,9.833286
18.526,-0.10774237,0.090982445,9.893144
18.551,-0.11492519,0.098165266,9.826104
18.590,-0.11971374,0.09337672,9.830893
18.630,-0.11253092,0.08619389,9.873989
18.651,-0.102953814,0.11253092,9.852441
18.689,-0.10774237,0.06943397,9.830893
18.731,-0.10774237,0.07901107,9.840469
18.751,-0.117319465,0.090982445,9.845258
18.788,-0.12450229,0.098165266,9.821315
18.830,-0.12689656,0.098165266,9.857229
18.871,-0.11971374,0.083799616,9.826104
18.891,-0.12689656,0.083799616,9.866806
18.931,-0.12210801,0.08140534,9.840469
18.951,-0.11492519,0.07422252,9.859624
18.990,-0.11013664,0.076616794,9.840469
19.032,-0.11492519,0.083799616,9.830893
19.053,-0.117319465,0.08858817,9.828498
19.089,-0.117319465,0.102953814,9.859624
19.128,-0.11013664,0.07901107,9.859624
19.167,-0.105348095,0.105348095,9.818921
19.187,-0.12210801,0.08619389,9.838076
19.225,-0.10774237,0.08858817,9.842864
19.266,-0.11492519,0.08140534,9.852441
19.305,-0.105348095,0.08858817,9.850046
19.327,-0.117319465,0.090982445,9.864412
19.366,-0.11492519,0.08140534,9.876384
19.409,-0.105348095,0.11013664,9.811738
19.427,-0.102953814,0.08619389,9.826104
19.468,-0.09577099,0.08619389,9.876384
19.491,-0.11013664,0.098165266,9.826104
19.531,-0.08858817,0.09577099,9.799767
19.569,-0.12210801,0.10055954,9.838076
19.590,-0.09577099,0.076616794,9.862018
19.629,-0.1340794,0.098165266,9.8548355
19.670,-0.11013664,0.105348095,9.864412
19.709,-0.11013664,0.07422252,9.8237095
19.729,-0.11013664,0.08140534,9.862018
19.769,-0.10774237,0.07901107,9.821315
19.809,-0.10774237,0.10774237,9.850046
19.827,-0.11253092,0.09577099,9.833286
19.870,-0.10774237,0.10055954,9.8237095
19.909,-0.11013664,0.09577099,9.8237095
19.931,-0.11013664,0.10774237,9.847652
19.970,-0.105348095,0.083799616,9.838076
19.992,-0.11253092,0.07901107,9.830893
20.031,-0.10055954,0.076616794,9.775824
20.070,-0.10774237,0.102953814,9.864412
20.093,-0.12210801,0.090982445,9.828498
20.132,-0.11253092,0.10055954,9.718362
20.174,-0.117319465,0.07901107,9.859624
20.211,-0.10055954,0.090982445,9.840469
20.234,-0.11492519,0.08619389,9.830893
20.261,-0.11492519,0.09337672,9.826104
20.306,-0.11492519,0.11013664,9.859624
20.349,-0.11253092,0.06943397,9.835681
20.371,-0.11253092,0.10055954,9.845258
20.411,-0.09577099,0.09577099,9.830893
20.430,-0.09577099,0.10055954,9.8237095
20.472,-0.11492519,0.08140534,9.787795
20.509,-0.10055954,0.10055954,9.842864
20.532,-0.117319465,0.083799616,9.814133
20.567,-0.105348095,0.105348095,9.830893
20.609,-0.11253092,0.08858817,9.876384
20.652,-0.12450229,0.090982445,9.840469
20.668,-0.12450229,0.071828246,9.804555
20.712,-0.11253092,0.11253092,9.840469
20.751,-0.098165266,0.08140534,9.842864
20.771,-0.11013664,0.09337672,9.838076
20.811,-0.12450229,0.06943397,9.862018
20.849,-0.090982445,0.08619389,9.838076
20.868,-0.102953814,0.071828246,9.8548355
20.905,-0.12450229,0.08858817,9.830893
20.946,-0.10774237,0.11492519,9.838076
20.985,-0.11971374,0.07422252,9.811738
21.007,-0.11013664,0.10774237,9.883567
21.045,-0.11253092,0.09577099,9.838076
21.085,-0.105348095,0.090982445,9.8237095
21.105,-0.102953814,0.07422252,9.830893
21.145,-0.11013664,0.08619389,9.835681
21.188,-0.105348095,0.07901107,9.835681
21.208,-0.11492519,0.08140534,9.852441
21.237,-0.12929083,0.08858817,9.828498
21.269,-0.10774237,0.105348095,9.862018
21.308,-0.102953814,0.076616794,9.826104
21.349,-0.10055954,0.090982445,9.840469
21.370,-0.11253092,0.08619389,9.833286
21.413,-0.098165266,0.102953814,9.838076
21.453,-0.11971374,0.07901107,9.857229
21.473,-0.098165266,0.09337672,9.811738
21.513,-0.11492519,0.09337672,9.8548355
21.555,-0.102953814,0.07422252,9.833286
21.574,-0.105348095,0.090982445,9.857229
21.613,-0.12210801,0.090982445,9.830893
21.650,-0.102953814,0.090982445,9.869201
21.673,-0.11253092,0.098165266,9.816526
21.713,-0.10774237,0.098165266,9.852441
21.750,-0.12210801,0.09337672,9.830893
21.774,-0.102953814,0.07422252,9.859624
21.815,-0.12210801,0.07901107,9.835681
21.852,-0.105348095,0.090982445,9.830893
21.893,-0.105348095,0.071828246,9.835681
21.914,-0.10055954,0.090982445,9.835681
21.952,-0.102953814,0.09337672,9.850046
21.994,-0.105348095,0.10055954,9.838076
22.013,-0.102953814,0.09577099,9.840469
22.049,-0.11253092,0.10055954,9.838076
22.092,-0.11013664,0.08140534,9.838076
22.114,-0.117319465,0.09577099,9.811738
22.154,-0.117319465,0.07422252,9.838076
22.193,-0.117319465,0.08858817,9.833286
22.211,-0.102953814,0.083799616,9.859624
22.249,-0.10774237,0.08140534,9.8548355
22.289,-0.102953814,0.083799616,9.8548355
22.333,-0.11013664,0.0670397,9.840469
22.354,-0.105348095,0.09577099,9.840469
22.393,-0.11013664,0.07901107,9.840469
22.413,-0.09577099,0.076616794,9.850046
22.454,-0.09577099,0.08858817,9.833286
22.492,-0.12450229,0.09577099,9.842864
22.514,-0.102953814,0.083799616,9.830893
22.553,-0.105348095,0.098165266,9.8548355
22.594,-0.11492519,0.08858817,9.850046
22.636,-0.102953814,0.07901107,9.8548355
22.654,-0.102953814,0.08140534,9.818921
22.697,-0.11253092,0.08858817,9.847652
22.716,-0.11253092,0.07901107,9.826104
22.755,-0.12689656,0.08619389,9.871595
22.796,-0.105348095,0.0670397,9.840469
22.815,-0.102953814,0.083799616,9.8787775
22.854,-0.117319465,0.10055954,9.751882
22.893,-0.12210801,0.07422252,9.847652
22.931,-0.09577099,0.090982445,9.814133
22.956,-0.09577099,0.105348095,9.759064
22.998,-0.09577099,0.083799616,9.871595
23.035,-0.11492519,0.090982445,9.845258
23.054,-0.10774237,0.07422252,9.847652
23.093,-0.105348095,0.09577099,9.838076
23.131,-0.11492519,0.10055954,9.866806
23.154,-0.11013664,0.09577099,9.869201
23.191,-0.102953814,0.090982445,9.914692
23.234,-0.11971374,0.098165266,9.833286
23.252,-0.12210801,0.076616794,9.876384
23.289,-0.11253092,0.08619389,9.79019
23.329,-0.117319465,0.09337672,9.8787775
23.352,-0.11253092,0.071828246,9.833286
23.390,-0.10055954,0.09337672,9.821315
23.436,-0.105348095,0.076616794,9.852441
23.456,-0.105348095,0.09337672,9.857229
23.496,-0.102953814,0.08140534,9.830893
23.535,-0.105348095,0.07901107,9.835681
23.556,-0.105348095,0.07901107,9.828498
23.595,-0.102953814,0.09577099,9.8548355
23.633,-0.12210801,0.07422252,9.866806
23.669,-0.11492519,0.09577099,9.816526
23.691,-0.11013664,0.083799616,9.845258
23.732,-0.11253092,0.09337672,9.818921
23.776,-0.102953814,0.090982445,9.857229
23.791,-0.12689656,0.09337672,9.847652
23.831,-0.117319465,0.105348095,9.859624
23.874,-0.12929083,0.071828246,9.8548355
23.895,-0.10774237,0.08858817,9.859624
23.931,-0.102953814,0.06943397,9.840469
23.972,-0.11013664,0.076616794,9.80695
23.993,-0.117319465,0.105348095,9.840469
24.035,-0.11253092,0.090982445,9.857229
24.076,-0.09337672,0.0670397,9.833286
24.097,-0.12450229,0.083799616,9.871595
24.134,-0.117319465,0.083799616,9.842864
24.175,-0.11253092,0.08619389,9.838076
24.193,-0.105348095,0.07422252,9.8237095
24.241,-0.105348095,0.09337672,9.840469
24.260,-0.11492519,0.08140534,9.8548355
24.312,-0.11013664,0.076616794,9.833286
24.330,-0.11971374,0.07901107,9.8548355
24.371,-0.098165266,0.09337672,9.818921
24.415,-0.09577099,0.098165266,9.852441
24.434,-0.11492519,0.08858817,9.826104
24.478,-0.10774237,0.07901107,9.840469
24.495,-0.10774237,0.105348095,9.840469
24.535,-0.11971374,0.090982445,9.859624
24.578,-0.11253092,0.083799616,9.8237095
24.598,-0.117319465,0.090982445,9.840469
24.638,-0.11253092,0.083799616,9.835681
24.676,-0.12210801,0.07901107,9.857229
24.696,-0.102953814,0.083799616,9.814133
24.735,-0.090982445,0.10055954,9.866806
24.774,-0.11013664,0.083799616,9.838076
24.815,-0.12689656,0.10774237,9.835681
24.838,-0.117319465,0.0670397,9.826104
24.877,-0.105348095,0.083799616,9.814133
24.918,-0.15562786,0.12210801,9.122187
24.937,-0.08140534,0.12450229,9.727939
24.979,-0.11492519,0.047885496,9.814133
25.017,-0.117319465,0.102953814,9.850046
25.040,-0.10774237,0.09337672,9.850046
25.079,-0.11492519,0.102953814,9.840469
25.100,-0.12929083,0.08140534,9.838076
25.138,-0.11492519,0.117319465,9.881172
25.179,-0.11013664,0.0670397,9.8237095
25.217,-0.12210801,0.09337672,9.840469
25.239,-0.11253092,0.102953814,9.847652
25.274,-0.12450229,0.090982445,9.840469
25.313,-0.11253092,0.083799616,9.8548355
25.356,-0.11253092,0.07422252,9.821315
25.375,-0.11971374,0.10055954,9.8548355
25.419,-0.12689656,0.083799616,9.847652
25.456,-0.11253092,0.08858817,9.816526
25.480,-0.10055954,0.090982445,9.842864
25.522,-0.098165266,0.09337672,9.833286
25.542,-0.11971374,0.08140534,9.8237095
25.580,-0.10774237,0.08619389,9.838076
25.622,-0.11013664,0.07901107,9.869201
25.637,-0.11253092,0.102953814,9.816526
25.677,-0.11253092,0.071828246,9.826104
25.718,-0.117319465,0.07901107,9.847652
25.738,-0.11492519,0.08858817,9.8237095
25.779,-0.098165266,0.102953814,9.826104
25.817,-0.08858817,0.08858817,9.8548355
25.858,-0.105348095,0.090982445,9.8548355
25.880,-0.09337672,0.08858817,9.835681
25.916,-0.10055954,0.102953814,9.847652
25.958,-0.12210801,0.09577099,9.847652
25.975,-0.117319465,0.10055954,9.816526
26.014,-0.12210801,0.102953814,9.8548355
26.054,-0.10055954,0.083799616,9.835681
26.074,-0.105348095,0.09577099,9.864412
26.113,-0.11013664,0.08619389,9.811738
26.154,-0.11253092,0.105348095,9.866806
26.175,-0.105348095,0.08140534,9.80695
26.214,-0.11013664,0.10055954,9.857229
26.253,-0.11013664,0.08619389,9.840469
26.276,-0.102953814,0.090982445,9.864412
26.314,-0.11013664,0.071828246,9.840469
26.357,-0.102953814,0.07901107,9.794978
26.377,-0.12210801,0.07901107,9.826104
26.419,-0.11253092,0.083799616,9.811738
26.458,-0.102953814,0.08858817,9.869201
26.478,-0.105348095,0.10055954,9.826104
26.516,-0.10055954,0.08140534,9.840469
26.559,-0.12450229,0.08140534,9.914692
26.579,-0.10774237,0.08858817,9.857229
26.619,-0.1340794,0.105348095,9.830893
26.661,-0.12210801,0.10055954,9.857229
26.682,-0.10774237,0.090982445,9.842864
26.720,-0.105348095,0.071828246,9.857229
26.759,-0.11013664,0.11013664,9.847652
26.781,-0.11492519,0.08858817,9.828498
26.819,-0.098165266,0.083799616,9.830893
26.859,-0.098165266,0.11971374,9.840469
26.900,-0.11971374,0.083799616,9.873989
26.919,-0.105348095,0.07901107,9.826104
26.958,-0.11013664,0.08619389,9.850046
26.997,-0.09577099,0.09577099,9.821315
27.019,-0.11253092,0.08858817,9.842864
27.057,-0.11492519,0.102953814,9.845258
27.097,-0.102953814,0.0670397,9.873989
27.117,-0.105348095,0.08858817,9.845258
27.156,-0.102953814,0.098165266,9.847652
27.199,-0.11492519,0.083799616,9.840469
27.217,-0.08858817,0.08619389,9.828498
27.260,-0.11971374,0.09577099,9.838076
27.294,-0.12450229,0.08140534,9.862018
27.335,-0.10774237,0.08858817,9.828498
27.355,-0.11013664,0.083799616,9.838076
27.398,-0.10055954,0.090982445,9.816526
27.418,-0.12210801,0.076616794,9.862018
27.461,-0.11492519,0.09577099,9.845258
27.500,-0.10774237,0.090982445,9.830893
27.520,-0.117319465,0.09577099,9.792584
27.559,-0.102953814,0.102953814,9.90272
27.599,-0.117319465,0.03351985,9.747093
27.620,-0.12450229,0.10774237,9.938635
27.658,-0.105348095,0.05506832,9.787795
27.700,-0.10055954,0.12689656,9.883567
27.740,-0.14844504,0.07901107,9.8548355
27.757,-0.12450229,0.11492519,9.847652
27.800,-0.13647367,0.05027977,9.840469
27.840,-0.083799616,0.090982445,9.732727
27.861,-0.117319465,0.102953814,9.941029
27.900,-0.10774237,0.038308397,9.833286
27.937,-0.10774237,0.076616794,9.8548355
27.956,-0.11013664,0.07422252,9.799767
27.997,-0.10055954,0.10055954,9.847652
28.042,-0.13647367,0.083799616,9.818921
28.063,-0.098165266,0.08619389,9.842864
28.099,-0.12450229,0.08619389,9.859624
28.140,-0.09337672,0.11492519,9.842864
28.160,-0.12689656,0.08858817,9.828498
28.200,-0.102953814,0.08858817,9.895537
28.244,-0.11971374,0.08619389,9.835681
28.264,-0.11253092,0.08140534,9.838076
28.296,-0.11013664,0.08858817,9.845258
28.337,-0.11013664,0.09577099,9.8548355
28.359,-0.117319465,0.098165266,9.842864
28.399,-0.1340794,0.083799616,9.828498
28.439,-0.105348095,0.09337672,9.852441
28.462,-0.11971374,0.08858817,9.830893
28.500,-0.098165266,0.090982445,9.830893
28.540,-0.11253092,0.08619389,9.828498
28.560,-0.11971374,0.076616794,9.814133
28.600,-0.117319465,0.09337672,9.830893
28.642,-0.11013664,0.08858817,9.8548355
28.682,-0.11971374,0.090982445,9.840469
28.703,-0.11492519,0.076616794,9.828498
28.740,-0.12210801,0.08858817,9.840469
28.763,-0.11971374,0.08619389,9.821315
28.801,-0.11971374,0.102953814,9.840469
28.838,-0.11013664,0.08858817,9.8548355
28.880,-0.12689656,0.0670397,9.830893
28.901,-0.117319465,0.090982445,9.857229
28.940,-0.11253092,0.076616794,9.830893
28.980,-0.11253092,0.09337672,9.830893
29.000,-0.11253092,0.09337672,9.845258
29.041,-0.10774237,0.08858817,9.833286
29.083,-0.117319465,0.09337672,9.840469
29.102,-0.11492519,0.083799616,9.847652
29.144,-0.12210801,0.06943397,9.828498
29.184,-0.11492519,0.08619389,9.852441
29.203,-0.098165266,0.0670397,9.814133
29.241,-0.10774237,0.083799616,9.816526
29.279,-0.13168511,0.083799616,9.850046
29.319,-0.11971374,0.08619389,9.826104
29.339,-0.11971374,0.07901107,9.862018
29.379,-0.12929083,0.07901107,9.845258
29.419,-0.11971374,0.09577099,9.859624
29.438,-0.11971374,0.08858817,9.816526
29.480,-0.11013664,0.08619389,9.871595
29.503,-0.11013664,0.06943397,9.826104
29.543,-0.11492519,0.090982445,9.857229
29.581,-0.10774237,0.098165266,9.842864
29.602,-0.11492519,0.07901107,9.852441
29.642,-0.11013664,0.07422252,9.845258
29.684,-0.10055954,0.11013664,9.830893
29.704,-0.10774237,0.098165266,9.842864
29.743,-0.098165266,0.09337672,9.842864
29.787,-0.10774237,0.083799616,9.8548355
29.806,-0.11013664,0.09337672,9.857229
29.842,-0.12689656,0.07422252,9.842864
29.882,-0.117319465,0.10055954,9.833286
29.905,-0.11971374,0.08619389,9.833286
29.943,-0.11492519,0.09337672,9.850046
29.984,-0.10774237,0.08140534,9.842864
30.022,-0.11971374,0.09337672,9.828498
30.043,-0.12689656,0.07422252,9.859624
30.085,-0.11492519,0.090982445,9.828498
30.124,-0.10774237,0.07901107,9.873989
30.145,-0.11013664,0.09337672,9.833286
30.185,-0.11971374,0.07901107,9.862018
30.225,-0.10774237,0.0670397,9.842864
30.240,-0.11013664,0.071828246,9.866806
30.279,-0.10055954,0.07901107,9.838076
30.321,-0.102953814,0.08619389,9.840469
30.341,-0.105348095,0.09577099,9.814133
30.383,-0.11492519,0.09337672,9.838076
30.422,-0.12210801,0.071828246,9.8548355
30.445,-0.11013664,0.083799616,9.857229
30.485,-0.105348095,0.08858817,9.8237095
30.525,-0.12689656,0.08858817,9.842864
30.545,-0.117319465,0.076616794,9.830893
30.587,-0.12929083,0.076616794,9.830893
30.628,-0.102953814,0.07901107,9.833286
30.647,-0.102953814,0.08619389,9.821315
30.688,-0.11013664,0.07901107,9.862018
30.725,-0.11013664,0.08619389,9.811738
30.748,-0.11253092,0.07901107,9.842864
30.786,-0.098165266,0.08140534,9.838076
30.825,-0.11971374,0.08619389,9.945818
30.849,-0.090982445,0.09577099,9.816526
30.887,-0.11971374,0.07422252,9.842864
30.928,-0.08619389,0.08858817,9.780613
30.950,-0.11971374,0.08140534,9.842864
30.987,-0.10774237,0.076616794,9.799767
31.024,-0.11013664,0.08619389,9.857229
31.062,-0.117319465,0.071828246,9.818921
31.082,-0.11492519,0.08858817,9.852441
31.122,-0.102953814,0.08619389,9.816526
31.162,-0.117319465,0.09337672,9.828498
31.182,-0.11253092,0.083799616,9.830893
31.223,-0.098165266,0.11013664,9.833286
31.263,-0.098165266,0.071828246,9.842864
31.284,-0.102953814,0.090982445,9.847652
31.323,-0.11013664,0.08858817,9.852441
31.362,-0.102953814,0.098165266,9.833286
31.385,-0.13168511,0.076616794,9.826104
31.425,-0.11253092,0.102953814,9.850046
31.465,-0.11492519,0.098165266,9.850046
31.486,-0.098165266,0.09337672,9.864412
31.527,-0.11253092,0.09577099,9.842864
31.567,-0.11492519,0.076616794,9.859624
31.588,-0.11013664,0.09337672,9.857229
31.628,-0.11971374,0.102953814,9.830893
31.669,-0.102953814,0.10055954,9.847652
31.687,-0.10774237,0.08140534,9.850046
31.727,-0.10774237,0.08619389,9.852441
31.768,-0.105348095,0.08619389,9.828498
31.788,-0.10774237,0.08140534,9.864412
31.829,-0.12210801,0.09337672,9.811738
31.867,-0.10055954,0.098165266,9.838076
31.887,-0.12210801,0.083799616,9.835681
31.928,-0.12929083,0.09577099,9.842864
31.966,-0.11971374,0.071828246,9.821315
31.989,-0.11013664,0.08619389,9.862018
32.027,-0.11492519,0.083799616,9.830893
32.068,-0.09577099,0.09337672,9.833286
32.106,-0.105348095,0.07901107,9.862018
32.126,-0.11492519,0.08619389,9.838076
32.167,-0.105348095,0.083799616,9.833286
32.209,-0.11971374,0.083799616,9.833286
32.227,-0.102953814,0.08858817,9.859624
32.264,-0.11013664,0.102953814,9.840469
32.304,-0.11492519,0.098165266,9.866806
32.324,-0.12210801,0.07422252,9.818921
32.364,-0.105348095,0.09337672,9.847652
32.403,-0.11971374,0.098165266,9.821315
32.426,-0.11013664,0.083799616,9.838076
32.468,-0.12689656,0.08858817,9.833286
32.509,-0.11971374,0.083799616,9.864412
32.529,-0.12929083,0.08140534,9.840469
32.569,-0.102953814,0.090982445,9.857229
32.608,-0.13168511,0.09577099,9.8237095
32.629,-0.117319465,0.09337672,9.840469
32.668,-0.11253092,0.08140534,9.809344
32.709,-0.117319465,0.10055954,9.845258
32.730,-0.11492519,0.06943397,9.828498
32.767,-0.105348095,0.11253092,9.838076
32.808,-0.11492519,0.08619389,9.8548355
32.828,-0.11492519,0.12450229,9.850046
32.868,-0.09577099,0.083799616,9.847652
32.910,-0.11253092,0.105348095,9.828498
32.930,-0.11492519,0.08858817,9.8237095
32.974,-0.11013664,0.08858817,9.833286
33.015,-0.11013664,0.09337672,9.850046
33.030,-0.11253092,0.10774237,9.850046
33.070,-0.102953814,0.090982445,9.845258
33.110,-0.11492519,0.076616794,9.840469
33.132,-0.10774237,0.076616794,9.840469
33.170,-0.117319465,0.09337672,9.842864
33.212,-0.105348095,0.08858817,9.847652
33.232,-0.12689656,0.08619389,9.835681
33.273,-0.10055954,0.10055954,9.857229
33.307,-0.117319465,0.08858817,9.838076
33.347,-0.102953814,0.105348095,9.842864
33.367,-0.11492519,0.08619389,9.828498
33.410,-0.11013664,0.08140534,9.847652
33.450,-0.117319465,0.08858817,9.840469
33.470,-0.10774237,0.09577099,9.842864
33.512,-0.105348095,0.08858817,9.873989
33.533,-0.12689656,0.09337672,9.840469
33.572,-0.11253092,0.09337672,9.835681
33.613,-0.105348095,0.08619389,9.838076
33.634,-0.098165266,0.09337672,9.818921
33.673,-0.105348095,0.08858817,9.830893
33.712,-0.10774237,0.09577099,9.840469
33.753,-0.098165266,0.06464542,9.850046
33.772,-0.105348095,0.083799616,9.840469
33.812,-0.11013664,0.07901107,9.838076
33.852,-0.098165266,0.10774237,9.869201
33.874,-0.11492519,0.102953814,9.842864
33.909,-0.11013664,0.08858817,9.8548355
33.952,-0.105348095,0.08619389,9.821315
33.971,-0.105348095,0.07422252,9.857229
34.014,-0.105348095,0.08140534,9.845258
34.054,-0.10774237,0.09577099,9.840469
34.092,-0.11253092,0.08619389,9.852441
34.111,-0.11492519,0.098165266,9.838076
34.153,-0.11013664,0.076616794,9.8237095
34.191,-0.117319465,0.08858817,9.859624
34.210,-0.11492519,0.102953814,9.828498
34.255,-0.11492519,0.08140534,9.821315
34.288,-0.11971374,0.08619389,9.850046
34.309,-0.12210801,0.13886794,9.73991
34.349,-0.102953814,0.10055954,9.864412
34.389,-0.11253092,0.08858817,9.842864
34.411,-0.10055954,0.10055954,9.850046
34.447,-0.11013664,0.098165266,9.842864
34.487,-0.11492519,0.09577099,9.873989
34.510,-0.10774237,0.08619389,9.835681
34.548,-0.105348095,0.09577099,9.8548355
34.593,-0.105348095,0.083799616,9.833286
34.615,-0.117319465,0.09337672,9.833286
34.652,-0.10774237,0.09337672,9.835681
34.690,-0.098165266,0.102953814,9.828498
34.712,-0.10774237,0.07901107,9.828498
34.755,-0.105348095,0.08858817,9.8548355
34.790,-0.09577099,0.09337672,9.818921
34.810,-0.11971374,0.08619389,9.876384
34.850,-0.11492519,0.076616794,9.828498
34.892,-0.11971374,0.090982445,9.830893
34.931,-0.105348095,0.06943397,9.859624
34.953,-0.090982445,0.09577099,9.847652
34.992,-0.10774237,0.08858817,9.840469
35.013,-0.11492519,0.083799616,9.830893
35.052,-0.105348095,0.07422252,9.852441
35.094,-0.102953814,0.083799616,9.840469
35.113,-0.12210801,0.090982445,9.8237095
35.154,-0.11013664,0.102953814,9.840469
35.194,-0.090982445,0.083799616,9.852441
35.234,-0.11253092,0.083799616,9.840469
35.250,-0.11013664,0.10055954,9.847652
35.287,-0.10774237,0.083799616,9.845258
35.329,-0.10055954,0.08619389,9.840469
35.349,-0.11253092,0.08140534,9.8237095
35.389,-0.11971374,0.105348095,9.873989
35.430,-0.11013664,0.076616794,9.8237095
35.469,-0.098165266,0.09337672,9.833286
35.490,-0.13168511,0.05985687,9.859624
35.530,-0.10774237,0.09337672,9.857229
35.554,-0.117319465,0.076616794,9.840469
35.589,-0.11971374,0.09337672,9.826104
35.632,-0.12210801,0.07901107,9.857229
35.650,-0.102953814,0.09577099,9.842864
35.691,-0.102953814,0.08619389,9.830893
35.731,-0.10055954,0.105348095,9.835681
35.752,-0.11253092,0.090982445,9.847652
35.794,-0.117319465,0.098165266,9.852441
35.832,-0.117319465,0.08858817,9.842864
35.854,-0.12450229,0.08858817,9.835681
35.892,-0.11492519,0.09337672,9.840469
35.929,-0.12689656,0.076616794,9.850046
35.973,-0.11971374,0.09337672,9.833286
35.991,-0.11013664,0.09577099,9.833286
36.032,-0.09577099,0.08858817,9.871595
36.073,-0.105348095,0.07422252,9.838076
36.092,-0.098165266,0.09577099,9.8548355
36.129,-0.11971374,0.07422252,9.814133
36.168,-0.12450229,0.102953814,9.838076
36.190,-0.11492519,0.08140534,9.847652
36.228,-0.11492519,0.09577099,9.842864
36.269,-0.12450229,0.06943397,9.842864
36.288,-0.105348095,0.10055954,9.857229
36.328,-0.13168511,0.07422252,9.818921
36.368,-0.102953814,0.07901107,9.840469
36.407,-0.10774237,0.07901107,9.871595
36.427,-0.105348095,0.090982445,9.838076
36.469,-0.117319465,0.07901107,9.859624
36.513,-0.117319465,0.083799616,9.840469
36.535,-0.105348095,0.083799616,9.850046
36.572,-0.11253092,0.071828246,9.835681
36.591,-0.102953814,0.090982445,9.842864
36.631,-0.12450229,0.08619389,9.828498
36.674,-0.09337672,0.08619389,9.8548355
36.695,-0.117319465,0.098165266,9.840469
36.733,-0.11013664,0.076616794,9.852441
36.773,-0.11013664,0.071828246,9.811738
36.792,-0.11971374,0.09337672,9.842864
36.833,-0.11253092,0.08619389,9.833286
36.872,-0.10774237,0.09577099,9.835681
36.893,-0.1340794,0.098165266,9.840469
36.931,-0.117319465,0.08619389,9.850046
36.969,-0.10774237,0.090982445,9.8237095
37.008,-0.10055954,0.10774237,9.833286
37.048,-0.10774237,0.083799616,9.857229
37.069,-0.102953814,0.11013664,9.8548355
37.109,-0.102953814,0.083799616,9.866806
37.129,-0.10774237,0.09577099,9.8237095
37.173,-0.11492519,0.090982445,9.864412
37.210,-0.102953814,0.08140534,9.811738
37.233,-0.11253092,0.07901107,9.804555
37.268,-0.08140534,0.102953814,9.802161
37.308,-0.11492519,0.098165266,9.873989
37.350,-0.11492519,0.08619389,9.830893
37.371,-0.117319465,0.07422252,9.869201
37.413,-0.105348095,0.076616794,9.802161
37.431,-0.09337672,0.06943397,9.847652
37.471,-0.11013664,0.07901107,9.835681
37.510,-0.117319465,0.09577099,9.8548355
37.533,-0.105348095,0.07901107,9.828498
37.570,-0.117319465,0.09577099,9.859624
37.609,-0.105348095,0.0670397,9.821315
37.649,-0.10774237,0.11253092,9.830893
37.669,-0.11492519,0.08858817,9.835681
37.711,-0.098165266,0.098165266,9.833286
37.751,-0.098165266,0.08619389,9.850046
37.771,-0.11253092,0.11253092,9.850046
37.810,-0.11013664,0.08140534,9.8548355
37.834,-0.10055954,0.08619389,9.838076
37.870,-0.11013664,0.08140534,9.835681
37.913,-0.105348095,0.10774237,9.809344
37.953,-0.11492519,0.076616794,9.857229
37.973,-0.10774237,0.10774237,9.833286
38.014,-0.11492519,0.07422252,9.873989
38.052,-0.12929083,0.08140534,9.852441
38.072,-0.10774237,0.07901107,9.840469
38.111,-0.117319465,0.105348095,9.845258
38.154,-0.10055954,0.08858817,9.857229
38.172,-0.11253092,0.098165266,9.804555
38.213,-0.102953814,0.06464542,9.864412
38.254,-0.10055954,0.076616794,9.826104
38.271,-0.105348095,0.07901107,9.866806
38.309,-0.11492519,0.08140534,9.814133
38.351,-0.11253092,0.11013664,9.835681
38.390,-0.12689656,0.062251143,9.835681
38.410,-0.10774237,0.098165266,9.8787775
38.450,-0.105348095,0.090982445,9.873989
38.491,-0.11013664,0.090982445,9.833286
38.510,-0.12450229,0.08619389,9.850046
38.552,-0.102953814,0.09337672,9.857229
38.592,-0.11971374,0.08858817,9.842864
38.613,-0.10055954,0.098165266,9.840469
38.652,-0.12689656,0.090982445,9.857229
38.692,-0.12929083,0.08619389,9.852441
38.712,-0.11253092,0.08140534,9.862018
38.751,-0.11492519,0.07901107,9.830893
38.794,-0.105348095,0.083799616,9.873989
38.813,-0.11492519,0.08858817,9.835681
38.854,-0.11013664,0.09577099,9.852441
38.891,-0.10774237,0.083799616,9.838076
38.914,-0.10055954,0.08140534,9.845258
38.952,-0.11013664,0.08140534,9.835681
38.994,-0.10055954,0.09337672,9.845258
39.015,-0.117319465,0.090982445,9.835681
39.054,-0.11971374,0.105348095,9.842864
39.095,-0.10774237,0.07422252,9.835681
39.116,-0.12929083,0.09337672,9.8548355
39.156,-0.12689656,0.090982445,9.816526
39.196,-0.11492519,0.10055954,9.826104
39.219,-0.10774237,0.09337672,9.816526
39.257,-0.11971374,0.07901107,9.8237095
39.289,-0.11013664,0.08858817,9.857229
39.329,-0.105348095,0.07901107,9.833286
39.350,-0.11253092,0.090982445,9.842864
39.392,-0.11013664,0.098165266,9.826104
39.431,-0.11492519,0.07901107,9.857229
39.452,-0.11253092,0.098165266,9.847652
39.498,-0.117319465,0.10774237,9.864412
39.515,-0.11492519,0.102953814,9.840469
39.550,-0.11492519,0.09577099,9.833286
39.591,-0.10055954,0.11013664,9.838076
39.630,-0.105348095,0.08858817,9.859624
39.651,-0.13168511,0.08858817,9.828498
39.691,-0.11492519,0.090982445,9.862018
39.731,-0.11253092,0.083799616,9.833286
39.752,-0.10774237,0.08140534,9.864412
39.792,-0.098165266,0.08140534,9.828498
39.832,-0.12929083,0.09577099,9.830893
39.852,-0.12210801,0.090982445,9.80695
39.894,-0.117319465,0.090982445,9.8548355
39.934,-0.11492519,0.083799616,9.864412
39.954,-0.11013664,0.10055954,9.833286
39.995,-0.117319465,0.08619389,9.828498
40.032,-0.090982445,0.08619389,9.838076
40.054,-0.105348095,0.06943397,9.826104
40.091,-0.105348095,0.08619389,9.838076
40.136,-0.117319465,0.076616794,9.842864
40.154,-0.10774237,0.08858817,9.826104
40.192,-0.12929083,0.08619389,9.8548355
40.231,-0.10774237,0.10055954,9.826104
40.263,-0.12210801,0.07901107,9.840469
40.289,-0.11492519,0.09577099,9.830893
40.329,-0.105348095,0.07901107,9.847652
40.372,-0.11492519,0.08619389,9.840469
40.389,-0.105348095,0.076616794,9.866806
40.429,-0.10055954,0.08858817,9.850046
40.473,-0.105348095,0.09337672,9.847652
40.494,-0.10774237,0.083799616,9.833286
40.535,-0.11013664,0.08140534,9.859624
40.573,-0.12929083,0.076616794,9.840469
40.596,-0.12210801,0.090982445,9.866806
40.636,-0.11253092,0.08140534,9.828498
40.657,-0.10774237,0.10055954,9.852441
40.692,-0.10774237,0.08619389,9.838076
40.734,-0.11013664,0.09337672,9.850046
40.772,-0.11492519,0.076616794,9.828498
40.791,-0.105348095,0.08140534,9.866806
40.833,-0.11253092,0.076616794,9.830893
40.874,-0.09337672,0.098165266,9.830893
40.893,-0.11971374,0.05985687,9.830893
40.933,-0.105348095,0.09337672,9.845258
40.971,-0.098165266,0.07901107,9.862018
40.994,-0.10055954,0.083799616,9.840469
41.032,-0.105348095,0.062251143,9.838076
41.075,-0.117319465,0.08619389,9.845258
41.112,-0.102953814,0.090982445,9.833286
41.132,-0.10774237,0.083799616,9.821315
41.173,-0.102953814,0.09337672,9.859624
41.211,-0.098165266,0.07901107,9.8237095
41.228,-0.12210801,0.07901107,9.862018
41.268,-0.105348095,0.09577099,9.830893
41.309,-0.11253092,0.08858817,9.850046
41.328,-0.117319465,0.083799616,9.830893
41.369,-0.12210801,0.090982445,9.852441
41.408,-0.105348095,0.08140534,9.842864
41.429,-0.117319465,0.09577099,9.857229
41.468,-0.11253092,0.08858817,9.828498
41.511,-0.12689656,0.102953814,9.828498
41.531,-0.12210801,0.08140534,9.840469
41.572,-0.12210801,0.08619389,9.845258
41.615,-0.09577099,0.08619389,9.857229
41.651,-0.105348095,0.08858817,9.842864
41.673,-0.098165266,0.07422252,9.852441
41.712,-0.117319465,0.083799616,9.842864
41.736,-0.117319465,0.06943397,9.821315
41.771,-0.11253092,0.08140534,9.840469
41.813,-0.12929083,0.08858817,9.8548355
41.853,-0.12929083,0.076616794,9.840469
41.872,-0.117319465,0.10055954,9.850046
41.915,-0.11013664,0.11253092,9.816526
41.934,-0.12929083,0.06943397,9.866806
41.971,-0.11971374,0.062251143,9.828498
42.011,-0.12210801,0.090982445,9.833286
42.052,-0.11013664,0.090982445,9.814133
42.070,-0.09577099,0.090982445,9.864412
42.113,-0.12210801,0.07422252,9.814133
42.153,-0.11013664,0.09337672,9.838076
42.171,-0.11971374,0.05985687,9.838076
42.212,-0.11253092,0.08619389,9.835681
42.250,-0.10055954,0.083799616,9.857229
42.269,-0.12210801,0.09577099,9.850046
42.306,-0.12450229,0.06943397,9.826104
42.348,-0.11013664,0.08619389,9.8237095
42.371,-0.10055954,0.0670397,9.830893
42.410,-0.11492519,0.09577099,9.811738
42.450,-0.11971374,0.10055954,9.852441
42.490,-0.11253092,0.098165266,9.838076
42.512,-0.105348095,0.08140534,9.866806
42.555,-0.11971374,0.08619389,9.840469
42.575,-0.12929083,0.06464542,9.830893
42.615,-0.10055954,0.09577099,9.816526
42.655,-0.11253092,0.08858817,9.838076
42.674,-0.11971374,0.09577099,9.830893
42.711,-0.10774237,0.09337672,9.881172
42.754,-0.12689656,0.08858817,9.814133
42.774,-0.11253092,0.06943397,9.8548355
42.812,-0.11492519,0.098165266,9.830893
42.850,-0.11492519,0.08858817,9.8548355
42.894,-0.10774237,0.102953814,9.876384
42.914,-0.102953814,0.07901107,9.869201
42.955,-0.102953814,0.08858817,9.821315
42.994,-0.11492519,0.07901107,9.852441
43.015,-0.105348095,0.076616794,9.816526
43.053,-0.11492519,0.076616794,9.850046
43.094,-0.11013664,0.07901107,9.857229
43.113,-0.11253092,0.08858817,9.840469
43.154,-0.11492519,0.08140534,9.852441
43.192,-0.11253092,0.11492519,9.732727
43.210,-0.12210801,0.06943397,9.759064
43.249,-0.12210801,0.08140534,9.835681
43.289,-0.11492519,0.08140534,9.816526
43.329,-0.1340794,0.09337672,9.866806
43.350,-0.090982445,0.083799616,9.847652
43.391,-0.11492519,0.083799616,9.869201
43.412,-0.11013664,0.076616794,9.8548355
43.450,-0.12210801,0.10774237,9.811738
43.495,-0.117319465,0.090982445,9.885961
43.515,-0.102953814,0.098165266,9.826104
43.552,-0.102953814,0.083799616,9.850046
43.590,-0.09337672,0.090982445,9.8237095
43.633,-0.117319465,0.102953814,9.8548355
43.654,-0.11971374,0.10774237,9.8237095
43.694,-0.10055954,0.083799616,9.852441
43.714,-0.11492519,0.083799616,9.857229
43.755,-0.105348095,0.090982445,9.845258
43.795,-0.11971374,0.06943397,9.814133
43.835,-0.105348095,0.09337672,9.830893
43.855,-0.11253092,0.102953814,9.838076
43.896,-0.090982445,0.09337672,9.840469
43.918,-0.105348095,0.08140534,9.838076
43.956,-0.11013664,0.08858817,9.852441
43.996,-0.117319465,0.098165266,9.850046
44.016,-0.12689656,0.10055954,9.838076
44.057,-0.11013664,0.08140534,9.833286
44.097,-0.117319465,0.08858817,9.8237095
44.136,-0.11253092,0.090982445,9.869201
44.154,-0.10774237,0.09337672,9.8237095
44.199,-0.11492519,0.08858817,9.8787775
44.235,-0.09577099,0.07901107,9.828498
44.254,-0.11492519,0.08140534,9.857229
44.289,-0.117319465,0.08619389,9.833286
44.329,-0.11013664,0.08619389,9.847652
44.352,-0.098165266,0.076616794,9.840469
44.394,-0.12689656,0.09577099,9.833286
44.432,-0.12210801,0.08858817,9.830893
44.457,-0.09337672,0.09337672,9.873989
44.495,-0.11492519,0.07901107,9.830893
44.534,-0.09337672,0.090982445,9.79019
44.556,-0.11492519,0.09337672,9.838076
44.596,-0.117319465,0.102953814,9.840469
44.630,-0.11013664,0.07901107,9.845258
44.671,-0.11253092,0.08619389,9.816526
44.691,-0.11492519,0.06464542,9.859624
44.732,-0.11971374,0.098165266,9.840469
44.772,-0.11971374,0.09337672,9.850046
44.792,-0.105348095,0.11253092,9.845258
44.832,-0.11971374,0.08858817,9.852441
44.874,-0.10774237,0.07422252,9.847652
44.895,-0.11013664,0.09337672,9.833286
44.933,-0.09577099,0.08858817,9.857229
44.974,-0.102953814,0.090982445,9.8548355
44.994,-0.098165266,0.08858817,9.818921
45.034,-0.11013664,0.083799616,9.862018
45.075,-0.12210801,0.07422252,9.833286
45.095,-0.117319465,0.09337672,9.852441
45.134,-0.12450229,0.071828246,9.80695
45.173,-0.098165266,0.08619389,9.847652
45.195,-0.10774237,0.08858817,9.8237095
45.236,-0.10774237,0.09337672,9.857229
45.271,-0.11253092,0.08140534,9.833286
45.311,-0.117319465,0.09337672,9.847652
45.333,-0.11013664,0.083799616,9.828498
45.374,-0.10055954,0.09337672,9.838076
45.416,-0.11971374,0.07901107,9.862018
45.438,-0.11492519,0.117319465,9.838076
45.472,-0.10774237,0.0670397,9.852441
45.513,-0.117319465,0.09577099,9.8237095
45.532,-0.10774237,0.06943397,9.845258
45.577,-0.10055954,0.07901107,9.838076
45.596,-0.11253092,0.07901107,9.845258
45.635,-0.117319465,0.11013664,9.828498
45.676,-0.105348095,0.09337672,9.881172
45.696,-0.11013664,0.090982445,9.8237095
45.735,-0.105348095,0.08858817,9.864412
45.775,-0.09577099,0.076616794,9.838076
45.815,-0.117319465,0.08140534,9.835681
45.835,-0.105348095,0.06464542,9.80695
45.876,-0.12450229,0.090982445,9.852441
45.917,-0.105348095,0.083799616,9.869201
45.935,-0.098165266,0.08140534,9.862018
45.973,-0.11013664,0.07901107,9.845258
46.014,-0.12450229,0.10774237,9.830893
46.034,-0.11013664,0.07901107,9.833286
46.076,-0.105348095,0.11013664,9.850046
46.114,-0.11013664,0.07901107,9.857229
46.133,-0.09577099,0.105348095,9.835681
46.173,-0.117319465,0.08140534,9.840469
46.213,-0.12689656,0.09337672,9.821315
46.234,-0.11253092,0.098165266,9.873989
46.270,-0.10774237,0.098165266,9.792584
46.310,-0.09337672,0.06464542,9.862018
46.350,-0.11253092,0.076616794,9.833286
46.370,-0.11492519,0.08858817,9.859624
46.410,-0.11013664,0.08140534,9.838076
46.450,-0.102953814,0.105348095,9.847652
46.471,-0.11013664,0.071828246,9.840469
46.510,-0.11492519,0.11492519,9.830893
46.550,-0.12450229,0.083799616,9.8548355
46.571,-0.11971374,0.09337672,9.866806
46.612,-0.13168511,0.076616794,9.866806
46.655,-0.10774237,0.08140534,9.811738
46.678,-0.1340794,0.083799616,9.816526
46.715,-0.105348095,0.10055954,9.828498
46.757,-0.117319465,0.08140534,9.871595
46.774,-0.10774237,0.098165266,9.852441
46.815,-0.12210801,0.0670397,9.873989
46.854,-0.12210801,0.08619389,9.8237095
46.874,-0.12210801,0.071828246,9.845258
46.914,-0.10055954,0.09337672,9.804555
46.956,-0.105348095,0.11253092,9.866806
46.974,-0.12210801,0.098165266,9.828498
47.017,-0.11253092,0.06943397,9.866806
47.058,-0.105348095,0.076616794,9.845258
47.078,-0.11971374,0.090982445,9.866806
47.114,-0.09577099,0.08140534,9.833286
47.155,-0.11492519,0.10055954,9.830893
47.195,-0.105348095,0.06943397,9.799767
47.213,-0.12210801,0.09577099,9.720756
47.259,-0.11492519,0.08619389,9.830893
47.291,-0.11492519,0.098165266,9.869201
47.314,-0.102953814,0.06943397,9.816526
47.352,-0.11253092,0.090982445,9.821315
47.394,-0.11013664,0.076616794,9.873989
47.419,-0.11492519,0.08619389,9.852441
47.458,-0.105348095,0.09337672,9.862018
47.497,-0.10774237,0.08619389,9.845258
47.518,-0.10055954,0.08140534,9.852441
47.557,-0.11253092,0.076616794,9.821315
47.598,-0.09577099,0.08858817,9.873989
47.617,-0.10055954,0.08619389,9.814133
47.656,-0.11013664,0.08858817,9.873989
47.679,-0.10774237,0.090982445,9.833286
47.716,-0.11253092,0.083799616,9.866806
47.758,-0.11971374,0.09577099,9.850046
47.796,-0.11013664,0.09337672,9.826104
47.815,-0.09577099,0.08619389,9.833286
47.855,-0.12210801,0.102953814,9.835681
47.895,-0.117319465,0.06943397,9.847652
47.916,-0.12210801,0.09577099,9.852441
47.954,-0.11492519,0.08140534,9.852441
47.998,-0.117319465,0.090982445,9.835681
48.019,-0.105348095,0.07422252,9.833286
48.058,-0.098165266,0.090982445,9.838076
48.097,-0.105348095,0.08858817,9.862018
48.137,-0.11253092,0.083799616,9.814133
48.154,-0.11492519,0.07422252,9.869201
48.195,-0.11971374,0.076616794,9.835681
48.235,-0.105348095,0.10055954,9.862018
48.256,-0.102953814,0.08858817,9.8237095
48.292,-0.12210801,0.08858817,9.862018
48.333,-0.11492519,0.076616794,9.818921
48.353,-0.11253092,0.076616794,9.862018
48.398,-0.12450229,0.08619389,9.830893
48.418,-0.12210801,0.07901107,9.869201
48.456,-0.10055954,0.08858817,9.814133
48.494,-0.11253092,0.08140534,9.830893
48.534,-0.12689656,0.08619389,9.862018
48.558,-0.102953814,0.08858817,9.842864
48.598,-0.11492519,0.098165266,9.859624
48.638,-0.12689656,0.076616794,9.826104
48.658,-0.105348095,0.08619389,9.850046
48.697,-0.11492519,0.07422252,9.864412
48.733,-0.10774237,0.0670397,9.826104
48.773,-0.10774237,0.09577099,9.809344
48.793,-0.10055954,0.09337672,9.859624
48.833,-0.09577099,0.05985687,9.802161
48.856,-0.11013664,0.083799616,9.866806
48.897,-0.12210801,0.09337672,9.830893
48.936,-0.11971374,0.08140534,9.859624
48.958,-0.09337672,0.105348095,9.852441
48.996,-0.11971374,0.07901107,9.888355
49.037,-0.12450229,0.071828246,9.8237095
49.056,-0.098165266,0.07901107,9.8787775
49.094,-0.102953814,0.06943397,9.826104
49.137,-0.11013664,0.090982445,9.830893
49.176,-0.105348095,0.07901107,9.8548355
49.195,-0.11492519,0.08140534,9.842864
49.236,-0.12450229,0.08858817,9.852441
49.261,-0.117319465,0.09337672,9.845258
49.292,-0.12689656,0.07901107,9.826104
49.333,-0.10774237,0.08858817,9.826104
49.373,-0.10055954,0.07901107,9.857229
49.397,-0.105348095,0.090982445,9.850046
49.437,-0.12689656,0.083799616,9.838076
49.479,-0.102953814,0.06943397,9.847652
49.499,-0.10055954,0.07901107,9.850046
49.538,-0.12450229,0.090982445,9.840469
49.577,-0.11253092,0.08619389,9.845258
49.595,-0.105348095,0.102953814,9.816526
49.634,-0.117319465,0.08858817,9.862018
49.676,-0.12689656,0.105348095,9.826104
49.697,-0.12450229,0.08858817,9.869201
49.732,-0.11253092,0.083799616,9.830893
49.772,-0.12929083,0.10055954,9.840469
49.812,-0.11492519,0.09577099,9.833286
49.833,-0.098165266,0.098165266,9.838076
49.873,-0.10774237,0.08619389,9.862018
49.898,-0.105348095,0.09577099,9.840469
49.934,-0.11013664,0.08858817,9.828498
49.977,-0.105348095,0.09577099,9.818921
50.018,-0.12450229,0.07901107,9.859624
50.037,-0.10774237,0.08619389,9.850046
50.077,-0.105348095,0.09577099,9.871595
50.117,-0.10055954,0.08858817,9.845258
50.138,-0.12210801,0.10055954,9.8548355
50.177,-0.10055954,0.083799616,9.847652
50.218,-0.098165266,0.09577099,9.835681
50.236,-0.102953814,0.08858817,9.811738
50.272,-0.09577099,0.102953814,9.876384
50.313,-0.10055954,0.08858817,9.814133
50.353,-0.10055954,0.08619389,9.850046
50.375,-0.11971374,0.07422252,9.833286
50.415,-0.090982445,0.08858817,9.857229
50.442,-0.12450229,0.102953814,9.842864
50.473,-0.11013664,0.07901107,9.852441
50.517,-0.102953814,0.08858817,9.838076
50.556,-0.11971374,0.08619389,9.818921
50.576,-0.10055954,0.06943397,9.840469
50.615,-0.10774237,0.098165266,9.840469
50.636,-0.105348095,0.08619389,9.847652
50.677,-0.098165266,0.09577099,9.828498
50.716,-0.12450229,0.09337672,9.852441
50.737,-0.11492519,0.09577099,9.840469
50.775,-0.11971374,0.090982445,9.842864
50.818,-0.10774237,0.09577099,9.821315
50.859,-0.105348095,0.09337672,9.8548355
50.877,-0.11492519,0.07422252,9.809344
50.915,-0.117319465,0.09337672,9.802161
50.956,-0.09577099,0.076616794,9.838076
50.978,-0.102953814,0.09337672,9.859624
51.018,-0.098165266,0.07901107,9.826104
51.039,-0.102953814,0.06943397,9.847652
51.078,-0.105348095,0.07901107,9.818921
51.115,-0.105348095,0.08619389,9.859624
51.158,-0.12929083,0.102953814,9.828498
51.178,-0.10774237,0.08619389,9.859624
51.217,-0.102953814,0.090982445,9.842864
51.257,-0.10774237,0.090982445,9.818921
51.275,-0.09577099,0.07422252,9.828498
51.313,-0.105348095,0.105348095,9.751882
51.355,-0.11971374,0.0670397,9.809344
51.375,-0.10055954,0.08140534,9.8787775
51.413,-0.11013664,0.090982445,9.876384
51.453,-0.11013664,0.09577099,9.838076
51.492,-0.12210801,0.09577099,9.835681
51.517,-0.117319465,0.08140534,9.852441
51.555,-0.11253092,0.09577099,9.873989
51.593,-0.117319465,0.06464542,9.814133
51.613,-0.11492519,0.08140534,9.864412
51.654,-0.11253092,0.098165266,9.830893
51.697,-0.11013664,0.10055954,9.850046
51.713,-0.117319465,0.09337672,9.830893
51.756,-0.117319465,0.07901107,9.828498
51.795,-0.11253092,0.071828246,9.845258
51.820,-0.117319465,0.083799616,9.845258
51.859,-0.102953814,0.071828246,9.828498
51.899,-0.11492519,0.102953814,9.792584
51.919,-0.105348095,0.062251143,9.816526
51.958,-0.10055954,0.090982445,9.830893
51.998,-0.11253092,0.08140534,9.845258
52.016,-0.11013664,0.10055954,9.833286
52.058,-0.12210801,0.076616794,9.862018
52.096,-0.11013664,0.08140534,9.833286
52.117,-0.102953814,0.08858817,9.821315
52.159,-0.11492519,0.09577099,9.847652
52.196,-0.13168511,0.071828246,9.835681
52.217,-0.117319465,0.098165266,9.826104
52.257,-0.11492519,0.09337672,9.857229
52.295,-0.11013664,0.06943397,9.826104
52.334,-0.102953814,0.08619389,9.830893
52.357,-0.117319465,0.06464542,9.838076
52.397,-0.11013664,0.08858817,9.830893
52.418,-0.12689656,0.076616794,9.830893
52.457,-0.10774237,0.09337672,9.842864
52.497,-0.11971374,0.076616794,9.842864
52.519,-0.11492519,0.105348095,9.845258
52.557,-0.11013664,0.07901107,9.811738
52.596,-0.117319465,0.08619389,9.840469
52.638,-0.11492519,0.07422252,9.869201
52.660,-0.105348095,0.098165266,9.838076
52.700,-0.117319465,0.071828246,9.859624
52.720,-0.12210801,0.076616794,9.830893
52.760,-0.105348095,0.07422252,9.850046
52.802,-0.10774237,0.10055954,9.814133
52.822,-0.11013664,0.08619389,9.835681
52.858,-0.105348095,0.09577099,9.826104
52.899,-0.12929083,0.090982445,9.869201
52.920,-0.10774237,0.10774237,9.828498
52.961,-0.11253092,0.076616794,9.859624
52.999,-0.11971374,0.0670397,9.826104
53.022,-0.11492519,0.090982445,9.859624
53.058,-0.11492519,0.09577099,9.850046
53.099,-0.10055954,0.09577099,9.828498
53.140,-0.12689656,0.09337672,9.842864
53.159,-0.10774237,0.08619389,9.869201
53.199,-0.13168511,0.083799616,9.838076
53.238,-0.12210801,0.105348095,9.838076
53.259,-0.117319465,0.083799616,9.835681
53.295,-0.11971374,0.105348095,9.830893
53.334,-0.10774237,0.09337672,9.852441
53.358,-0.098165266,0.102953814,9.833286
53.396,-0.11253092,0.07422252,9.850046
53.438,-0.117319465,0.10055954,9.835681
53.477,-0.09337672,0.10055954,9.850046
53.499,-0.11013664,0.098165266,9.811738
53.541,-0.098165266,0.09577099,9.847652
53.561,-0.11492519,0.08140534,9.838076
53.601,-0.12450229,0.07422252,9.857229
53.641,-0.11971374,0.08858817,9.799767
53.661,-0.11971374,0.09577099,9.864412
53.702,-0.12689656,0.076616794,9.8237095
53.741,-0.11253092,0.09577099,9.838076
53.781,-0.090982445,0.08140534,9.8548355
53.798,-0.11253092,0.090982445,9.8548355
53.841,-0.12929083,0.07422252,9.842864
53.882,-0.09577099,0.098165266,9.838076
53.903,-0.11971374,0.07901107,9.838076
53.941,-0.12689656,0.08619389,9.842864
53.980,-0.12210801,0.071828246,9.866806
54.003,-0.090982445,0.08858817,9.838076
54.040,-0.10774237,0.076616794,9.838076
54.080,-0.11492519,0.071828246,9.821315
54.100,-0.12450229,0.07901107,9.840469
54.139,-0.117319465,0.09337672,9.830893
54.180,-0.10774237,0.06943397,9.857229
54.198,-0.11492519,0.09577099,9.8237095
54.238,-0.11253092,0.090982445,9.850046
54.276,-0.102953814,0.08619389,9.838076
54.315,-0.11253092,0.090982445,9.821315
54.337,-0.11013664,0.07901107,9.818921
54.377,-0.11013664,0.09337672,9.869201
54.419,-0.117319465,0.062251143,9.842864
54.438,-0.11013664,0.08858817,9.859624
54.479,-0.105348095,0.07901107,9.8237095
54.501,-0.102953814,0.10055954,9.842864
54.542,-0.105348095,0.076616794,9.828498
54.581,-0.102953814,0.090982445,9.850046
54.600,-0.13647367,0.08858817,9.821315
54.641,-0.12450229,0.090982445,9.833286
54.681,-0.11253092,0.090982445,9.842864
54.701,-0.12210801,0.09577099,9.869201
54.741,-0.13168511,0.08140534,9.838076
54.780,-0.12210801,0.083799616,9.826104
54.818,-0.117319465,0.076616794,9.8548355
54.837,-0.10774237,0.102953814,9.835681
54.876,-0.105348095,0.07422252,9.857229
54.917,-0.11253092,0.08619389,9.835681
54.939,-0.11971374,0.057462595,9.814133
54.979,-0.105348095,0.08140534,9.852441
55.021,-0.12210801,0.08619389,9.864412
55.041,-0.10774237,0.083799616,9.835681
55.083,-0.11013664,0.10055954,9.871595
55.121,-0.11492519,0.07901107,9.821315
55.141,-0.12450229,0.090982445,9.859624
55.181,-0.105348095,0.08858817,9.8237095
55.222,-0.11492519,0.07901107,9.857229
55.242,-0.10774237,0.08140534,9.833286
55.275,-0.10774237,0.098165266,9.842864
55.318,-0.11492519,0.07901107,9.847652
55.358,-0.098165266,0.07901107,9.830893
55.378,-0.11253092,0.08140534,9.826104
55.419,-0.11013664,0.11013664,9.869201
55.459,-0.11013664,0.09577099,9.859624
55.482,-0.11253092,0.08619389,9.852441
55.520,-0.11971374,0.08619389,9.8237095
55.561,-0.105348095,0.08619389,9.835681
55.581,-0.102953814,0.09577099,9.8548355
55.623,-0.098165266,0.08858817,9.821315
55.664,-0.11971374,0.06943397,9.847652
55.684,-0.105348095,0.09337672,9.826104
55.724,-0.10774237,0.09337672,9.883567
55.761,-0.11971374,0.071828246,9.847652
55.782,-0.09337672,0.09577099,9.842864
55.823,-0.13168511,0.07422252,9.809344
55.846,-0.11253092,0.10055954,9.864412
55.886,-0.117319465,0.09337672,9.828498
55.923,-0.11013664,0.090982445,9.821315
55.946,-0.09577099,0.10055954,9.828498
55.985,-0.11253092,0.076616794,9.864412
56.024,-0.11253092,0.08858817,9.842864
56.063,-0.11013664,0.102953814,9.833286
56.082,-0.117319465,0.07901107,9.830893
56.122,-0.105348095,0.08140534,9.835681
56.165,-0.11013664,0.083799616,9.8548355
56.183,-0.11013664,0.098165266,9.845258
56.226,-0.11971374,0.07901107,9.842864
56.259,-0.12929083,0.08858817,9.833286
56.297,-0.098165266,0.08140534,9.852441
56.318,-0.11971374,0.08858817,9.818921
56.359,-0.11013664,0.105348095,9.862018
56.398,-0.11971374,0.08858817,9.826104
56.419,-0.11971374,0.076616794,9.852441
56.461,-0.117319465,0.090982445,9.840469
56.501,-0.12689656,0.10055954,9.828498
56.518,-0.11253092,0.08858817,9.842864
56.557,-0.10774237,0.10055954,9.859624
56.596,-0.11492519,0.076616794,9.835681
56.617,-0.10055954,0.08140534,9.864412
56.656,-0.117319465,0.076616794,9.830893
56.697,-0.098165266,0.09337672,9.809344
56.737,-0.105348095,0.062251143,9.8548355
56.758,-0.12689656,0.09577099,9.845258
56.799,-0.102953814,0.08619389,9.873989
56.820,-0.11013664,0.098165266,9.811738
56.859,-0.117319465,0.08619389,9.821315
56.901,-0.12929083,0.10055954,9.830893
56.922,-0.11492519,0.08619389,9.859624
56.961,-0.105348095,0.090982445,9.830893
57.000,-0.102953814,0.083799616,9.869201
57.022,-0.105348095,0.11971374,9.828498
57.062,-0.11492519,0.071828246,9.847652
57.102,-0.12929083,0.08140534,9.833286
57.121,-0.11971374,0.06943397,9.845258
57.164,-0.105348095,0.08140534,9.833286
57.200,-0.105348095,0.09337672,9.838076
57.224,-0.12210801,0.083799616,9.838076
57.261,-0.11253092,0.06943397,9.835681
57.299,-0.11013664,0.07901107,9.818921
57.340,-0.11253092,0.090982445,9.830893
57.359,-0.12210801,0.07901107,9.838076
57.404,-0.12450229,0.08858817,9.8237095
57.425,-0.10774237,0.090982445,9.847652
57.463,-0.11492519,0.09337672,9.845258
57.504,-0.117319465,0.071828246,9.840469
57.525,-0.12689656,0.09577099,9.838076
57.563,-0.11253092,0.071828246,9.847652
57.605,-0.11013664,0.09337672,9.840469
57.643,-0.11253092,0.102953814,9.857229
57.664,-0.11253092,0.083799616,9.828498
57.706,-0.102953814,0.07422252,9.852441
57.726,-0.105348095,0.08858817,9.840469
57.766,-0.117319465,0.062251143,9.847652
57.803,-0.09337672,0.08140534,9.857229
57.843,-0.11013664,0.10055954,9.850046
57.864,-0.11253092,0.09577099,9.818921
57.901,-0.12210801,0.11253092,9.850046
57.943,-0.11971374,0.08619389,9.862018
57.963,-0.12689656,0.07901107,9.847652
58.004,-0.102953814,0.08140534,9.842864
58.043,-0.10774237,0.090982445,9.845258
58.066,-0.117319465,0.08619389,9.842864
58.105,-0.12210801,0.08140534,9.833286
58.146,-0.11013664,0.09577099,9.830893
58.165,-0.12210801,0.09577099,9.857229
58.205,-0.12450229,0.07901107,9.862018
58.245,-0.11013664,0.090982445,9.828498
58.281,-0.11253092,0.102953814,9.869201
58.308,-0.10055954,0.09577099,9.80695
58.341,-0.11492519,0.076616794,9.857229
58.384,-0.117319465,0.07901107,9.826104
58.403,-0.1340794,0.062251143,9.857229
58.443,-0.11971374,0.090982445,9.845258
58.485,-0.12210801,0.102953814,9.852441
58.506,-0.11971374,0.07901107,9.842864
58.546,-0.10774237,0.08858817,9.838076
58.569,-0.10774237,0.076616794,9.8237095
58.609,-0.11492519,0.09577099,9.850046
58.647,-0.12689656,0.08140534,9.814133
58.669,-0.12450229,0.08140534,9.876384
58.707,-0.117319465,0.08858817,9.80695
58.747,-0.11492519,0.07422252,9.8548355
58.770,-0.09577099,0.07422252,9.833286
58.809,-0.10774237,0.090982445,9.821315
58.848,-0.11492519,0.062251143,9.847652
58.870,-0.12450229,0.10055954,9.830893
58.908,-0.11253092,0.08140534,9.828498
58.947,-0.11013664,0.102953814,9.811738
58.987,-0.11013664,0.08858817,9.862018
59.008,-0.11492519,0.10774237,9.838076
59.045,-0.10055954,0.083799616,9.866806
59.086,-0.117319465,0.083799616,9.847652
59.106,-0.11253092,0.08858817,9.842864
59.145,-0.12689656,0.07422252,9.838076
59.186,-0.11013664,0.09337672,9.835681
59.205,-0.10055954,0.07901107,9.833286
59.243,-0.12210801,0.08858817,9.850046
59.281,-0.11013664,0.08858817,9.835681
59.322,-0.105348095,0.10774237,9.818921
59.343,-0.12450229,0.07901107,9.847652
59.387,-0.105348095,0.083799616,9.842864
59.424,-0.12210801,0.083799616,9.862018
59.448,-0.11013664,0.10055954,9.8237095
59.486,-0.11492519,0.076616794,9.850046
59.508,-0.102953814,0.098165266,9.838076
59.547,-0.12929083,0.090982445,9.842864
59.587,-0.11492519,0.09337672,9.842864
59.624,-0.105348095,0.090982445,9.857229
59.647,-0.11253092,0.10055954,9.842864
59.685,-0.11492519,0.09577099,9.859624
59.727,-0.11971374,0.090982445,9.821315
59.748,-0.10055954,0.07901107,9.8548355
59.786,-0.11971374,0.07901107,9.830893
59.827,-0.11492519,0.083799616,9.830893
59.846,-0.09577099,0.08140534,9.826104
59.882,-0.105348095,0.083799616,9.852441
59.925,-0.1340794,0.08619389,9.838076
59.943,-0.11253092,0.11013664,9.833286
59.985,-0.076616794,0.07422252,9.859624
