userId,date,amPm,startInput,endInput,sleep,sleepProblem,dream,amCondition,amEmotion,pmEmotion,pmStress,pmFatigue,caffeine,cAmount(ml),alcohol,aAmount(ml)
user24,2020-08-29,am,2020-08-29 21:23,2020-08-29 21:23,4,0,3,3,4,,,,,,,
user24,2020-08-29,pm,2020-08-29 21:23,2020-08-29 21:23,,,,,,4,4,2,,,,
user24,2020-08-30,am,2020-08-30 7:41,2020-08-30 7:41,3,2,2,2,3,,,,,,,
user24,2020-08-30,pm,2020-08-30 22:43,2020-08-30 22:43,,,,,,4,5,2,coffee,200,,
user24,2020-08-31,am,2020-08-31 7:23,2020-08-31 7:24,3,2,2,3,3,,,,,,,
user24,2020-08-31,pm,2020-08-31 21:19,2020-08-31 21:19,,,,,,4,2,4,coffee,200,,
user24,2020-09-01,am,2020-09-01 6:20,2020-09-01 6:20,4,0,4,4,3,,,,,,,
user24,2020-09-01,pm,2020-09-01 21:45,2020-09-01 21:45,,,,,,5,4,3,coffee,150,,
user24,2020-09-02,am,2020-09-02 9:02,2020-09-02 9:02,4,0,4,2,4,,,,,,,
user24,2020-09-02,pm,2020-09-02 21:38,2020-09-02 21:39,,,,,,4,4,2,,,,
user24,2020-09-03,am,2020-09-03 7:33,2020-09-03 7:33,4,0,2,2,3,,,,,,,
user24,2020-09-03,pm,2020-09-03 22:08,2020-09-03 22:09,,,,,,3,2,2,coffee,200,,
user24,2020-09-04,am,2020-09-04 6:21,2020-09-04 6:22,3,0,2,2,3,,,,,,,
user24,2020-09-04,pm,2020-09-04 21:57,2020-09-04 21:58,,,,,,5,4,2,coffee,100,,
user24,2020-09-05,am,2020-09-05 12:08,2020-09-05 12:08,4,0,3,3,5,,,,,,,
user24,2020-09-05,pm,2020-09-05 23:40,2020-09-05 23:40,,,,,,5,5,2,,,,
user24,2020-09-06,am,2020-09-06 9:00,2020-09-06 9:00,4,0,2,2,3,,,,,,,
user24,2020-09-06,pm,2020-09-06 22:52,2020-09-06 22:52,,,,,,2,1,2,coffee,250,,
user24,2020-09-07,am,2020-09-07 6:38,2020-09-07 6:38,4,1,2,4,3,,,,,,,
user24,2020-09-07,pm,2020-09-07 22:07,2020-09-07 22:07,,,,,,4,2,2,coffee,200,,
user24,2020-09-08,am,2020-09-08 7:12,2020-09-08 7:13,4,0,4,1,4,,,,,,,
user24,2020-09-08,pm,2020-09-08 22:09,2020-09-08 22:10,,,,,,4,2,1,,,,
user24,2020-09-09,am,2020-09-09 8:20,2020-09-09 8:21,3,0,2,2,4,,,,,,,
user24,2020-09-09,pm,2020-09-09 21:18,2020-09-09 21:19,,,,,,3,3,1,,,,
user24,2020-09-10,am,2020-09-10 8:16,2020-09-10 8:16,4,0,4,3,4,,,,,,,
user24,2020-09-10,pm,2020-09-10 23:13,2020-09-10 23:14,,,,,,4,4,2,,,,
user24,2020-09-11,am,2020-09-11 7:01,2020-09-11 7:01,4,0,4,2,3,,,,,,,
user24,2020-09-11,pm,2020-09-11 22:09,2020-09-11 22:09,,,,,,5,2,3,coffee,150,,
user24,2020-09-12,am,2020-09-12 9:47,2020-09-12 9:47,3,5,2,2,4,,,,,,,
user24,2020-09-12,pm,2020-09-12 23:06,2020-09-12 23:06,,,,,,4,5,2,coffee,100,,
user24,2020-09-13,am,2020-09-13 17:05,2020-09-13 17:06,4,0,2,2,4,,,,,,,
user24,2020-09-13,pm,2020-09-14 0:13,2020-09-14 0:13,,,,,,5,2,2,,,,
user24,2020-09-14,am,2020-09-14 7:25,2020-09-14 7:25,4,0,2,2,3,,,,,,,
user24,2020-09-14,pm,2020-09-14 22:10,2020-09-14 22:13,,,,,,5,2,3,coffee,250,,
user24,2020-09-15,am,2020-09-15 20:10,2020-09-15 20:11,3,2,2,2,2,,,,,,,
user24,2020-09-15,pm,2020-09-15 20:10,2020-09-15 20:11,,,,,,3,2,2,,,,
user24,2020-09-16,am,2020-09-16 20:46,2020-09-16 20:46,4,0,2,3,4,,,,,,,
user24,2020-09-16,pm,2020-09-16 20:46,2020-09-16 20:46,,,,,,4,2,2,,,,
user24,2020-09-17,am,2020-09-17 21:02,2020-09-17 21:02,4,0,2,4,3,,,,,,,
user24,2020-09-17,pm,2020-09-17 21:02,2020-09-17 21:02,,,,,,3,2,1,coffee,150,,
user24,2020-09-18,am,2020-09-18 19:21,2020-09-18 19:22,3,0,2,1,3,,,,,,,
user24,2020-09-18,pm,2020-09-18 19:21,2020-09-18 19:22,,,,,,3,1,1,,,,
user24,2020-09-19,am,2020-09-19 18:44,2020-09-19 18:44,3,0,2,2,3,,,,,,,
user24,2020-09-19,pm,2020-09-19 18:44,2020-09-19 18:44,,,,,,3,4,1,,,,
user24,2020-09-20,am,2020-09-20 17:49,2020-09-20 17:49,4,0,2,3,4,,,,,,,
user24,2020-09-20,pm,2020-09-20 22:13,2020-09-20 22:14,,,,,,4,4,2,,,,
user24,2020-09-21,am,2020-09-21 19:53,2020-09-21 19:54,3,0,2,2,2,,,,,,,
user24,2020-09-21,pm,2020-09-21 19:53,2020-09-21 19:54,,,,,,4,1,3,coffee,100,,
user24,2020-09-22,am,2020-09-22 7:25,2020-09-22 7:26,4,2,2,2,3,,,,,,,
user24,2020-09-22,pm,2020-09-24 0:39,2020-09-24 0:39,,,,,,3,2,2,,,,
user24,2020-09-23,am,2020-09-23 11:50,2020-09-23 11:50,4,0,2,2,4,,,,,,,
user24,2020-09-23,pm,2020-09-23 23:52,2020-09-23 23:53,,,,,,2,1,2,coffee,200,,
user24,2020-09-24,am,2020-09-24 20:41,2020-09-24 20:41,3,0,2,2,3,,,,,,,
user24,2020-09-24,pm,2020-09-24 20:41,2020-09-24 20:41,,,,,,1,1,3,,,,
user24,2020-09-25,am,2020-09-25 23:13,2020-09-25 23:13,3,0,2,2,2,,,,,,,
user24,2020-09-25,pm,2020-09-25 23:13,2020-09-25 23:13,,,,,,4,2,4,coffee,100,,
user24,2020-09-26,am,2020-09-26 16:45,2020-09-26 16:45,4,0,2,4,3,,,,,,,
user24,2020-09-26,pm,2020-09-26 23:03,2020-09-26 23:03,,,,,,4,4,1,,,,
user24,2020-09-27,am,2020-09-27 18:38,2020-09-27 18:39,4,0,2,3,4,,,,,,,
user24,2020-09-27,pm,2020-09-27 18:38,2020-09-27 18:39,,,,,,3,4,1,coffee,100,,
user23,2020-08-31,am,2020-08-31 7:00,2020-08-31 7:01,4,1,2,3,4,,,,,,,
user23,2020-08-31,pm,2020-08-31 20:08,2020-08-31 20:08,,,,,,5,2,2,coffee,300,,
user23,2020-09-01,am,2020-09-01 7:25,2020-09-01 7:25,4,1,2,2,4,,,,,,,
user23,2020-09-01,pm,2020-09-01 20:21,2020-09-01 20:22,,,,,,5,3,3,coffee,250,,
user23,2020-09-02,am,2020-09-02 8:48,2020-09-02 8:48,2,1,4,3,4,,,,,,,
user23,2020-09-02,pm,2020-09-02 21:03,2020-09-02 21:03,,,,,,5,4,4,,,,
user23,2020-09-03,am,2020-09-03 8:27,2020-09-03 8:27,3,3,4,4,4,,,,,,,
user23,2020-09-03,pm,2020-09-03 22:36,2020-09-03 22:37,,,,,,5,5,5,,,,
user23,2020-09-04,am,2020-09-04 9:32,2020-09-04 9:33,4,1,2,4,4,,,,,,,
user23,2020-09-04,pm,2020-09-04 21:28,2020-09-04 21:28,,,,,,5,5,4,,,,
user23,2020-09-05,am,2020-09-05 10:02,2020-09-05 10:02,4,0,4,5,5,,,,,,,
user23,2020-09-05,pm,2020-09-05 21:09,2020-09-05 21:09,,,,,,5,2,3,,,,
user23,2020-09-06,am,2020-09-06 9:59,2020-09-06 9:59,4,0,2,4,5,,,,,,,
user23,2020-09-06,pm,2020-09-06 22:01,2020-09-06 22:02,,,,,,5,4,2,,,,
user23,2020-09-07,am,2020-09-07 7:05,2020-09-07 7:06,3,5,2,1,2,,,,,,,
user23,2020-09-07,pm,2020-09-07 20:23,2020-09-07 20:23,,,,,,5,4,2,,,,
user23,2020-09-08,am,2020-09-08 7:30,2020-09-08 7:31,3,8,2,2,4,,,,,,,
user23,2020-09-08,pm,2020-09-08 20:27,2020-09-08 20:27,,,,,,4,2,3,,,,
user23,2020-09-09,am,2020-09-09 7:47,2020-09-09 7:48,3,8,2,3,3,,,,,,,
user23,2020-09-09,pm,2020-09-09 20:58,2020-09-09 20:58,,,,,,4,2,3,,,,
user23,2020-09-10,am,2020-09-10 8:00,2020-09-10 8:01,2,7,2,1,1,,,,,,,
user23,2020-09-10,pm,2020-09-10 21:33,2020-09-10 21:33,,,,,,5,4,2,,,,
user23,2020-09-11,am,2020-09-11 8:21,2020-09-11 8:21,3,3,2,3,4,,,,,,,
user23,2020-09-11,pm,2020-09-11 20:36,2020-09-11 20:36,,,,,,5,4,2,,,,
user23,2020-09-12,am,2020-09-12 10:44,2020-09-12 10:44,4,0,2,4,4,,,,,,,
user23,2020-09-12,pm,2020-09-12 22:09,2020-09-12 22:09,,,,,,5,5,4,,,,
user23,2020-09-13,am,2020-09-13 9:31,2020-09-13 9:31,2,9,2,2,4,,,,,,,
user23,2020-09-13,pm,2020-09-13 21:41,2020-09-13 21:41,,,,,,5,5,2,,,,
user23,2020-09-14,am,2020-09-14 8:06,2020-09-14 8:07,4,9,2,4,4,,,,,,,
user23,2020-09-14,pm,2020-09-14 20:16,2020-09-14 20:16,,,,,,5,4,2,,,,
user23,2020-09-15,am,2020-09-15 8:16,2020-09-15 8:17,4,9,2,2,4,,,,,,,
user23,2020-09-15,pm,2020-09-15 20:01,2020-09-15 20:01,,,,,,5,2,3,,,,
user23,2020-09-16,am,2020-09-16 7:38,2020-09-16 7:38,4,9,2,2,3,,,,,,,
user23,2020-09-16,pm,2020-09-16 20:11,2020-09-16 20:11,,,,,,5,4,2,,,,
user23,2020-09-17,am,2020-09-17 8:05,2020-09-17 8:06,3,3,1,3,2,,,,,,,
user23,2020-09-17,pm,2020-09-17 21:33,2020-09-17 21:33,,,,,,5,4,3,,,,
user23,2020-09-18,am,2020-09-18 8:07,2020-09-18 8:07,3,9,2,4,3,,,,,,,
user23,2020-09-18,pm,2020-09-18 21:12,2020-09-18 21:13,,,,,,5,5,2,,,,
user23,2020-09-19,am,2020-09-19 10:29,2020-09-19 10:30,2,9,2,2,4,,,,,,,
user23,2020-09-19,pm,2020-09-19 23:04,2020-09-19 23:04,,,,,,5,5,4,,,,
user23,2020-09-20,am,2020-09-20 10:41,2020-09-20 10:41,4,9,2,4,5,,,,,,,
user23,2020-09-20,pm,2020-09-20 20:08,2020-09-20 20:08,,,,,,3,2,3,,,,
user23,2020-09-21,am,2020-09-21 8:18,2020-09-21 8:18,4,0,2,1,3,,,,,,,
user23,2020-09-21,pm,2020-09-21 20:14,2020-09-21 20:15,,,,,,5,3,2,,,,
user23,2020-09-22,am,2020-09-22 8:28,2020-09-22 8:28,3,0,2,2,3,,,,,,,
user23,2020-09-22,pm,2020-09-22 20:18,2020-09-22 20:18,,,,,,5,4,2,coffee,250,not specified,300
user23,2020-09-23,am,2020-09-23 8:13,2020-09-23 8:14,4,0,2,2,3,,,,,,,
user23,2020-09-23,pm,2020-09-23 21:11,2020-09-23 21:11,,,,,,5,4,2,,,,
user23,2020-09-24,am,2020-09-24 19:49,2020-09-24 19:50,3,1,2,3,3,,,,,,,
user23,2020-09-24,pm,2020-09-24 19:49,2020-09-24 19:50,,,,,,5,5,2,,,,
user23,2020-09-25,am,2020-09-25 8:02,2020-09-25 8:02,4,0,2,4,3,,,,,,,
user23,2020-09-25,pm,2020-09-25 21:09,2020-09-25 21:09,,,,,,1,1,1,,,,
user23,2020-09-26,am,2020-09-26 8:34,2020-09-26 8:34,1,0,2,3,4,,,,,,,
user23,2020-09-26,pm,2020-09-26 22:12,2020-09-26 22:12,,,,,,1,2,2,,,,
user23,2020-09-27,am,2020-09-27 8:32,2020-09-27 8:33,1,0,4,1,3,,,,,,,
user23,2020-09-27,pm,2020-09-27 20:32,2020-09-27 20:33,,,,,,5,5,4,,,,
user05,2020-08-31,am,2020-08-31 7:25,2020-08-31 7:25,4,0,4,4,4,,,,,,,
user05,2020-08-31,pm,2020-08-31 21:20,2020-08-31 21:20,,,,,,4,3,2,coffee,1000,,
user05,2020-09-01,am,2020-09-01 7:45,2020-09-01 7:45,2,2,4,2,3,,,,,,,
user05,2020-09-01,pm,2020-09-01 20:08,2020-09-01 20:08,,,,,,3,2,1,coffee,1000,,
user05,2020-09-02,am,2020-09-02 10:20,2020-09-02 10:20,2,9,4,2,3,,,,,,,
user05,2020-09-02,pm,2020-09-02 20:33,2020-09-02 20:34,,,,,,3,2,2,coffee,1000,,
user05,2020-09-03,am,2020-09-03 7:40,2020-09-03 7:40,4,0,4,4,4,,,,,,,
user05,2020-09-03,pm,2020-09-03 21:10,2020-09-03 21:10,,,,,,4,3,3,coffee,500,,
user05,2020-09-04,am,2020-09-04 7:45,2020-09-04 7:45,4,5,4,3,3,,,,,,,
user05,2020-09-04,pm,2020-09-04 21:27,2020-09-04 21:27,,,,,,4,4,2,coffee,1000,not specified,300
user05,2020-09-05,am,2020-09-05 9:03,2020-09-05 9:03,4,0,4,3,4,,,,,,,
user05,2020-09-05,pm,2020-09-05 20:34,2020-09-05 20:34,,,,,,4,4,2,coffee,1000,,
user05,2020-09-06,am,2020-09-06 8:39,2020-09-06 8:39,4,0,4,4,4,,,,,,,
user05,2020-09-06,pm,2020-09-06 20:00,2020-09-06 20:00,,,,,,4,2,2,coffee,500,,
user05,2020-09-07,am,2020-09-07 7:31,2020-09-07 7:31,3,0,2,4,4,,,,,,,
user05,2020-09-07,pm,2020-09-07 21:43,2020-09-07 21:43,,,,,,3,3,2,coffee,1000,,
user05,2020-09-08,am,2020-09-08 7:45,2020-09-08 7:46,3,2,2,3,3,,,,,,,
user05,2020-09-08,pm,2020-09-08 21:36,2020-09-08 21:37,,,,,,4,4,3,coffee,1000,,
user05,2020-09-09,am,2020-09-09 7:48,2020-09-09 7:48,3,1,4,3,3,,,,,,,
user05,2020-09-09,pm,2020-09-09 21:23,2020-09-09 21:24,,,,,,3,3,3,coffee,1000,,
user05,2020-09-10,am,2020-09-10 8:07,2020-09-10 8:07,3,0,2,4,3,,,,,,,
user05,2020-09-10,pm,2020-09-10 22:01,2020-09-10 22:01,,,,,,3,2,2,coffee,1000,,
user05,2020-09-11,am,2020-09-11 7:47,2020-09-11 7:47,2,1,2,2,3,,,,,,,
user05,2020-09-11,pm,2020-09-11 19:55,2020-09-11 19:55,,,,,,4,4,2,coffee,1000,not specified,500
user05,2020-09-12,am,2020-09-12 9:20,2020-09-12 9:20,1,2,4,1,2,,,,,,,
user05,2020-09-12,pm,2020-09-12 20:00,2020-09-12 20:00,,,,,,3,4,1,coffee,1000,,
user05,2020-09-13,am,2020-09-13 10:36,2020-09-13 10:36,4,0,4,4,4,,,,,,,
user05,2020-09-13,pm,2020-09-13 20:43,2020-09-13 20:43,,,,,,4,4,4,coffee,300,,
user05,2020-09-14,am,2020-09-14 7:33,2020-09-14 7:34,4,0,4,4,4,,,,,,,
user05,2020-09-14,pm,2020-09-14 21:07,2020-09-14 21:08,,,,,,3,3,3,coffee,1000,,
user05,2020-09-15,am,2020-09-15 7:51,2020-09-15 7:51,4,0,4,4,4,,,,,,,
user05,2020-09-15,pm,2020-09-15 21:32,2020-09-15 21:32,,,,,,4,4,4,coffee,1000,,
user05,2020-09-16,am,2020-09-16 7:48,2020-09-16 7:48,4,0,4,3,3,,,,,,,
user05,2020-09-16,pm,2020-09-16 21:50,2020-09-16 21:50,,,,,,4,2,3,coffee,1500,,
user05,2020-09-17,am,2020-09-17 8:59,2020-09-17 8:59,2,9,2,2,3,,,,,,,
user05,2020-09-17,pm,2020-09-17 21:16,2020-09-17 21:16,,,,,,4,4,4,coffee,1000,,
user05,2020-09-18,am,2020-09-18 8:39,2020-09-18 8:40,3,0,4,2,3,,,,,,,
user05,2020-09-18,pm,2020-09-18 22:00,2020-09-18 22:00,,,,,,3,3,3,coffee,1000,,
user05,2020-09-19,am,2020-09-19 9:53,2020-09-19 9:53,2,1,4,2,4,,,,,,,
user05,2020-09-19,pm,2020-09-19 20:00,2020-09-19 20:00,,,,,,3,4,2,coffee,500,not specified,300
user05,2020-09-20,am,2020-09-20 9:47,2020-09-20 9:47,3,0,1,3,3,,,,,,,
user05,2020-09-20,pm,2020-09-20 20:50,2020-09-20 20:50,,,,,,3,4,4,coffee,1000,,
user05,2020-09-21,am,2020-09-21 7:30,2020-09-21 7:30,3,0,4,3,3,,,,,,,
user05,2020-09-21,pm,2020-09-21 22:12,2020-09-21 22:12,,,,,,3,3,3,coffee,1000,not specified,1000
user05,2020-09-22,am,2020-09-22 8:53,2020-09-22 8:53,2,3,4,2,3,,,,,,,
user05,2020-09-22,pm,2020-09-22 20:03,2020-09-22 20:03,,,,,,3,3,2,coffee,1000,,
user05,2020-09-23,am,2020-09-23 8:44,2020-09-23 8:45,3,0,4,4,3,,,,,,,
user05,2020-09-23,pm,2020-09-23 21:15,2020-09-23 21:15,,,,,,4,4,3,coffee,1000,not specified,500
user05,2020-09-24,am,2020-09-24 7:53,2020-09-24 7:53,3,0,4,4,4,,,,,,,
user05,2020-09-24,pm,2020-09-24 22:41,2020-09-24 22:42,,,,,,2,2,2,coffee,1000,,
user05,2020-09-25,am,2020-09-25 8:56,2020-09-25 8:56,3,0,4,3,3,,,,,,,
user05,2020-09-25,pm,2020-09-25 21:11,2020-09-25 21:11,,,,,,4,3,3,coffee,750,,
user05,2020-09-26,am,2020-09-26 8:52,2020-09-26 8:52,3,2,4,3,3,,,,,,,
user05,2020-09-26,pm,2020-09-26 20:01,2020-09-26 20:02,,,,,,4,5,5,,,,
user05,2020-09-27,am,2020-09-27 7:31,2020-09-27 7:31,3,1,4,3,3,,,,,,,
user05,2020-09-27,pm,2020-09-27 20:30,2020-09-27 20:31,,,,,,3,2,2,coffee,1000,,
user04,2020-08-31,am,2020-08-31 7:10,2020-08-31 7:10,2,2,2,3,3,,,,,,,
user04,2020-08-31,pm,2020-08-31 21:37,2020-08-31 21:37,,,,,,4,2,2,,,,
user04,2020-09-01,am,2020-09-01 7:14,2020-09-01 7:15,2,2,2,2,3,,,,,,,
user04,2020-09-01,pm,2020-09-01 21:47,2020-09-01 21:47,,,,,,4,2,2,,,,
user04,2020-09-02,am,2020-09-02 8:00,2020-09-02 8:01,3,2,4,4,3,,,,,,,
user04,2020-09-02,pm,2020-09-02 22:49,2020-09-02 22:49,,,,,,4,3,4,,,,
user04,2020-09-03,am,2020-09-03 7:35,2020-09-03 7:36,2,7,1,3,3,,,,,,,
user04,2020-09-03,pm,2020-09-03 21:53,2020-09-03 21:53,,,,,,4,2,3,,,,
user04,2020-09-04,am,2020-09-04 8:55,2020-09-04 8:55,3,2,4,4,4,,,,,,,
user04,2020-09-04,pm,2020-09-04 22:00,2020-09-04 22:00,,,,,,4,4,4,,,,
user04,2020-09-05,am,2020-09-05 8:13,2020-09-05 8:13,4,3,2,4,4,,,,,,,
user04,2020-09-05,pm,2020-09-05 23:20,2020-09-05 23:20,,,,,,4,5,2,,,,
user04,2020-09-06,am,2020-09-06 8:19,2020-09-06 8:20,4,0,2,4,5,,,,,,,
user04,2020-09-06,pm,2020-09-06 21:05,2020-09-06 21:05,,,,,,4,5,4,,,,
user04,2020-09-07,am,2020-09-07 7:26,2020-09-07 7:27,4,0,4,4,4,,,,,,,
user04,2020-09-07,pm,2020-09-07 20:48,2020-09-07 20:48,,,,,,4,3,4,,,,
user04,2020-09-08,am,2020-09-08 8:56,2020-09-08 8:56,1,9,4,2,3,,,,,,,
user04,2020-09-08,pm,2020-09-08 21:26,2020-09-08 21:26,,,,,,4,2,1,,,,
user04,2020-09-09,am,2020-09-09 7:27,2020-09-09 7:27,4,0,4,2,3,,,,,,,
user04,2020-09-09,pm,2020-09-09 22:26,2020-09-09 22:26,,,,,,4,2,4,,,,
user04,2020-09-10,am,2020-09-10 7:49,2020-09-10 7:49,4,0,4,4,4,,,,,,,
user04,2020-09-10,pm,2020-09-10 21:15,2020-09-10 21:15,,,,,,4,2,2,,,,
user04,2020-09-11,am,2020-09-11 7:09,2020-09-11 7:09,4,2,2,2,4,,,,,,,
user04,2020-09-11,pm,2020-09-11 22:28,2020-09-11 22:28,,,,,,3,1,3,,,,
user04,2020-09-12,am,2020-09-12 6:18,2020-09-12 6:18,3,2,2,2,3,,,,,,,
user04,2020-09-12,pm,2020-09-12 22:55,2020-09-12 22:55,,,,,,4,5,4,,,,
user04,2020-09-13,am,2020-09-13 9:56,2020-09-13 9:56,4,0,2,4,4,,,,,,,
user04,2020-09-13,pm,2020-09-13 22:52,2020-09-13 22:52,,,,,,5,5,2,coffee,200,,
user04,2020-09-14,am,2020-09-14 7:08,2020-09-14 7:09,2,1,2,2,3,,,,,,,
user04,2020-09-14,pm,2020-09-14 21:50,2020-09-14 21:50,,,,,,4,4,2,,,,
user04,2020-09-15,am,2020-09-15 10:00,2020-09-15 10:01,4,2,2,2,3,,,,,,,
user04,2020-09-15,pm,2020-09-15 21:11,2020-09-15 21:11,,,,,,4,1,1,,,,
user04,2020-09-16,am,2020-09-16 8:07,2020-09-16 8:07,2,0,2,2,3,,,,,,,
user04,2020-09-16,pm,2020-09-16 23:13,2020-09-16 23:13,,,,,,4,2,1,,,,
user04,2020-09-17,am,2020-09-17 7:36,2020-09-17 7:36,4,0,2,2,3,,,,,,,
user04,2020-09-17,pm,2020-09-17 21:57,2020-09-17 21:57,,,,,,3,1,3,,,,
user04,2020-09-18,am,2020-09-18 7:59,2020-09-18 8:00,4,0,2,4,4,,,,,,,
user04,2020-09-18,pm,2020-09-18 21:57,2020-09-18 21:57,,,,,,4,2,2,,,,
user04,2020-09-19,am,2020-09-19 7:59,2020-09-19 7:59,4,0,2,2,3,,,,,,,
user04,2020-09-19,pm,2020-09-19 21:12,2020-09-19 21:12,,,,,,4,5,5,,,,
user04,2020-09-20,am,2020-09-20 10:50,2020-09-20 10:50,2,7,1,2,2,,,,,,,
user04,2020-09-20,pm,2020-09-20 22:47,2020-09-20 22:47,,,,,,4,5,5,,,,
user04,2020-09-21,am,2020-09-21 11:02,2020-09-21 11:02,3,0,2,4,4,,,,,,,
user04,2020-09-21,pm,2020-09-21 22:13,2020-09-21 22:13,,,,,,4,2,2,,,,
user04,2020-09-22,am,2020-09-22 7:18,2020-09-22 7:18,4,0,2,4,4,,,,,,,
user04,2020-09-22,pm,2020-09-22 21:57,2020-09-22 21:58,,,,,,4,1,2,,,,
user04,2020-09-23,am,2020-09-23 8:21,2020-09-23 8:21,4,2,2,3,3,,,,,,,
user04,2020-09-23,pm,2020-09-23 22:33,2020-09-23 22:34,,,,,,4,2,2,,,,
user04,2020-09-24,am,2020-09-24 7:31,2020-09-24 7:31,3,0,2,2,3,,,,,,,
user04,2020-09-24,pm,2020-09-24 21:35,2020-09-24 21:35,,,,,,3,2,1,,,,
user04,2020-09-25,am,2020-09-25 7:32,2020-09-25 7:33,4,0,2,4,4,,,,,,,
user04,2020-09-25,pm,2020-09-25 22:25,2020-09-25 22:25,,,,,,4,2,2,,,,
user04,2020-09-26,am,2020-09-26 9:23,2020-09-26 9:23,4,0,2,4,4,,,,,,,
user04,2020-09-26,pm,2020-09-26 22:30,2020-09-26 22:30,,,,,,4,4,2,,,,
user04,2020-09-27,am,2020-09-27 8:33,2020-09-27 8:33,4,0,2,4,4,,,,,,,
user04,2020-09-27,pm,2020-09-27 21:28,2020-09-27 21:28,,,,,,4,4,3,,,,
user12,2020-08-30,am,2020-08-30 19:29,2020-08-30 19:30,5,7,1,4,5,,,,,,,
user12,2020-08-30,pm,2020-08-30 19:29,2020-08-30 19:30,,,,,,4,4,4,coffee,200,soju,200
user12,2020-08-31,am,2020-08-31 6:38,2020-08-31 6:38,3,2,2,3,3,,,,,,,
user12,2020-08-31,pm,2020-08-31 22:56,2020-08-31 22:56,,,,,,3,4,3,coffee,300,soju,200
user12,2020-09-01,am,2020-09-01 7:27,2020-09-01 7:28,4,5,2,4,3,,,,,,,
user12,2020-09-01,pm,2020-09-01 22:13,2020-09-01 22:13,,,,,,3,3,3,coffee,200,beer,1000
user12,2020-09-02,am,2020-09-02 7:34,2020-09-02 7:35,2,2,2,2,3,,,,,,,
user12,2020-09-02,pm,2020-09-02 23:40,2020-09-02 23:40,,,,,,1,1,1,coffee,150,soju,200
user12,2020-09-03,am,2020-09-03 7:54,2020-09-03 7:54,3,2,2,2,2,,,,,,,
user12,2020-09-03,pm,2020-09-03 22:20,2020-09-03 22:20,,,,,,4,3,4,tea,300,beer,500
user12,2020-09-04,am,2020-09-04 7:35,2020-09-04 7:35,4,0,2,4,3,,,,,,,
user12,2020-09-04,pm,2020-09-04 23:40,2020-09-04 23:41,,,,,,4,2,4,coffee,250,soju,350
user12,2020-09-05,am,2020-09-05 13:06,2020-09-05 13:06,4,2,1,4,4,,,,,,,
user12,2020-09-05,pm,2020-09-05 22:21,2020-09-05 22:21,,,,,,5,5,4,,,soju,400
user12,2020-09-06,am,2020-09-06 12:44,2020-09-06 12:44,5,5,2,5,5,,,,,,,
user12,2020-09-06,pm,2020-09-06 23:44,2020-09-06 23:45,,,,,,5,5,2,,,,
user12,2020-09-07,am,2020-09-07 20:00,2020-09-07 20:02,5,5,2,2,4,,,,,,,
user12,2020-09-07,pm,2020-09-07 20:00,2020-09-07 20:02,,,,,,4,4,4,,,,
user12,2020-09-08,am,2020-09-08 17:51,2020-09-08 17:52,5,0,2,5,5,,,,,,,
user12,2020-09-08,pm,2020-09-08 22:25,2020-09-08 22:26,,,,,,3,5,4,,,soju,300
user12,2020-09-09,am,2020-09-09 21:11,2020-09-09 21:12,5,7,1,4,2,,,,,,,
user12,2020-09-09,pm,2020-09-09 21:11,2020-09-09 21:12,,,,,,3,5,5,,,beer,400
user12,2020-09-10,am,2020-09-10 22:38,2020-09-10 22:38,5,0,2,5,4,,,,,,,
user12,2020-09-10,pm,2020-09-10 22:38,2020-09-10 22:38,,,,,,4,4,3,,,wine,300
user12,2020-09-11,am,2020-09-11 7:56,2020-09-11 7:56,4,2,2,2,3,,,,,,,
user12,2020-09-11,pm,2020-09-11 23:03,2020-09-11 23:03,,,,,,4,4,4,,,soju,300
user12,2020-09-12,am,2020-09-13 4:23,2020-09-13 4:23,4,0,2,3,4,,,,,,,
user12,2020-09-12,pm,2020-09-13 4:23,2020-09-13 4:23,,,,,,3,4,4,,,,
user12,2020-09-13,am,2020-09-13 22:08,2020-09-13 22:09,4,2,2,4,3,,,,,,,
user12,2020-09-13,pm,2020-09-13 22:08,2020-09-13 22:09,,,,,,4,5,4,,,soju,300
user12,2020-09-14,am,2020-09-14 23:15,2020-09-14 23:15,2,7,1,2,2,,,,,,,
user12,2020-09-14,pm,2020-09-14 23:15,2020-09-14 23:15,,,,,,2,3,3,coffee,200,beer,700
user12,2020-09-15,am,2020-09-15 7:34,2020-09-15 7:35,4,2,2,3,3,,,,,,,
user12,2020-09-15,pm,2020-09-15 22:41,2020-09-15 22:41,,,,,,3,3,3,coffee,400,,
user12,2020-09-16,am,2020-09-16 8:18,2020-09-16 8:18,4,2,2,3,3,,,,,,,
user12,2020-09-16,pm,2020-09-16 22:42,2020-09-16 22:43,,,,,,3,2,1,coffee,300,soju,200
user12,2020-09-17,am,2020-09-17 8:04,2020-09-17 8:05,4,2,2,3,3,,,,,,,
user12,2020-09-17,pm,2020-09-17 22:41,2020-09-17 22:41,,,,,,4,2,2,coffee,300,,
user12,2020-09-18,am,2020-09-18 18:26,2020-09-18 18:26,4,3,2,4,4,,,,,,,
user12,2020-09-18,pm,2020-09-18 18:26,2020-09-18 18:26,,,,,,5,3,3,,,soju,200
user12,2020-09-19,am,2020-09-19 21:20,2020-09-19 21:21,4,0,2,4,4,,,,,,,
user12,2020-09-19,pm,2020-09-19 21:20,2020-09-19 21:21,,,,,,5,4,4,,,beer,500
user12,2020-09-20,am,2020-09-20 20:53,2020-09-20 20:54,5,2,2,4,5,,,,,,,
user12,2020-09-20,pm,2020-09-20 20:53,2020-09-20 20:54,,,,,,4,5,3,,,soju,200
user12,2020-09-21,am,2020-09-21 22:02,2020-09-21 22:07,3,2,1,2,2,,,,,,,
user12,2020-09-21,pm,2020-09-21 22:02,2020-09-21 22:07,,,,,,2,1,1,,,soju,300
user12,2020-09-22,am,2020-09-22 7:34,2020-09-22 7:35,3,7,2,2,3,,,,,,,
user12,2020-09-22,pm,2020-09-22 21:56,2020-09-22 21:56,,,,,,3,1,1,,,wine,250
user12,2020-09-23,am,2020-09-23 18:35,2020-09-23 18:36,3,7,1,3,3,,,,,,,
user12,2020-09-23,pm,2020-09-23 18:35,2020-09-23 18:36,,,,,,3,1,1,,,soju,200
user12,2020-09-24,am,2020-09-24 18:09,2020-09-24 18:10,4,0,2,4,3,,,,,,,
user12,2020-09-24,pm,2020-09-24 18:09,2020-09-24 18:10,,,,,,3,3,2,,,soju,300
user12,2020-09-25,am,2020-09-25 23:35,2020-09-25 23:35,4,0,2,2,3,,,,,,,
user12,2020-09-25,pm,2020-09-25 23:35,2020-09-25 23:35,,,,,,3,2,2,,,wine,300
user12,2020-09-26,am,2020-09-26 20:57,2020-09-26 21:15,5,0,1,4,4,,,,,,,
user12,2020-09-26,pm,2020-09-26 20:57,2020-09-26 21:15,,,,,,4,4,4,,,,
user12,2020-09-27,am,2020-09-27 22:55,2020-09-27 22:56,5,0,2,5,4,,,,,,,
user12,2020-09-27,pm,2020-09-27 22:55,2020-09-27 22:56,,,,,,4,4,2,,,soju,300
user08,2020-08-31,am,2020-08-31 6:44,2020-08-31 6:45,2,1,3,2,3,,,,,,,
user08,2020-08-31,pm,2020-08-31 23:05,2020-08-31 23:06,,,,,,4,3,3,,,beer,800
user08,2020-09-01,am,2020-09-01 6:56,2020-09-01 6:56,5,0,3,4,4,,,,,,,
user08,2020-09-01,pm,2020-09-01 22:20,2020-09-01 22:20,,,,,,4,3,3,,,beer,800
user08,2020-09-02,am,2020-09-02 7:03,2020-09-02 7:03,4,0,2,4,4,,,,,,,
user08,2020-09-02,pm,2020-09-02 23:28,2020-09-02 23:28,,,,,,3,3,3,,,,
user08,2020-09-03,am,2020-09-03 7:32,2020-09-03 7:32,4,0,3,2,3,,,,,,,
user08,2020-09-03,pm,2020-09-03 20:10,2020-09-03 20:10,,,,,,4,1,1,,,,
user08,2020-09-04,am,2020-09-04 7:37,2020-09-04 7:37,4,0,3,4,4,,,,,,,
user08,2020-09-04,pm,2020-09-04 22:39,2020-09-04 22:39,,,,,,4,2,2,,,beer,1000
user08,2020-09-05,am,2020-09-05 21:38,2020-09-05 21:39,4,0,3,3,4,,,,,,,
user08,2020-09-05,pm,2020-09-05 21:38,2020-09-05 21:39,,,,,,4,5,4,,,soju,800
user08,2020-09-06,am,2020-09-06 12:44,2020-09-06 12:45,5,0,4,5,5,,,,,,,
user08,2020-09-06,pm,2020-09-06 23:43,2020-09-06 23:43,,,,,,5,4,1,,,,
user08,2020-09-07,am,2020-09-07 8:01,2020-09-07 8:01,5,0,3,5,5,,,,,,,
user08,2020-09-07,pm,2020-09-07 23:40,2020-09-07 23:40,,,,,,5,2,1,,,,
user08,2020-09-08,am,2020-09-08 9:15,2020-09-08 9:15,5,0,2,3,4,,,,,,,
user08,2020-09-08,pm,2020-09-08 22:22,2020-09-08 22:22,,,,,,5,1,1,,,,
user08,2020-09-09,am,2020-09-09 21:06,2020-09-09 21:06,3,0,2,3,4,,,,,,,
user08,2020-09-09,pm,2020-09-09 21:06,2020-09-09 21:06,,,,,,1,1,1,,,,
user08,2020-09-10,am,2020-09-10 7:20,2020-09-10 7:20,2,2,2,3,3,,,,,,,
user08,2020-09-10,pm,2020-09-10 23:19,2020-09-10 23:19,,,,,,3,3,2,,,,
user08,2020-09-11,am,2020-09-11 23:01,2020-09-11 23:02,3,1,3,3,4,,,,,,,
user08,2020-09-11,pm,2020-09-11 23:01,2020-09-11 23:02,,,,,,4,2,3,,,,
user08,2020-09-12,am,2020-09-12 23:08,2020-09-12 23:09,3,1,2,3,3,,,,,,,
user08,2020-09-12,pm,2020-09-12 23:08,2020-09-12 23:09,,,,,,3,2,2,,,,
user08,2020-09-13,am,2020-09-13 22:51,2020-09-13 22:52,2,4,2,3,3,,,,,,,
user08,2020-09-13,pm,2020-09-13 22:51,2020-09-13 22:52,,,,,,4,3,1,,,,
user08,2020-09-14,am,2020-09-14 8:17,2020-09-14 8:17,4,0,3,2,3,,,,,,,
user08,2020-09-14,pm,2020-09-14 22:53,2020-09-14 22:53,,,,,,4,3,3,,,,
user08,2020-09-15,am,2020-09-15 7:28,2020-09-15 7:29,4,0,3,4,4,,,,,,,
user08,2020-09-15,pm,2020-09-16 1:04,2020-09-16 1:04,,,,,,4,1,3,,,,
user08,2020-09-16,am,2020-09-17 22:38,2020-09-17 22:38,4,0,3,3,4,,,,,,,
user08,2020-09-16,pm,2020-09-17 22:38,2020-09-17 22:38,,,,,,4,2,3,,,,
user08,2020-09-17,am,2020-09-17 22:33,2020-09-17 22:33,3,5,3,4,4,,,,,,,
user08,2020-09-17,pm,2020-09-17 22:33,2020-09-17 22:33,,,,,,5,4,5,,,,
user08,2020-09-18,am,2020-09-18 7:17,2020-09-18 7:17,5,0,3,4,4,,,,,,,
user08,2020-09-18,pm,2020-09-18 21:48,2020-09-18 21:48,,,,,,4,4,5,,,,
user08,2020-09-19,am,2020-09-19 21:22,2020-09-19 21:23,5,0,2,5,5,,,,,,,
user08,2020-09-19,pm,2020-09-19 21:22,2020-09-19 21:23,,,,,,4,4,2,,,,
user08,2020-09-20,am,2020-09-21 21:38,2020-09-21 21:38,4,9,4,4,4,,,,,,,
user08,2020-09-20,pm,2020-09-21 21:38,2020-09-21 21:38,,,,,,4,4,5,,,,
user08,2020-09-21,am,2020-09-21 10:10,2020-09-21 10:10,4,0,3,5,5,,,,,,,
user08,2020-09-21,pm,2020-09-21 22:05,2020-09-21 22:05,,,,,,5,4,4,,,,
user08,2020-09-22,am,2020-09-22 23:51,2020-09-22 23:52,4,7,3,4,4,,,,,,,
user08,2020-09-22,pm,2020-09-22 23:51,2020-09-22 23:52,,,,,,4,4,5,,,,
user08,2020-09-23,am,2020-09-23 20:01,2020-09-23 20:01,3,3,3,4,4,,,,,,,
user08,2020-09-23,pm,2020-09-23 20:01,2020-09-23 20:01,,,,,,4,3,2,,,,
user08,2020-09-24,am,2020-09-24 21:48,2020-09-24 21:48,4,0,3,5,4,,,,,,,
user08,2020-09-24,pm,2020-09-24 21:48,2020-09-24 21:48,,,,,,5,2,4,,,,
user08,2020-09-25,am,2020-09-27 23:34,2020-09-27 23:34,4,6,3,3,4,,,,,,,
user08,2020-09-25,pm,2020-09-27 23:34,2020-09-27 23:34,,,,,,4,5,2,,,,
user02,2020-08-31,am,2020-08-31 7:16,2020-08-31 7:16,4,1,2,2,3,,,,,,,
user02,2020-08-31,pm,2020-08-31 22:20,2020-08-31 22:20,,,,,,3,2,1,coffee,1000,soju&beer,500
user02,2020-09-01,am,2020-09-01 7:18,2020-09-01 7:18,3,0,4,1,2,,,,,,,
user02,2020-09-01,pm,2020-09-01 22:41,2020-09-01 22:41,,,,,,3,2,1,coffee,1000,,
user02,2020-09-02,am,2020-09-02 7:39,2020-09-02 7:40,3,5,2,1,2,,,,,,,
user02,2020-09-02,pm,2020-09-02 22:58,2020-09-02 22:59,,,,,,3,1,1,coffee,500,,
user02,2020-09-03,am,2020-09-03 7:35,2020-09-03 7:35,4,5,4,1,3,,,,,,,
user02,2020-09-03,pm,2020-09-03 23:54,2020-09-03 23:54,,,,,,3,1,1,coffee,500,,
user02,2020-09-04,am,2020-09-04 7:35,2020-09-04 7:35,3,1,2,1,2,,,,,,,
user02,2020-09-04,pm,2020-09-04 22:16,2020-09-04 22:17,,,,,,4,2,2,coffee,1000,,
user02,2020-09-05,am,2020-09-05 10:37,2020-09-05 10:37,4,0,4,3,3,,,,,,,
user02,2020-09-05,pm,2020-09-05 22:02,2020-09-05 22:02,,,,,,4,4,3,coffee,500,,
user02,2020-09-06,am,2020-09-06 11:15,2020-09-06 11:15,5,0,4,4,3,,,,,,,
user02,2020-09-06,pm,2020-09-06 22:07,2020-09-06 22:07,,,,,,4,5,4,,,,
user02,2020-09-07,am,2020-09-07 8:14,2020-09-07 8:14,4,1,4,2,3,,,,,,,
user02,2020-09-07,pm,2020-09-08 0:04,2020-09-08 0:04,,,,,,3,2,2,coffee,500,,
user02,2020-09-08,am,2020-09-08 7:58,2020-09-08 7:58,2,0,2,2,3,,,,,,,
user02,2020-09-08,pm,2020-09-08 23:34,2020-09-08 23:35,,,,,,2,1,1,coffee,500,,
user02,2020-09-09,am,2020-09-09 7:54,2020-09-09 7:55,3,0,2,1,1,,,,,,,
user02,2020-09-09,pm,2020-09-09 22:52,2020-09-09 22:53,,,,,,2,1,1,coffee,1500,,
user02,2020-09-10,am,2020-09-10 7:36,2020-09-10 7:36,4,0,2,1,2,,,,,,,
user02,2020-09-10,pm,2020-09-10 23:24,2020-09-10 23:25,,,,,,1,1,1,coffee,1000,,
user02,2020-09-11,am,2020-09-11 7:51,2020-09-11 7:52,2,0,2,1,1,,,,,,,
user02,2020-09-11,pm,2020-09-11 23:24,2020-09-11 23:24,,,,,,3,1,1,coffee,1500,,
user02,2020-09-12,am,2020-09-12 22:38,2020-09-12 22:39,4,0,2,3,3,,,,,,,
user02,2020-09-12,pm,2020-09-12 22:38,2020-09-12 22:39,,,,,,4,4,4,,,,
user02,2020-09-13,am,2020-09-13 11:11,2020-09-13 11:11,3,0,2,3,3,,,,,,,
user02,2020-09-13,pm,2020-09-13 21:36,2020-09-13 21:37,,,,,,3,2,2,,,,
user02,2020-09-14,am,2020-09-14 7:50,2020-09-14 7:51,3,0,2,2,3,,,,,,,
user02,2020-09-14,pm,2020-09-15 0:00,2020-09-15 0:01,,,,,,3,2,2,coffee,500,,
user02,2020-09-15,am,2020-09-15 8:31,2020-09-15 8:32,3,0,2,2,3,,,,,,,
user02,2020-09-15,pm,2020-09-16 0:37,2020-09-16 0:37,,,,,,2,1,1,coffee,500,,
user02,2020-09-16,am,2020-09-16 8:00,2020-09-16 8:00,3,0,2,1,1,,,,,,,
user02,2020-09-16,pm,2020-09-17 0:21,2020-09-17 0:22,,,,,,3,1,1,coffee,500,,
user02,2020-09-17,am,2020-09-17 8:11,2020-09-17 8:11,3,0,2,1,3,,,,,,,
user02,2020-09-17,pm,2020-09-17 22:14,2020-09-17 22:14,,,,,,3,1,2,coffee,1000,,
user02,2020-09-18,am,2020-09-18 8:36,2020-09-18 8:37,3,7,1,2,2,,,,,,,
user02,2020-09-18,pm,2020-09-19 1:13,2020-09-19 1:14,,,,,,4,2,2,coffee,500,soju&beer,1000
user02,2020-09-19,am,2020-09-19 8:48,2020-09-19 8:49,3,7,2,2,3,,,,,,,
user02,2020-09-19,pm,2020-09-20 1:26,2020-09-20 1:27,,,,,,4,4,2,,,soju,500
user02,2020-09-20,am,2020-09-20 22:57,2020-09-20 22:58,4,0,2,3,3,,,,,,,
user02,2020-09-20,pm,2020-09-20 22:57,2020-09-20 22:58,,,,,,3,4,2,,,,
user02,2020-09-21,am,2020-09-21 8:15,2020-09-21 8:15,4,0,2,2,3,,,,,,,
user02,2020-09-21,pm,2020-09-21 22:48,2020-09-21 22:48,,,,,,3,2,2,coffee,500,,
user02,2020-09-22,am,2020-09-22 7:57,2020-09-22 7:58,4,0,2,3,3,,,,,,,
user02,2020-09-22,pm,2020-09-22 23:21,2020-09-22 23:21,,,,,,3,2,2,coffee,500,beer,1000
user02,2020-09-23,am,2020-09-23 7:47,2020-09-23 7:48,3,0,2,2,3,,,,,,,
user02,2020-09-23,pm,2020-09-23 23:30,2020-09-23 23:30,,,,,,4,2,2,coffee,500,soju,1500
user02,2020-09-24,am,2020-09-24 8:47,2020-09-24 8:47,3,0,4,1,3,,,,,,,
user02,2020-09-24,pm,2020-09-24 23:44,2020-09-24 23:44,,,,,,3,1,1,coffee,1000,,
user02,2020-09-25,am,2020-09-25 22:11,2020-09-25 22:12,3,0,2,2,3,,,,,,,
user02,2020-09-25,pm,2020-09-25 22:11,2020-09-25 22:12,,,,,,4,2,2,coffee,1500,,
user02,2020-09-26,am,2020-09-26 9:56,2020-09-26 9:57,4,0,2,2,3,,,,,,,
user02,2020-09-26,pm,2020-09-27 1:50,2020-09-27 1:50,,,,,,4,4,2,,,soju,300
user02,2020-09-27,am,2020-09-27 11:04,2020-09-27 11:04,4,0,2,4,3,,,,,,,
user02,2020-09-27,pm,2020-09-27 22:41,2020-09-27 22:41,,,,,,4,4,4,,,,
user10,2020-08-30,am,2020-08-30 17:43,2020-08-30 17:43,2,0,4,3,3,,,,,,,
user10,2020-08-30,pm,2020-08-30 18:21,2020-08-30 18:21,,,,,,3,5,4,,,,
user10,2020-08-31,am,2020-08-31 6:24,2020-08-31 6:24,2,1,4,2,2,,,,,,,
user10,2020-08-31,pm,2020-09-01 0:56,2020-09-01 0:56,,,,,,4,2,1,coffee,180,,
user10,2020-09-02,am,2020-09-02 6:21,2020-09-02 6:21,2,5,2,2,2,,,,,,,
user10,2020-09-02,pm,2020-09-02 22:15,2020-09-02 22:15,,,,,,4,2,2,caffeinated drink,400,,
user10,2020-09-03,am,2020-09-03 6:40,2020-09-03 6:41,3,1,4,3,3,,,,,,,
user10,2020-09-03,pm,2020-09-03 22:10,2020-09-03 22:10,,,,,,4,1,2,caffeinated drink,480,,
user10,2020-09-04,am,2020-09-04 7:05,2020-09-04 7:05,4,5,3,4,4,,,,,,,
user10,2020-09-04,pm,2020-09-05 9:16,2020-09-05 9:17,,,,,,4,2,2,caffeinated drink,480,,
user10,2020-09-05,am,2020-09-05 15:40,2020-09-05 15:40,2,4,3,2,2,,,,,,,
user10,2020-09-05,pm,2020-09-06 6:28,2020-09-06 6:29,,,,,,1,1,1,,,,
user10,2020-09-06,am,2020-09-06 6:27,2020-09-06 6:27,1,0,4,1,1,,,,,,,
user10,2020-09-06,pm,2020-09-06 23:34,2020-09-06 23:34,,,,,,4,5,4,,,,
user10,2020-09-07,am,2020-09-07 6:28,2020-09-07 6:28,4,1,3,4,4,,,,,,,
user10,2020-09-07,pm,2020-09-07 22:50,2020-09-07 22:50,,,,,,3,2,4,caffeinated drink,280,,
user10,2020-09-08,am,2020-09-08 6:45,2020-09-08 6:45,5,1,3,4,5,,,,,,,
user10,2020-09-08,pm,2020-09-08 23:03,2020-09-08 23:04,,,,,,3,2,3,caffeinated drink,280,,
user10,2020-09-09,am,2020-09-09 7:11,2020-09-09 7:11,3,1,4,2,3,,,,,,,
user10,2020-09-09,pm,2020-09-10 0:07,2020-09-10 0:07,,,,,,3,3,3,caffeinated drink,280,,
user10,2020-09-10,am,2020-09-10 6:35,2020-09-10 6:36,3,1,4,2,2,,,,,,,
user10,2020-09-10,pm,2020-09-10 23:31,2020-09-10 23:32,,,,,,5,5,2,caffeinated drink,560,,
user10,2020-09-11,am,2020-09-11 7:20,2020-09-11 7:20,2,4,4,1,1,,,,,,,
user10,2020-09-11,pm,2020-09-12 1:34,2020-09-12 1:34,,,,,,3,3,3,caffeinated drink,560,,
user10,2020-09-12,am,2020-09-12 12:26,2020-09-12 12:27,2,3,4,3,4,,,,,,,
user10,2020-09-12,pm,2020-09-13 3:39,2020-09-13 3:39,,,,,,5,4,3,,,soju,900
user10,2020-09-13,am,2020-09-13 10:40,2020-09-13 10:40,5,0,4,4,4,,,,,,,
user10,2020-09-13,pm,2020-09-14 0:18,2020-09-14 0:18,,,,,,5,5,3,,,,
user10,2020-09-14,am,2020-09-14 7:07,2020-09-14 7:07,3,1,4,3,3,,,,,,,
user10,2020-09-14,pm,2020-09-15 5:01,2020-09-15 5:01,,,,,,1,5,1,,,,
user10,2020-09-15,am,2020-09-15 5:01,2020-09-15 5:01,1,9,4,1,2,,,,,,,
user10,2020-09-15,pm,2020-09-16 6:50,2020-09-16 6:50,,,,,,5,4,1,,,soju,720
user10,2020-09-16,am,2020-09-16 7:18,2020-09-16 7:18,2,0,2,2,2,,,,,,,
user10,2020-09-16,pm,2020-09-17 0:00,2020-09-17 0:01,,,,,,3,2,4,caffeinated drink,260,,
user10,2020-09-17,am,2020-09-17 7:12,2020-09-17 7:12,3,9,2,3,2,,,,,,,
user10,2020-09-17,pm,2020-09-17 23:27,2020-09-17 23:27,,,,,,5,5,2,caffeinated drink,260,,
user10,2020-09-18,am,2020-09-18 14:24,2020-09-18 14:24,4,1,4,3,2,,,,,,,
user10,2020-09-18,pm,2020-09-19 13:04,2020-09-19 13:04,,,,,,5,5,1,,,soju,800
user10,2020-09-19,am,2020-09-19 12:51,2020-09-19 12:52,5,9,3,1,3,,,,,,,
user10,2020-09-19,pm,2020-09-20 11:15,2020-09-20 11:15,,,,,,4,4,2,,,,
user10,2020-09-20,am,2020-09-20 11:15,2020-09-20 11:15,2,1,3,2,2,,,,,,,
user10,2020-09-20,pm,2020-09-20 22:44,2020-09-20 22:44,,,,,,4,5,1,,,soju,
user10,2020-09-21,am,2020-09-21 9:46,2020-09-21 9:46,5,0,3,2,5,,,,,,,
user10,2020-09-21,pm,2020-09-21 23:45,2020-09-21 23:45,,,,,,5,5,4,,,,
user10,2020-09-22,am,2020-09-22 7:15,2020-09-22 7:15,2,9,3,2,2,,,,,,,
user10,2020-09-22,pm,2020-09-23 0:05,2020-09-23 0:05,,,,,,4,4,3,caffeinated drink,560,,
user10,2020-09-23,am,2020-09-23 7:43,2020-09-23 7:43,2,1,3,1,3,,,,,,,
user10,2020-09-23,pm,2020-09-23 22:53,2020-09-23 22:53,,,,,,2,3,1,caffeinated drink,260,,
user10,2020-09-24,am,2020-09-24 7:57,2020-09-24 7:57,3,1,4,3,3,,,,,,,
user10,2020-09-24,pm,2020-09-25 1:13,2020-09-25 1:13,,,,,,2,2,3,caffeinated drink,560,,
user10,2020-09-25,am,2020-09-25 7:22,2020-09-25 7:22,2,5,3,1,2,,,,,,,
user10,2020-09-25,pm,2020-09-26 14:56,2020-09-26 14:57,,,,,,5,4,1,coffee,680,soju,900
user10,2020-09-26,am,2020-09-26 12:54,2020-09-26 14:56,5,0,3,1,1,,,,,,,
user10,2020-09-26,pm,2020-09-27 11:36,2020-09-27 11:37,,,,,,5,4,1,coffee,400,soju,680
user10,2020-09-27,am,2020-09-27 11:36,2020-09-27 11:36,2,0,4,1,2,,,,,,,
user10,2020-09-27,pm,2020-09-28 19:37,2020-09-28 19:37,,,,,,2,1,1,,,soju,600
user03,2020-08-29,am,2020-08-30 0:11,2020-08-30 0:12,1,0,2,2,3,,,,,,,
user03,2020-08-29,pm,2020-08-30 0:11,2020-08-30 0:12,,,,,,4,4,2,,,beer,1000
user03,2020-08-30,am,2020-08-30 13:10,2020-08-30 13:10,4,0,2,2,3,,,,,,,
user03,2020-08-30,pm,2020-08-30 22:46,2020-08-30 22:46,,,,,,3,5,2,coffee,300,,
user03,2020-08-31,am,2020-08-31 11:20,2020-08-31 11:21,1,1,4,1,2,,,,,,,
user03,2020-08-31,pm,2020-08-31 22:27,2020-08-31 22:28,,,,,,3,2,3,,,,
user03,2020-09-01,am,2020-09-01 13:35,2020-09-01 13:36,1,0,2,2,3,,,,,,,
user03,2020-09-01,pm,2020-09-01 22:49,2020-09-01 22:50,,,,,,3,4,3,,,,
user03,2020-09-02,am,2020-09-02 11:48,2020-09-02 11:48,4,0,3,3,3,,,,,,,
user03,2020-09-02,pm,2020-09-02 22:57,2020-09-02 22:57,,,,,,4,5,2,,,beer,355
user03,2020-09-03,am,2020-09-03 11:22,2020-09-03 11:22,2,7,1,2,2,,,,,,,
user03,2020-09-03,pm,2020-09-03 23:14,2020-09-03 23:14,,,,,,4,3,3,,,beer,1000
user03,2020-09-04,am,2020-09-04 11:48,2020-09-04 11:48,1,2,2,1,2,,,,,,,
user03,2020-09-04,pm,2020-09-04 23:10,2020-09-04 23:11,,,,,,3,2,1,,,,
user03,2020-09-05,am,2020-09-05 11:52,2020-09-05 11:52,2,0,2,2,3,,,,,,,
user03,2020-09-05,pm,2020-09-05 23:39,2020-09-05 23:39,,,,,,3,5,3,,,,
user03,2020-09-06,am,2020-09-06 15:20,2020-09-06 15:21,2,2,2,2,2,,,,,,,
user03,2020-09-06,pm,2020-09-07 0:15,2020-09-07 0:16,,,,,,3,4,2,coffee,300,,
user03,2020-09-07,am,2020-09-07 12:51,2020-09-07 12:51,2,2,2,1,2,,,,,,,
user03,2020-09-07,pm,2020-09-07 23:32,2020-09-07 23:32,,,,,,3,4,2,,,,
user03,2020-09-08,am,2020-09-08 13:54,2020-09-08 13:54,2,1,2,2,3,,,,,,,
user03,2020-09-08,pm,2020-09-09 0:00,2020-09-09 0:00,,,,,,4,3,3,,,beer,1000
user03,2020-09-09,am,2020-09-09 9:10,2020-09-09 9:11,2,2,2,3,2,,,,,,,
user03,2020-09-09,pm,2020-09-09 22:51,2020-09-09 22:51,,,,,,4,4,2,,,,
user03,2020-09-10,am,2020-09-10 11:38,2020-09-10 11:38,4,0,2,2,4,,,,,,,
user03,2020-09-10,pm,2020-09-11 3:47,2020-09-11 3:47,,,,,,3,2,3,,,beer,1500
user03,2020-09-11,am,2020-09-11 11:55,2020-09-11 11:55,3,0,3,4,3,,,,,,,
user03,2020-09-11,pm,2020-09-12 0:50,2020-09-12 0:50,,,,,,3,5,2,,,,
user03,2020-09-12,am,2020-09-12 23:54,2020-09-12 23:54,2,2,2,2,3,,,,,,,
user03,2020-09-12,pm,2020-09-12 23:54,2020-09-12 23:54,,,,,,3,5,3,,,beer,1000
user03,2020-09-13,am,2020-09-13 11:47,2020-09-13 11:47,1,2,2,1,2,,,,,,,
user03,2020-09-13,pm,2020-09-14 0:00,2020-09-14 0:00,,,,,,4,5,2,,,,
user03,2020-09-14,am,2020-09-14 10:52,2020-09-14 10:52,4,0,4,2,3,,,,,,,
user03,2020-09-14,pm,2020-09-15 0:40,2020-09-15 0:41,,,,,,4,3,2,coffee,600,,
user03,2020-09-15,am,2020-09-15 10:59,2020-09-15 10:59,4,5,2,2,3,,,,,,,
user03,2020-09-15,pm,2020-09-16 23:40,2020-09-16 23:40,,,,,,3,2,1,,,beer,3000
user03,2020-09-16,am,2020-09-16 10:54,2020-09-16 10:55,1,2,1,1,2,,,,,,,
user03,2020-09-16,pm,2020-09-16 23:39,2020-09-16 23:39,,,,,,2,4,1,,,,
user03,2020-09-17,am,2020-09-17 12:43,2020-09-17 12:43,3,0,2,2,3,,,,,,,
user03,2020-09-17,pm,2020-09-18 0:37,2020-09-18 0:37,,,,,,3,3,2,,,,
user03,2020-09-18,am,2020-09-18 11:54,2020-09-18 11:54,3,0,2,2,3,,,,,,,
user03,2020-09-18,pm,2020-09-19 0:14,2020-09-19 0:15,,,,,,3,4,2,coffee,300,beer,20000
user03,2020-09-19,am,2020-09-19 10:14,2020-09-19 10:14,3,0,2,2,3,,,,,,,
user03,2020-09-19,pm,2020-09-20 0:49,2020-09-20 0:49,,,,,,4,4,2,coffee,500,beer,800
user03,2020-09-20,am,2020-09-20 11:55,2020-09-20 11:55,4,2,2,2,3,,,,,,,
user03,2020-09-20,pm,2020-09-21 0:08,2020-09-21 0:08,,,,,,4,4,2,coffee,400,,
user03,2020-09-21,am,2020-09-21 11:39,2020-09-21 11:39,1,2,4,1,2,,,,,,,
user03,2020-09-21,pm,2020-09-22 0:11,2020-09-22 0:11,,,,,,4,5,2,coffee,300,,
user03,2020-09-22,am,2020-09-22 8:19,2020-09-22 8:19,3,0,2,1,3,,,,,,,
user03,2020-09-22,pm,2020-09-22 21:54,2020-09-22 21:54,,,,,,4,2,1,coffee,400,,
user03,2020-09-23,am,2020-09-23 8:11,2020-09-23 8:12,4,0,2,1,3,,,,,,,
user03,2020-09-23,pm,2020-09-23 22:49,2020-09-23 22:49,,,,,,2,2,2,coffee,500,,
user03,2020-09-24,am,2020-09-24 8:17,2020-09-24 8:17,4,0,4,2,3,,,,,,,
user03,2020-09-24,pm,2020-09-24 23:06,2020-09-24 23:06,,,,,,4,2,1,coffee,400,,
user03,2020-09-25,am,2020-09-25 11:57,2020-09-25 11:57,4,0,4,2,4,,,,,,,
user03,2020-09-25,pm,2020-09-25 22:41,2020-09-25 22:42,,,,,,3,2,1,,,soju,450
user03,2020-09-26,am,2020-09-26 11:59,2020-09-26 11:59,4,0,2,1,3,,,,,,,
user03,2020-09-26,pm,2020-09-27 0:45,2020-09-27 0:45,,,,,,3,4,1,,,,
user03,2020-09-27,am,2020-09-27 14:41,2020-09-27 14:41,4,0,2,2,3,,,,,,,
user03,2020-09-27,pm,2020-09-28 0:26,2020-09-28 0:26,,,,,,4,4,2,,,beer,1000
user11,2020-08-30,am,2020-08-30 13:08,2020-08-30 13:09,4,0,4,3,3,,,,,,,
user11,2020-08-30,pm,2020-08-31 0:21,2020-08-31 0:22,,,,,,4,4,4,,,,
user11,2020-08-31,am,2020-08-31 10:37,2020-08-31 10:37,4,0,4,3,3,,,,,,,
user11,2020-08-31,pm,2020-08-31 22:45,2020-08-31 22:46,,,,,,4,3,2,coffee,355,,
user11,2020-09-01,am,2020-09-01 7:41,2020-09-01 7:58,2,5,4,2,3,,,,,,,
user11,2020-09-01,pm,2020-09-01 22:00,2020-09-01 22:00,,,,,,3,2,2,,,,
user11,2020-09-02,am,2020-09-02 7:50,2020-09-02 7:51,3,2,4,3,3,,,,,,,
user11,2020-09-02,pm,2020-09-02 23:01,2020-09-02 23:01,,,,,,3,2,3,coffee,400,,
user11,2020-09-03,am,2020-09-03 7:41,2020-09-03 8:10,2,2,2,3,3,,,,,,,
user11,2020-09-03,pm,2020-09-04 3:14,2020-09-04 3:14,,,,,,2,2,2,,,,
user11,2020-09-04,am,2020-09-04 8:17,2020-09-04 8:18,2,2,4,2,3,,,,,,,
user11,2020-09-04,pm,2020-09-04 22:27,2020-09-04 22:27,,,,,,3,2,1,,,,
user11,2020-09-05,am,2020-09-05 10:53,2020-09-05 10:53,3,2,2,3,3,,,,,,,
user11,2020-09-05,pm,2020-09-05 22:00,2020-09-05 22:00,,,,,,4,4,3,,,,
user11,2020-09-06,am,2020-09-06 10:49,2020-09-06 10:49,2,2,2,3,3,,,,,,,
user11,2020-09-06,pm,2020-09-06 23:59,2020-09-06 23:59,,,,,,3,3,3,,,,
user11,2020-09-07,am,2020-09-07 8:46,2020-09-07 8:46,3,2,4,2,3,,,,,,,
user11,2020-09-07,pm,2020-09-07 23:06,2020-09-07 23:06,,,,,,3,2,3,,,,
user11,2020-09-08,am,2020-09-08 10:17,2020-09-08 10:17,3,0,4,2,3,,,,,,,
user11,2020-09-08,pm,2020-09-08 23:25,2020-09-08 23:26,,,,,,3,3,3,,,,
user11,2020-09-09,am,2020-09-09 7:24,2020-09-09 7:24,2,0,4,3,3,,,,,,,
user11,2020-09-09,pm,2020-09-09 22:52,2020-09-09 22:52,,,,,,3,3,3,,,,
user11,2020-09-10,am,2020-09-10 10:08,2020-09-10 10:09,3,0,4,3,4,,,,,,,
user11,2020-09-10,pm,2020-09-11 0:01,2020-09-11 0:01,,,,,,3,2,3,,,,
user11,2020-09-11,am,2020-09-11 10:32,2020-09-11 10:33,3,2,4,3,3,,,,,,,
user11,2020-09-11,pm,2020-09-11 23:10,2020-09-11 23:11,,,,,,4,4,3,,,,
user11,2020-09-12,am,2020-09-12 10:40,2020-09-12 10:41,3,0,4,3,3,,,,,,,
user11,2020-09-12,pm,2020-09-12 23:31,2020-09-12 23:32,,,,,,4,4,3,,,beer,500
user11,2020-09-13,am,2020-09-13 11:42,2020-09-13 11:43,3,3,4,3,3,,,,,,,
user11,2020-09-13,pm,2020-09-14 0:10,2020-09-14 0:10,,,,,,3,2,3,,,,
user11,2020-09-14,am,2020-09-14 9:31,2020-09-14 9:31,3,0,4,3,3,,,,,,,
user11,2020-09-14,pm,2020-09-14 22:16,2020-09-14 22:16,,,,,,3,3,2,,,,
user11,2020-09-15,am,2020-09-15 7:19,2020-09-15 7:19,2,0,2,2,3,,,,,,,
user11,2020-09-15,pm,2020-09-15 21:55,2020-09-15 21:55,,,,,,3,3,2,coffee,400,,
user11,2020-09-16,am,2020-09-16 9:24,2020-09-16 9:25,3,0,4,3,3,,,,,,,
user11,2020-09-16,pm,2020-09-16 23:42,2020-09-16 23:42,,,,,,3,3,2,,,,
user11,2020-09-17,am,2020-09-17 7:21,2020-09-17 7:21,3,0,4,3,3,,,,,,,
user11,2020-09-17,pm,2020-09-17 21:04,2020-09-17 21:04,,,,,,4,2,2,,,,
user11,2020-09-18,am,2020-09-18 9:56,2020-09-18 9:56,3,0,4,3,3,,,,,,,
user11,2020-09-18,pm,2020-09-19 9:57,2020-09-19 9:58,,,,,,3,4,2,,,beer,1000
user11,2020-09-19,am,2020-09-19 9:57,2020-09-19 9:57,3,0,4,3,3,,,,,,,
user11,2020-09-19,pm,2020-09-20 0:48,2020-09-20 0:48,,,,,,4,4,3,,,beer,800
user11,2020-09-20,am,2020-09-20 11:18,2020-09-20 11:19,4,0,4,3,3,,,,,,,
user11,2020-09-20,pm,2020-09-20 23:37,2020-09-20 23:37,,,,,,4,3,2,coffee,300,,
user11,2020-09-21,am,2020-09-21 8:48,2020-09-21 8:48,2,2,4,3,3,,,,,,,
user11,2020-09-21,pm,2020-09-22 0:02,2020-09-22 0:02,,,,,,2,1,2,,,,
user11,2020-09-22,am,2020-09-22 6:51,2020-09-22 6:51,3,0,4,2,2,,,,,,,
user11,2020-09-22,pm,2020-09-22 21:41,2020-09-22 21:41,,,,,,3,2,2,coffee,300,,
user11,2020-09-23,am,2020-09-23 8:30,2020-09-23 8:30,2,2,4,3,3,,,,,,,
user11,2020-09-23,pm,2020-09-23 22:34,2020-09-23 22:34,,,,,,2,1,2,,,,
user11,2020-09-24,am,2020-09-24 8:36,2020-09-24 8:36,3,0,4,2,3,,,,,,,
user11,2020-09-24,pm,2020-09-24 23:22,2020-09-24 23:22,,,,,,3,3,2,,,beer,350
user11,2020-09-25,am,2020-09-25 7:30,2020-09-25 7:31,3,2,2,2,3,,,,,,,
user11,2020-09-25,pm,2020-09-25 22:41,2020-09-25 22:42,,,,,,4,3,2,,,soju,350
user11,2020-09-26,am,2020-09-26 20:11,2020-09-26 20:12,3,0,4,3,3,,,,,,,
user11,2020-09-26,pm,2020-09-26 20:11,2020-09-26 20:12,,,,,,3,4,2,,,,
user11,2020-09-27,am,2020-09-27 17:25,2020-09-27 17:25,3,0,4,3,3,,,,,,,
user11,2020-09-27,pm,2020-09-28 0:24,2020-09-28 0:24,,,,,,4,4,2,,,beer,500
user28,2020-08-31,am,2020-08-31 5:34,2020-08-31 5:35,2,6,4,2,3,,,,,,,
user28,2020-08-31,pm,2020-08-31 22:16,2020-08-31 22:17,,,,,,3,2,3,,,,
user28,2020-09-01,am,2020-09-01 5:42,2020-09-01 5:43,2,2,4,2,3,,,,,,,
user28,2020-09-01,pm,2020-09-01 21:35,2020-09-01 21:35,,,,,,4,3,2,coffee,500,,
user28,2020-09-02,am,2020-09-02 5:49,2020-09-02 5:49,3,0,4,2,3,,,,,,,
user28,2020-09-02,pm,2020-09-02 18:27,2020-09-02 18:27,,,,,,3,3,3,coffee,500,,
user28,2020-09-03,am,2020-09-03 5:38,2020-09-03 5:38,3,2,4,4,3,,,,,,,
user28,2020-09-03,pm,2020-09-03 20:47,2020-09-03 20:47,,,,,,3,2,4,,,,
user28,2020-09-05,am,2020-09-05 7:45,2020-09-05 7:46,4,2,2,4,3,,,,,,,
user28,2020-09-05,pm,2020-09-05 21:28,2020-09-05 21:29,,,,,,4,5,4,,,,
user28,2020-09-06,am,2020-09-06 8:40,2020-09-06 8:41,5,0,2,4,4,,,,,,,
user28,2020-09-06,pm,2020-09-06 21:13,2020-09-06 21:13,,,,,,4,2,4,,,,
user28,2020-09-07,am,2020-09-07 5:46,2020-09-07 6:40,3,0,4,3,3,,,,,,,
user28,2020-09-07,pm,2020-09-07 21:11,2020-09-07 21:11,,,,,,3,3,3,coffee,300,,
user28,2020-09-08,am,2020-09-08 5:40,2020-09-08 5:41,3,9,2,2,3,,,,,,,
user28,2020-09-08,pm,2020-09-08 21:23,2020-09-08 21:23,,,,,,2,3,2,,,,
user28,2020-09-09,am,2020-09-09 6:21,2020-09-09 6:21,3,2,4,3,3,,,,,,,
user28,2020-09-09,pm,2020-09-09 21:16,2020-09-09 21:16,,,,,,4,3,2,,,,
user28,2020-09-10,am,2020-09-10 6:53,2020-09-10 6:53,3,2,4,2,3,,,,,,,
user28,2020-09-10,pm,2020-09-10 23:15,2020-09-10 23:15,,,,,,5,4,2,,,not specified,750
user28,2020-09-11,am,2020-09-11 6:26,2020-09-11 9:13,2,2,4,4,3,,,,,,,
user28,2020-09-11,pm,2020-09-11 20:46,2020-09-11 20:46,,,,,,5,4,1,coffee,300,not specified,300
user28,2020-09-12,am,2020-09-12 8:30,2020-09-12 8:30,4,2,4,4,4,,,,,,,
user28,2020-09-12,pm,2020-09-12 22:03,2020-09-12 22:04,,,,,,4,4,2,coffee,300,,
user28,2020-09-13,am,2020-09-13 6:46,2020-09-13 6:47,3,2,4,3,3,,,,,,,
user28,2020-09-13,pm,2020-09-13 21:42,2020-09-13 21:42,,,,,,3,4,2,,,,
user28,2020-09-14,am,2020-09-14 5:51,2020-09-14 5:52,2,2,4,2,3,,,,,,,
user28,2020-09-14,pm,2020-09-14 22:14,2020-09-14 22:15,,,,,,4,3,3,coffee,400,,
user28,2020-09-15,am,2020-09-15 5:31,2020-09-15 5:32,3,0,2,2,3,,,,,,,
user28,2020-09-15,pm,2020-09-15 22:51,2020-09-15 22:52,,,,,,4,3,3,,,not specified,600
user28,2020-09-16,am,2020-09-16 5:51,2020-09-16 5:51,4,0,4,4,3,,,,,,,
user28,2020-09-16,pm,2020-09-16 22:20,2020-09-16 22:20,,,,,,3,3,3,,,,
user28,2020-09-17,am,2020-09-17 5:48,2020-09-17 5:48,4,0,4,2,3,,,,,,,
user28,2020-09-17,pm,2020-09-17 21:53,2020-09-17 21:53,,,,,,3,4,2,,,,
user28,2020-09-18,am,2020-09-18 5:45,2020-09-18 5:45,3,0,4,2,3,,,,,,,
user28,2020-09-18,pm,2020-09-18 21:37,2020-09-18 21:37,,,,,,3,3,2,coffee,500,,
user28,2020-09-19,am,2020-09-19 6:40,2020-09-19 6:40,3,0,4,3,3,,,,,,,
user28,2020-09-19,pm,2020-09-19 20:39,2020-09-19 20:39,,,,,,3,2,3,,,,
user28,2020-09-20,am,2020-09-20 6:42,2020-09-20 9:00,3,1,4,3,3,,,,,,,
user28,2020-09-20,pm,2020-09-20 21:01,2020-09-20 21:01,,,,,,3,4,3,,,,
user28,2020-09-21,am,2020-09-21 5:36,2020-09-21 5:36,2,0,2,2,3,,,,,,,
user28,2020-09-21,pm,2020-09-21 20:58,2020-09-21 20:58,,,,,,3,3,3,coffee,600,,
user28,2020-09-22,am,2020-09-22 5:30,2020-09-22 5:30,2,0,2,3,3,,,,,,,
user28,2020-09-22,pm,2020-09-22 22:41,2020-09-22 22:41,,,,,,3,3,3,coffee,400,,
user28,2020-09-23,am,2020-09-23 6:15,2020-09-23 6:15,2,0,4,3,3,,,,,,,
user28,2020-09-23,pm,2020-09-23 20:10,2020-09-23 20:11,,,,,,3,2,2,coffee,500,,
user28,2020-09-24,am,2020-09-24 6:27,2020-09-24 6:27,4,0,4,3,3,,,,,,,
user28,2020-09-24,pm,2020-09-24 21:01,2020-09-24 21:01,,,,,,2,1,3,coffee,500,,
user28,2020-09-25,am,2020-09-25 13:17,2020-09-25 13:17,3,0,4,3,3,,,,,,,
user28,2020-09-25,pm,2020-09-25 21:16,2020-09-25 21:16,,,,,,3,2,3,coffee,500,,
user28,2020-09-26,am,2020-09-26 7:23,2020-09-26 7:23,3,0,2,2,3,,,,,,,
user28,2020-09-26,pm,2020-09-26 23:02,2020-09-26 23:02,,,,,,3,4,3,,,,
user21,2020-08-29,am,2020-08-29 23:06,2020-08-29 23:07,3,9,4,3,3,,,,,,,
user21,2020-08-29,pm,2020-08-29 23:06,2020-08-29 23:07,,,,,,4,3,2,coffee,500,,
user21,2020-08-30,am,2020-08-30 10:00,2020-08-30 10:00,3,5,4,3,4,,,,,,,
user21,2020-08-30,pm,2020-08-30 22:42,2020-08-30 22:43,,,,,,3,3,4,,,,
user21,2020-08-31,am,2020-08-31 8:52,2020-08-31 8:52,3,6,2,3,3,,,,,,,
user21,2020-08-31,pm,2020-08-31 22:12,2020-08-31 22:12,,,,,,4,4,2,coffee,200,,
user21,2020-09-01,am,2020-09-01 7:48,2020-09-01 7:48,4,0,4,3,3,,,,,,,
user21,2020-09-01,pm,2020-09-01 21:06,2020-09-01 21:06,,,,,,3,2,2,coffee,200,,
user21,2020-09-02,am,2020-09-02 7:46,2020-09-02 7:46,4,0,4,4,4,,,,,,,
user21,2020-09-02,pm,2020-09-02 21:45,2020-09-02 21:46,,,,,,5,3,4,coffee,500,,
user21,2020-09-03,am,2020-09-03 7:56,2020-09-03 7:56,2,1,4,2,3,,,,,,,
user21,2020-09-03,pm,2020-09-03 21:25,2020-09-03 21:25,,,,,,5,3,3,coffee,200,,
user21,2020-09-04,am,2020-09-04 7:49,2020-09-04 7:50,4,0,4,3,4,,,,,,,
user21,2020-09-04,pm,2020-09-04 23:56,2020-09-04 23:56,,,,,,3,2,3,coffee,300,,
user21,2020-09-05,am,2020-09-05 9:58,2020-09-05 9:58,3,0,4,3,4,,,,,,,
user21,2020-09-05,pm,2020-09-05 22:26,2020-09-05 22:27,,,,,,5,5,4,,,,
user21,2020-09-06,am,2020-09-06 9:33,2020-09-06 9:33,4,0,4,4,5,,,,,,,
user21,2020-09-06,pm,2020-09-06 23:14,2020-09-06 23:14,,,,,,3,5,4,,,,
user21,2020-09-07,am,2020-09-07 7:48,2020-09-07 7:57,3,0,4,4,3,,,,,,,
user21,2020-09-07,pm,2020-09-07 21:26,2020-09-07 21:26,,,,,,5,4,4,coffee,200,,
user21,2020-09-08,am,2020-09-08 7:55,2020-09-08 7:55,4,0,4,4,3,,,,,,,
user21,2020-09-08,pm,2020-09-08 21:55,2020-09-08 21:55,,,,,,3,2,3,coffee,200,,
user21,2020-09-09,am,2020-09-09 8:49,2020-09-09 8:50,4,0,4,4,4,,,,,,,
user21,2020-09-09,pm,2020-09-09 23:10,2020-09-09 23:10,,,,,,4,5,3,tea,100,,
user21,2020-09-10,am,2020-09-10 7:54,2020-09-10 7:56,3,0,2,3,3,,,,,,,
user21,2020-09-10,pm,2020-09-10 21:48,2020-09-10 21:48,,,,,,5,5,4,coffee,200,,
user21,2020-09-11,am,2020-09-11 7:48,2020-09-11 7:49,4,5,2,4,4,,,,,,,
user21,2020-09-11,pm,2020-09-11 23:06,2020-09-11 23:06,,,,,,5,4,5,coffee,300,,
user21,2020-09-12,am,2020-09-12 18:49,2020-09-12 18:50,5,0,4,5,5,,,,,,,
user21,2020-09-12,pm,2020-09-12 18:49,2020-09-12 18:50,,,,,,5,5,5,,,,
user21,2020-09-13,am,2020-09-13 18:12,2020-09-13 18:14,3,0,2,3,3,,,,,,,
user21,2020-09-13,pm,2020-09-13 18:12,2020-09-13 18:14,,,,,,4,4,3,coffee,200,,
user21,2020-09-14,am,2020-09-14 8:56,2020-09-14 8:56,3,0,2,3,3,,,,,,,
user21,2020-09-14,pm,2020-09-14 22:02,2020-09-14 22:02,,,,,,5,5,5,coffee,200,,
user21,2020-09-15,am,2020-09-15 7:48,2020-09-15 7:49,4,0,4,3,4,,,,,,,
user21,2020-09-15,pm,2020-09-15 22:04,2020-09-15 22:04,,,,,,5,2,5,coffee,300,,
user21,2020-09-16,am,2020-09-16 10:51,2020-09-16 10:52,3,2,2,2,2,,,,,,,
user21,2020-09-16,pm,2020-09-16 22:49,2020-09-16 22:49,,,,,,5,5,5,coffee,300,,
user21,2020-09-17,am,2020-09-17 13:22,2020-09-17 13:22,4,0,4,5,5,,,,,,,
user21,2020-09-17,pm,2020-09-17 22:52,2020-09-17 22:52,,,,,,5,5,5,tea,200,,
user21,2020-09-18,am,2020-09-18 7:49,2020-09-18 7:50,2,0,4,2,3,,,,,,,
user21,2020-09-18,pm,2020-09-19 1:52,2020-09-19 1:52,,,,,,5,4,5,,,,
user21,2020-09-19,am,2020-09-20 20:47,2020-09-20 20:47,3,0,2,3,4,,,,,,,
user21,2020-09-19,pm,2020-09-20 20:47,2020-09-20 20:47,,,,,,4,5,5,,,,
user21,2020-09-20,am,2020-09-20 20:46,2020-09-20 20:46,3,0,4,4,5,,,,,,,
user21,2020-09-20,pm,2020-09-20 20:46,2020-09-20 20:46,,,,,,5,5,5,coffee,200,,
user21,2020-09-21,am,2020-09-21 8:43,2020-09-21 8:43,4,0,3,4,4,,,,,,,
user21,2020-09-21,pm,2020-09-21 22:49,2020-09-21 22:49,,,,,,4,4,4,coffee,200,,
user21,2020-09-22,am,2020-09-22 10:07,2020-09-22 10:07,4,0,4,3,2,,,,,,,
user21,2020-09-22,pm,2020-09-22 21:19,2020-09-22 21:19,,,,,,4,5,4,coffee,100,,
user21,2020-09-23,am,2020-09-23 12:53,2020-09-23 12:53,4,0,2,4,5,,,,,,,
user21,2020-09-23,pm,2020-09-23 21:19,2020-09-23 21:20,,,,,,5,5,5,coffee,100,,
user21,2020-09-24,am,2020-09-24 8:44,2020-09-24 8:45,4,0,1,3,3,,,,,,,
user21,2020-09-24,pm,2020-09-24 22:54,2020-09-24 22:54,,,,,,3,3,3,coffee,200,,
user21,2020-09-25,am,2020-09-25 12:12,2020-09-25 12:12,4,0,4,3,4,,,,,,,
user21,2020-09-25,pm,2020-09-25 23:44,2020-09-25 23:44,,,,,,5,5,5,coffee,300,,
user21,2020-09-26,am,2020-09-27 0:56,2020-09-27 0:57,3,0,2,4,5,,,,,,,
user21,2020-09-26,pm,2020-09-27 0:56,2020-09-27 0:57,,,,,,3,4,4,coffee,50,,
user21,2020-09-27,am,2020-09-27 22:13,2020-09-27 22:14,4,0,4,4,5,,,,,,,
user21,2020-09-27,pm,2020-09-27 22:13,2020-09-27 22:14,,,,,,5,5,5,,,,
user26,2020-08-31,am,2020-08-31 9:28,2020-08-31 9:29,4,3,4,4,4,,,,,,,
user26,2020-08-31,pm,2020-08-31 22:32,2020-08-31 22:32,,,,,,3,2,2,coffee,400,,
user26,2020-09-01,am,2020-09-01 10:10,2020-09-01 10:10,3,3,4,2,3,,,,,,,
user26,2020-09-01,pm,2020-09-01 23:42,2020-09-01 23:42,,,,,,4,4,2,,,beer,1500
user26,2020-09-02,am,2020-09-02 9:21,2020-09-02 9:21,3,2,2,3,3,,,,,,,
user26,2020-09-02,pm,2020-09-03 0:42,2020-09-03 0:42,,,,,,5,4,4,coffee,500,,
user26,2020-09-03,am,2020-09-03 10:19,2020-09-03 10:20,3,2,2,2,3,,,,,,,
user26,2020-09-03,pm,2020-09-04 0:27,2020-09-04 0:27,,,,,,4,4,4,coffee,400,beer,500
user26,2020-09-04,am,2020-09-04 9:57,2020-09-04 9:58,2,0,2,4,3,,,,,,,
user26,2020-09-04,pm,2020-09-04 22:58,2020-09-04 22:58,,,,,,4,3,4,coffee,500,,
user26,2020-09-05,am,2020-09-05 9:23,2020-09-05 9:24,4,5,4,4,3,,,,,,,
user26,2020-09-05,pm,2020-09-06 2:31,2020-09-06 2:31,,,,,,5,1,2,coffee,300,,
user26,2020-09-06,am,2020-09-06 11:56,2020-09-06 11:56,4,0,2,2,4,,,,,,,
user26,2020-09-06,pm,2020-09-07 2:07,2020-09-07 2:07,,,,,,5,5,5,coffee,300,,
user26,2020-09-07,am,2020-09-07 9:56,2020-09-07 9:56,4,0,4,4,4,,,,,,,
user26,2020-09-07,pm,2020-09-07 21:56,2020-09-07 21:56,,,,,,4,3,1,coffee,200,wine,200
user26,2020-09-08,am,2020-09-08 12:19,2020-09-08 12:20,4,0,2,2,3,,,,,,,
user26,2020-09-08,pm,2020-09-09 2:18,2020-09-09 2:19,,,,,,5,4,4,coffee,500,,
user26,2020-09-09,am,2020-09-09 11:17,2020-09-09 11:17,4,0,4,3,3,,,,,,,
user26,2020-09-09,pm,2020-09-10 1:19,2020-09-10 1:19,,,,,,4,4,2,coffee,300,,
user26,2020-09-10,am,2020-09-10 12:00,2020-09-10 12:00,4,0,4,3,3,,,,,,,
user26,2020-09-10,pm,2020-09-11 1:45,2020-09-11 1:45,,,,,,4,4,2,coffee,400,,
user26,2020-09-11,am,2020-09-11 12:21,2020-09-11 12:21,4,0,2,2,3,,,,,,,
user26,2020-09-11,pm,2020-09-12 12:30,2020-09-12 12:31,,,,,,5,4,1,coffee,300,wine&beer,2000
user26,2020-09-12,am,2020-09-12 11:36,2020-09-12 12:21,2,9,4,4,4,,,,,,,
user26,2020-09-12,pm,2020-09-13 3:29,2020-09-13 3:29,,,,,,4,4,1,coffee,900,,
user26,2020-09-13,am,2020-09-13 11:56,2020-09-13 11:56,4,9,4,4,4,,,,,,,
user26,2020-09-13,pm,2020-09-14 1:40,2020-09-14 1:40,,,,,,4,4,4,coffee,300,,
user26,2020-09-14,am,2020-09-14 12:58,2020-09-14 12:58,3,0,2,2,3,,,,,,,
user26,2020-09-14,pm,2020-09-15 1:46,2020-09-15 1:46,,,,,,4,3,2,coffee,600,,
user26,2020-09-15,am,2020-09-15 21:56,2020-09-15 21:57,2,5,2,2,2,,,,,,,
user26,2020-09-15,pm,2020-09-15 21:56,2020-09-15 21:57,,,,,,3,2,2,coffee,500,,
user26,2020-09-16,am,2020-09-16 12:15,2020-09-16 12:15,3,5,2,2,3,,,,,,,
user26,2020-09-16,pm,2020-09-17 0:45,2020-09-17 0:45,,,,,,4,1,4,coffee,300,beer,500
user26,2020-09-17,am,2020-09-17 9:40,2020-09-17 9:40,4,0,4,3,2,,,,,,,
user26,2020-09-17,pm,2020-09-18 0:52,2020-09-18 0:53,,,,,,4,2,2,coffee,500,,
user26,2020-09-18,am,2020-09-18 11:03,2020-09-18 11:04,4,0,4,4,2,,,,,,,
user26,2020-09-18,pm,2020-09-19 0:43,2020-09-19 0:43,,,,,,5,1,2,coffee,300,,
user26,2020-09-19,am,2020-09-19 21:17,2020-09-19 21:18,4,7,1,2,2,,,,,,,
user26,2020-09-19,pm,2020-09-19 21:17,2020-09-19 21:18,,,,,,4,4,1,coffee,300,beer,200
user26,2020-09-20,am,2020-09-20 17:12,2020-09-20 17:12,4,5,1,2,3,,,,,,,
user26,2020-09-20,pm,2020-09-21 3:26,2020-09-21 3:27,,,,,,4,2,4,coffee,600,,
user26,2020-09-21,am,2020-09-21 15:12,2020-09-21 15:12,3,5,2,2,3,,,,,,,
user26,2020-09-21,pm,2020-09-22 1:29,2020-09-22 1:29,,,,,,5,1,4,coffee,500,,
user26,2020-09-22,am,2020-09-22 13:11,2020-09-22 13:11,4,1,4,4,5,,,,,,,
user26,2020-09-22,pm,2020-09-23 0:53,2020-09-23 0:53,,,,,,4,4,2,,,wine,300
user26,2020-09-23,am,2020-09-23 13:00,2020-09-23 13:01,3,5,4,2,3,,,,,,,
user26,2020-09-23,pm,2020-09-24 1:57,2020-09-24 1:57,,,,,,4,4,1,coffee,200,,
user26,2020-09-24,am,2020-09-24 11:48,2020-09-24 11:49,4,5,4,3,4,,,,,,,
user26,2020-09-24,pm,2020-09-25 1:38,2020-09-25 1:38,,,,,,3,2,1,coffee,300,,
user26,2020-09-25,am,2020-09-25 13:28,2020-09-25 13:29,4,0,2,3,3,,,,,,,
user26,2020-09-25,pm,2020-09-26 3:03,2020-09-26 3:04,,,,,,4,4,4,coffee,300,,
user26,2020-09-26,am,2020-09-26 13:19,2020-09-26 13:20,4,0,4,4,4,,,,,,,
user26,2020-09-26,pm,2020-09-27 3:52,2020-09-27 3:52,,,,,,2,2,4,coffee,400,,
user01,2020-08-30,am,2020-08-30 12:59,2020-08-30 13:00,5,4,2,2,3,,,,,,,
user01,2020-08-30,pm,2020-08-30 23:24,2020-08-30 23:24,,,,,,4,2,4,,,,
user01,2020-08-31,am,2020-08-31 8:43,2020-08-31 8:43,3,6,2,3,3,,,,,,,
user01,2020-08-31,pm,2020-08-31 22:48,2020-08-31 22:49,,,,,,4,3,2,coffee,250,,
user01,2020-09-01,am,2020-09-01 10:17,2020-09-01 10:18,2,3,2,2,3,,,,,,,
user01,2020-09-01,pm,2020-09-01 23:18,2020-09-01 23:19,,,,,,4,3,2,coffee,1000,,
user01,2020-09-02,am,2020-09-02 10:35,2020-09-02 10:35,2,3,4,2,3,,,,,,,
user01,2020-09-02,pm,2020-09-02 23:55,2020-09-02 23:55,,,,,,4,3,4,coffee,500,,
user01,2020-09-03,am,2020-09-03 11:04,2020-09-03 11:04,3,3,2,2,3,,,,,,,
user01,2020-09-03,pm,2020-09-03 23:33,2020-09-03 23:33,,,,,,2,2,2,coffee,1000,not specified,1000
user01,2020-09-04,am,2020-09-04 12:33,2020-09-04 12:33,4,3,2,3,3,,,,,,,
user01,2020-09-04,pm,2020-09-04 23:35,2020-09-04 23:35,,,,,,4,2,2,coffee,500,not specified,500
user01,2020-09-05,am,2020-09-05 10:25,2020-09-05 10:25,3,3,4,2,3,,,,,,,
user01,2020-09-05,pm,2020-09-05 23:05,2020-09-05 23:05,,,,,,4,4,2,coffee,1000,not specified,1000
user01,2020-09-06,am,2020-09-06 10:44,2020-09-06 10:44,3,7,1,3,3,,,,,,,
user01,2020-09-06,pm,2020-09-06 23:25,2020-09-06 23:25,,,,,,5,2,4,coffee,1000,not specified,1000
user01,2020-09-07,am,2020-09-07 10:28,2020-09-07 10:28,2,3,2,2,5,,,,,,,
user01,2020-09-07,pm,2020-09-07 23:25,2020-09-07 23:25,,,,,,4,4,2,coffee,500,,
user01,2020-09-08,am,2020-09-08 10:45,2020-09-08 10:45,4,3,2,3,4,,,,,,,
user01,2020-09-08,pm,2020-09-09 1:52,2020-09-09 1:53,,,,,,5,4,2,coffee,1500,not specified,1500
user01,2020-09-09,am,2020-09-09 10:09,2020-09-09 10:09,2,7,1,3,3,,,,,,,
user01,2020-09-09,pm,2020-09-09 22:36,2020-09-09 22:36,,,,,,4,4,4,coffee,500,not specified,500
user01,2020-09-10,am,2020-09-10 13:01,2020-09-10 13:02,1,3,2,2,4,,,,,,,
user01,2020-09-10,pm,2020-09-10 23:28,2020-09-10 23:28,,,,,,5,4,2,coffee,1000,not specified,1000
user01,2020-09-11,am,2020-09-11 10:17,2020-09-11 10:17,3,3,1,2,3,,,,,,,
user01,2020-09-11,pm,2020-09-11 20:06,2020-09-11 20:06,,,,,,4,2,2,,,,
user01,2020-09-12,am,2020-09-13 0:34,2020-09-13 0:34,4,0,4,4,4,,,,,,,
user01,2020-09-12,pm,2020-09-13 0:34,2020-09-13 0:34,,,,,,4,4,4,,,,
user01,2020-09-13,am,2020-09-13 13:50,2020-09-13 13:50,2,3,4,2,3,,,,,,,
user01,2020-09-13,pm,2020-09-13 23:34,2020-09-13 23:34,,,,,,4,4,2,,,,
user01,2020-09-14,am,2020-09-14 11:30,2020-09-14 11:31,2,3,2,3,3,,,,,,,
user01,2020-09-14,pm,2020-09-15 0:59,2020-09-15 1:00,,,,,,5,2,4,coffee,1500,not specified,1500
user01,2020-09-15,am,2020-09-15 14:37,2020-09-15 14:38,4,3,2,3,3,,,,,,,
user01,2020-09-15,pm,2020-09-16 0:04,2020-09-16 0:04,,,,,,3,2,4,,,,
user01,2020-09-16,am,2020-09-16 10:12,2020-09-16 10:12,2,7,1,2,4,,,,,,,
user01,2020-09-16,pm,2020-09-16 22:25,2020-09-16 22:25,,,,,,4,4,4,coffee,1000,not specified,1000
user01,2020-09-17,am,2020-09-18 1:15,2020-09-18 1:16,3,3,2,4,3,,,,,,,
user01,2020-09-17,pm,2020-09-18 1:15,2020-09-18 1:16,,,,,,4,4,2,,,,
user01,2020-09-18,am,2020-09-18 14:30,2020-09-18 14:30,4,0,4,4,4,,,,,,,
user01,2020-09-18,pm,2020-09-19 2:30,2020-09-19 2:30,,,,,,5,2,2,,,,
user01,2020-09-19,am,2020-09-19 13:40,2020-09-19 13:40,2,0,4,2,3,,,,,,,
user01,2020-09-19,pm,2020-09-19 23:15,2020-09-19 23:16,,,,,,4,2,3,coffee,1000,not specified,1000
user01,2020-09-20,am,2020-09-20 10:40,2020-09-20 10:40,3,3,1,2,2,,,,,,,
user01,2020-09-20,pm,2020-09-21 3:23,2020-09-21 3:23,,,,,,4,2,2,coffee,500,not specified,500
user01,2020-09-21,am,2020-09-22 0:10,2020-09-22 0:10,3,0,1,3,3,,,,,,,
user01,2020-09-21,pm,2020-09-22 0:10,2020-09-22 0:10,,,,,,3,2,4,coffee,500,not specified,500
user01,2020-09-23,am,2020-09-23 12:32,2020-09-23 12:33,4,0,3,4,4,,,,,,,
user01,2020-09-23,pm,2020-09-24 0:08,2020-09-24 0:09,,,,,,4,4,4,coffee,1000,,
user01,2020-09-24,am,2020-09-25 0:42,2020-09-25 0:43,2,3,1,1,3,,,,,,,
user01,2020-09-24,pm,2020-09-25 0:42,2020-09-25 0:43,,,,,,4,4,1,coffee,1000,,
user01,2020-09-25,am,2020-09-25 12:00,2020-09-25 12:00,2,3,4,2,3,,,,,,,
user01,2020-09-25,pm,2020-09-26 2:52,2020-09-26 2:52,,,,,,5,4,4,,,,
user01,2020-09-26,am,2020-09-26 11:04,2020-09-26 11:05,2,2,4,1,2,,,,,,,
user01,2020-09-26,pm,2020-09-27 2:54,2020-09-27 2:55,,,,,,4,4,4,,,,
user01,2020-09-27,am,2020-09-27 10:19,2020-09-27 10:20,1,1,4,1,2,,,,,,,
user01,2020-09-27,pm,2020-09-28 2:49,2020-09-28 2:49,,,,,,4,4,2,,,,
user22,2020-09-01,am,2020-09-01 10:13,2020-09-01 10:14,3,3,4,1,1,,,,,,,
user22,2020-09-01,pm,2020-09-01 22:02,2020-09-01 22:03,,,,,,3,3,2,coffee,600,,
user22,2020-09-02,am,2020-09-02 8:14,2020-09-02 8:15,2,1,4,1,2,,,,,,,
user22,2020-09-02,pm,2020-09-02 20:04,2020-09-02 20:04,,,,,,4,4,2,coffee,300,,
user22,2020-09-03,am,2020-09-03 7:52,2020-09-03 7:53,3,1,4,1,1,,,,,,,
user22,2020-09-03,pm,2020-09-03 22:27,2020-09-03 22:27,,,,,,4,1,1,caffeinated drink,600,,
user22,2020-09-04,am,2020-09-04 9:27,2020-09-04 9:27,2,1,4,1,1,,,,,,,
user22,2020-09-04,pm,2020-09-05 0:19,2020-09-05 0:19,,,,,,3,1,1,coffee,600,,
user22,2020-09-05,am,2020-09-05 8:13,2020-09-05 8:14,2,1,4,1,1,,,,,,,
user22,2020-09-05,pm,2020-09-05 20:48,2020-09-05 20:48,,,,,,4,4,3,coffee,200,,
user22,2020-09-06,am,2020-09-06 8:41,2020-09-06 8:41,2,1,4,1,1,,,,,,,
user22,2020-09-06,pm,2020-09-07 0:34,2020-09-07 0:35,,,,,,4,4,2,coffee,200,,
user22,2020-09-07,am,2020-09-07 10:00,2020-09-07 10:00,4,7,1,1,1,,,,,,,
user22,2020-09-07,pm,2020-09-07 22:13,2020-09-07 22:13,,,,,,4,4,2,coffee,200,,
user22,2020-09-08,am,2020-09-08 8:05,2020-09-08 8:05,4,5,4,1,1,,,,,,,
user22,2020-09-08,pm,2020-09-08 20:18,2020-09-08 20:18,,,,,,4,3,2,coffee,200,,
user22,2020-09-09,am,2020-09-09 8:05,2020-09-09 8:05,2,7,1,1,1,,,,,,,
user22,2020-09-09,pm,2020-09-09 20:03,2020-09-09 20:03,,,,,,4,3,2,coffee,250,,
user22,2020-09-10,am,2020-09-10 8:00,2020-09-10 8:00,3,1,4,1,1,,,,,,,
user22,2020-09-10,pm,2020-09-10 22:24,2020-09-10 22:24,,,,,,1,1,1,coffee,500,,
user22,2020-09-11,am,2020-09-11 13:40,2020-09-11 13:40,4,0,4,1,1,,,,,,,
user22,2020-09-11,pm,2020-09-11 22:48,2020-09-11 22:48,,,,,,3,2,1,coffee,500,,
user22,2020-09-12,am,2020-09-12 8:32,2020-09-12 8:33,3,1,4,1,3,,,,,,,
user22,2020-09-12,pm,2020-09-12 22:02,2020-09-12 22:03,,,,,,3,3,2,coffee,300,,
user22,2020-09-13,am,2020-09-13 8:18,2020-09-13 8:18,4,0,4,1,1,,,,,,,
user22,2020-09-13,pm,2020-09-14 1:14,2020-09-14 1:14,,,,,,3,1,1,coffee,600,,
user22,2020-09-14,am,2020-09-14 9:23,2020-09-14 9:24,3,5,2,1,1,,,,,,,
user22,2020-09-14,pm,2020-09-14 23:08,2020-09-14 23:08,,,,,,3,4,2,coffee,300,,
user22,2020-09-15,am,2020-09-15 12:26,2020-09-15 12:26,4,0,4,1,1,,,,,,,
user22,2020-09-15,pm,2020-09-15 23:27,2020-09-15 23:28,,,,,,4,4,2,coffee,500,,
user22,2020-09-16,am,2020-09-16 9:37,2020-09-16 10:09,2,1,4,1,1,,,,,,,
user22,2020-09-16,pm,2020-09-16 20:19,2020-09-16 20:20,,,,,,3,2,1,coffee,400,,
user22,2020-09-17,am,2020-09-17 10:12,2020-09-17 10:12,2,1,4,1,1,,,,,,,
user22,2020-09-17,pm,2020-09-17 21:31,2020-09-17 21:31,,,,,,4,2,1,coffee,300,,
user22,2020-09-18,am,2020-09-18 15:16,2020-09-18 15:16,3,1,4,1,1,,,,,,,
user22,2020-09-18,pm,2020-09-18 20:00,2020-09-18 20:00,,,,,,4,2,2,coffee,500,,
user22,2020-09-19,am,2020-09-19 8:23,2020-09-19 8:23,4,5,4,1,1,,,,,,,
user22,2020-09-19,pm,2020-09-20 2:01,2020-09-20 2:02,,,,,,3,2,1,coffee,200,,
user22,2020-09-20,am,2020-09-20 11:14,2020-09-20 11:14,4,5,4,1,2,,,,,,,
user22,2020-09-20,pm,2020-09-20 22:40,2020-09-20 22:40,,,,,,4,2,1,coffee,300,,
user22,2020-09-21,am,2020-09-21 10:49,2020-09-21 10:50,4,0,4,1,1,,,,,,,
user22,2020-09-21,pm,2020-09-21 20:01,2020-09-21 20:01,,,,,,3,2,1,coffee,400,,
user22,2020-09-22,am,2020-09-22 16:50,2020-09-22 16:50,4,6,1,1,1,,,,,,,
user22,2020-09-22,pm,2020-09-23 0:31,2020-09-23 0:32,,,,,,4,2,1,coffee,300,,
user22,2020-09-23,am,2020-09-23 13:16,2020-09-23 13:16,4,6,4,1,1,,,,,,,
user22,2020-09-23,pm,2020-09-24 23:26,2020-09-24 23:26,,,,,,3,3,1,coffee,350,,
user22,2020-09-24,am,2020-09-24 14:52,2020-09-24 14:52,4,0,4,1,1,,,,,,,
user22,2020-09-24,pm,2020-09-24 23:25,2020-09-24 23:25,,,,,,3,1,1,coffee,400,,
user22,2020-09-25,am,2020-09-25 8:06,2020-09-25 8:06,4,1,4,1,2,,,,,,,
user22,2020-09-25,pm,2020-09-26 8:46,2020-09-26 8:46,,,,,,3,2,1,coffee,500,,
user22,2020-09-26,am,2020-09-26 8:45,2020-09-26 8:45,4,5,4,1,1,,,,,,,
user22,2020-09-26,pm,2020-09-27 23:20,2020-09-27 23:20,,,,,,3,2,1,coffee,400,,
user22,2020-09-27,am,2020-09-27 12:17,2020-09-27 12:17,4,0,1,1,1,,,,,,,
user22,2020-09-27,pm,2020-09-27 23:18,2020-09-27 23:18,,,,,,2,1,1,coffee,400,,
user29,2020-08-30,am,2020-08-31 0:27,2020-08-31 0:28,4,0,4,4,4,,,,,,,
user29,2020-08-30,pm,2020-08-31 0:27,2020-08-31 0:28,,,,,,2,2,2,coffee,300,,
user29,2020-08-31,am,2020-08-31 9:08,2020-08-31 9:09,3,0,4,2,3,,,,,,,
user29,2020-08-31,pm,2020-08-31 22:27,2020-08-31 22:27,,,,,,3,2,3,,,,
user29,2020-09-01,am,2020-09-01 8:51,2020-09-01 8:51,4,0,4,2,3,,,,,,,
user29,2020-09-01,pm,2020-09-01 22:11,2020-09-01 22:11,,,,,,3,2,1,,,,
user29,2020-09-02,am,2020-09-02 9:31,2020-09-02 9:31,4,0,4,2,3,,,,,,,
user29,2020-09-02,pm,2020-09-02 22:10,2020-09-02 22:11,,,,,,3,3,2,,,,
user29,2020-09-03,am,2020-09-03 8:41,2020-09-03 8:41,4,0,4,2,3,,,,,,,
user29,2020-09-03,pm,2020-09-03 22:33,2020-09-03 22:33,,,,,,3,3,3,,,,
user29,2020-09-04,am,2020-09-04 9:21,2020-09-04 9:21,4,0,4,2,3,,,,,,,
user29,2020-09-04,pm,2020-09-04 22:20,2020-09-04 22:20,,,,,,4,3,3,,,,
user29,2020-09-05,am,2020-09-05 22:17,2020-09-05 22:19,2,2,4,2,3,,,,,,,
user29,2020-09-05,pm,2020-09-05 22:17,2020-09-05 22:19,,,,,,4,3,4,coffee,300,,
user29,2020-09-06,am,2020-09-06 10:48,2020-09-06 10:48,4,0,4,4,4,,,,,,,
user29,2020-09-06,pm,2020-09-06 23:07,2020-09-06 23:08,,,,,,3,4,2,coffee,300,,
user29,2020-09-07,am,2020-09-07 9:40,2020-09-07 9:41,3,5,4,2,3,,,,,,,
user29,2020-09-07,pm,2020-09-07 23:07,2020-09-07 23:07,,,,,,3,3,2,,,,
user29,2020-09-08,am,2020-09-08 9:54,2020-09-08 9:54,3,0,4,4,3,,,,,,,
user29,2020-09-08,pm,2020-09-08 22:55,2020-09-08 22:55,,,,,,3,3,2,,,,
user29,2020-09-09,am,2020-09-09 10:20,2020-09-09 10:20,3,0,4,3,3,,,,,,,
user29,2020-09-09,pm,2020-09-09 22:27,2020-09-09 22:27,,,,,,3,3,3,,,,
user29,2020-09-10,am,2020-09-10 9:14,2020-09-10 9:15,3,0,4,2,3,,,,,,,
user29,2020-09-10,pm,2020-09-10 22:47,2020-09-10 22:47,,,,,,3,3,2,,,,
user29,2020-09-11,am,2020-09-11 9:35,2020-09-11 9:36,3,0,2,2,3,,,,,,,
user29,2020-09-11,pm,2020-09-12 0:02,2020-09-12 0:02,,,,,,4,3,2,,,soju,300
user29,2020-09-12,am,2020-09-12 11:10,2020-09-12 11:11,3,0,4,2,3,,,,,,,
user29,2020-09-12,pm,2020-09-12 23:37,2020-09-12 23:37,,,,,,3,4,2,,,,
user29,2020-09-13,am,2020-09-13 11:37,2020-09-13 11:37,4,0,4,2,3,,,,,,,
user29,2020-09-13,pm,2020-09-13 23:51,2020-09-13 23:51,,,,,,3,4,3,,,,
user29,2020-09-14,am,2020-09-14 9:13,2020-09-14 9:13,4,0,4,3,4,,,,,,,
user29,2020-09-14,pm,2020-09-14 23:00,2020-09-14 23:00,,,,,,4,2,2,,,kaoliang,150
user29,2020-09-15,am,2020-09-15 10:42,2020-09-15 10:42,3,6,4,3,3,,,,,,,
user29,2020-09-15,pm,2020-09-15 23:16,2020-09-15 23:16,,,,,,3,2,3,,,,
user29,2020-09-16,am,2020-09-16 9:00,2020-09-16 9:00,4,0,4,2,3,,,,,,,
user29,2020-09-16,pm,2020-09-16 22:38,2020-09-16 22:38,,,,,,3,3,2,,,,
user29,2020-09-17,am,2020-09-17 9:29,2020-09-17 9:29,3,0,4,3,3,,,,,,,
user29,2020-09-17,pm,2020-09-17 22:31,2020-09-17 22:31,,,,,,3,3,2,,,,
user29,2020-09-18,am,2020-09-18 9:11,2020-09-18 9:12,3,0,2,4,3,,,,,,,
user29,2020-09-18,pm,2020-09-18 21:57,2020-09-18 21:57,,,,,,3,3,2,,,,
user29,2020-09-19,am,2020-09-19 9:37,2020-09-19 9:38,3,0,4,3,4,,,,,,,
user29,2020-09-19,pm,2020-09-19 23:12,2020-09-19 23:12,,,,,,3,3,3,,,,
user29,2020-09-20,am,2020-09-20 10:02,2020-09-20 10:02,4,0,2,3,3,,,,,,,
user29,2020-09-20,pm,2020-09-20 22:16,2020-09-20 22:17,,,,,,3,3,3,,,,
user29,2020-09-21,am,2020-09-21 8:58,2020-09-21 8:58,4,0,4,3,3,,,,,,,
user29,2020-09-21,pm,2020-09-21 22:18,2020-09-21 22:18,,,,,,3,3,3,,,,
user29,2020-09-22,am,2020-09-22 9:12,2020-09-22 9:12,3,0,4,4,4,,,,,,,
user29,2020-09-22,pm,2020-09-22 23:12,2020-09-22 23:12,,,,,,3,3,3,,,,
user29,2020-09-23,am,2020-09-23 7:47,2020-09-23 9:09,3,0,4,2,3,,,,,,,
user29,2020-09-23,pm,2020-09-24 0:09,2020-09-24 0:09,,,,,,3,3,3,,,beer,1000
user29,2020-09-24,am,2020-09-24 9:37,2020-09-24 9:37,3,0,4,2,3,,,,,,,
user29,2020-09-24,pm,2020-09-24 22:24,2020-09-24 22:24,,,,,,3,3,3,,,,
user29,2020-09-25,am,2020-09-25 9:10,2020-09-25 9:10,3,0,4,4,4,,,,,,,
user29,2020-09-25,pm,2020-09-25 22:03,2020-09-25 22:03,,,,,,4,3,3,,,,
user29,2020-09-26,am,2020-09-26 11:12,2020-09-26 11:12,4,0,2,4,4,,,,,,,
user29,2020-09-26,pm,2020-09-26 23:37,2020-09-26 23:37,,,,,,4,3,3,,,kaoliang,80
user29,2020-09-27,am,2020-09-27 12:05,2020-09-27 12:05,4,0,4,3,3,,,,,,,
user29,2020-09-27,pm,2020-09-28 0:18,2020-09-28 0:18,,,,,,3,3,3,,,,
user25,2020-08-31,am,2020-08-31 7:34,2020-08-31 7:35,1,0,2,2,3,,,,,,,
user25,2020-08-31,pm,2020-08-31 21:43,2020-08-31 21:45,,,,,,3,2,1,coffee,500,,
user25,2020-09-01,am,2020-09-01 10:35,2020-09-01 10:35,2,9,2,2,3,,,,,,,
user25,2020-09-01,pm,2020-09-01 22:57,2020-09-01 22:57,,,,,,2,2,1,coffee,500,,
user25,2020-09-02,am,2020-09-02 12:44,2020-09-02 12:44,4,0,2,4,4,,,,,,,
user25,2020-09-02,pm,2020-09-02 22:14,2020-09-02 22:15,,,,,,3,2,2,,,,
user25,2020-09-03,am,2020-09-03 7:58,2020-09-03 7:59,1,0,4,2,2,,,,,,,
user25,2020-09-03,pm,2020-09-03 22:56,2020-09-03 22:56,,,,,,4,2,1,,,,
user25,2020-09-04,am,2020-09-04 7:42,2020-09-04 7:43,3,6,2,1,2,,,,,,,
user25,2020-09-04,pm,2020-09-05 0:22,2020-09-05 0:23,,,,,,3,2,1,coffee,500,soju,500
user25,2020-09-05,am,2020-09-05 11:53,2020-09-05 11:54,4,0,4,3,3,,,,,,,
user25,2020-09-05,pm,2020-09-06 0:19,2020-09-06 0:19,,,,,,3,2,1,,,,
user25,2020-09-06,am,2020-09-06 14:28,2020-09-06 14:29,2,7,2,1,1,,,,,,,
user25,2020-09-06,pm,2020-09-07 0:07,2020-09-07 0:08,,,,,,5,2,2,,,,
user25,2020-09-07,am,2020-09-07 8:45,2020-09-07 8:45,3,0,4,2,2,,,,,,,
user25,2020-09-07,pm,2020-09-08 0:24,2020-09-08 0:24,,,,,,4,2,2,coffee,250,,
user25,2020-09-08,am,2020-09-08 7:25,2020-09-08 7:25,2,2,4,4,3,,,,,,,
user25,2020-09-08,pm,2020-09-08 20:11,2020-09-08 20:12,,,,,,4,4,1,,,,
user25,2020-09-09,am,2020-09-09 7:42,2020-09-09 7:42,4,0,4,2,3,,,,,,,
user25,2020-09-09,pm,2020-09-09 23:54,2020-09-09 23:54,,,,,,2,1,1,,,,
user25,2020-09-10,am,2020-09-10 9:02,2020-09-10 9:04,4,0,4,4,4,,,,,,,
user25,2020-09-10,pm,2020-09-11 1:03,2020-09-11 1:03,,,,,,4,4,2,,,cognac,300
user25,2020-09-11,am,2020-09-11 9:03,2020-09-11 9:04,5,0,4,5,4,,,,,,,
user25,2020-09-11,pm,2020-09-12 0:15,2020-09-12 0:15,,,,,,3,2,2,coffee,250,,
user25,2020-09-12,am,2020-09-12 13:46,2020-09-12 15:12,5,0,4,5,5,,,,,,,
user25,2020-09-12,pm,2020-09-13 3:16,2020-09-13 3:17,,,,,,4,2,2,coffee,500,,
user25,2020-09-13,am,2020-09-13 10:56,2020-09-13 13:36,4,0,4,4,4,,,,,,,
user25,2020-09-13,pm,2020-09-14 3:26,2020-09-14 3:26,,,,,,2,1,1,coffee,1000,,
user25,2020-09-14,am,2020-09-14 8:45,2020-09-14 8:45,4,9,4,4,4,,,,,,,
user25,2020-09-14,pm,2020-09-15 2:43,2020-09-15 2:44,,,,,,3,2,1,coffee,500,,
user25,2020-09-15,am,2020-09-15 8:43,2020-09-15 8:43,2,0,4,2,3,,,,,,,
user25,2020-09-15,pm,2020-09-16 1:39,2020-09-16 1:40,,,,,,1,1,1,coffee,1000,,
user25,2020-09-16,am,2020-09-16 9:03,2020-09-16 9:03,5,0,4,4,4,,,,,,,
user25,2020-09-16,pm,2020-09-17 0:55,2020-09-17 0:55,,,,,,3,1,2,,,,
user25,2020-09-17,am,2020-09-17 9:01,2020-09-17 9:02,4,0,4,3,3,,,,,,,
user25,2020-09-17,pm,2020-09-18 1:59,2020-09-18 1:59,,,,,,3,2,1,,,,
user25,2020-09-18,am,2020-09-18 8:00,2020-09-18 8:01,5,0,1,5,5,,,,,,,
user25,2020-09-18,pm,2020-09-19 0:22,2020-09-19 0:22,,,,,,4,2,2,coffee,500,,
user25,2020-09-19,am,2020-09-19 9:14,2020-09-19 9:15,4,3,2,5,4,,,,,,,
user25,2020-09-19,pm,2020-09-20 0:38,2020-09-20 0:38,,,,,,3,2,1,,,,
user25,2020-09-20,am,2020-09-20 11:23,2020-09-20 11:24,5,7,1,4,2,,,,,,,
user25,2020-09-20,pm,2020-09-21 3:33,2020-09-21 3:33,,,,,,3,2,1,,,,
user25,2020-09-21,am,2020-09-21 9:29,2020-09-21 9:30,4,0,4,2,2,,,,,,,
user25,2020-09-21,pm,2020-09-22 0:20,2020-09-22 0:20,,,,,,3,2,1,,,,
user25,2020-09-22,am,2020-09-22 5:12,2020-09-22 5:12,4,0,4,4,2,,,,,,,
user25,2020-09-22,pm,2020-09-23 2:45,2020-09-23 2:46,,,,,,2,1,1,coffee,1000,,
user25,2020-09-23,am,2020-09-23 13:48,2020-09-23 13:49,4,0,4,4,3,,,,,,,
user25,2020-09-23,pm,2020-09-24 2:44,2020-09-24 2:44,,,,,,3,2,2,,,,
user25,2020-09-24,am,2020-09-24 9:01,2020-09-24 9:02,5,0,4,4,3,,,,,,,
user25,2020-09-24,pm,2020-09-25 5:31,2020-09-25 5:31,,,,,,4,1,1,,,,
user25,2020-09-26,am,2020-09-26 6:41,2020-09-26 6:41,2,0,4,2,3,,,,,,,
user25,2020-09-26,pm,2020-09-27 4:10,2020-09-27 4:11,,,,,,3,2,3,coffee,50,,
user25,2020-09-27,am,2020-09-27 14:37,2020-09-27 14:37,4,0,4,3,4,,,,,,,
user25,2020-09-27,pm,2020-09-28 1:07,2020-09-28 1:07,,,,,,3,3,4,coffee,1000,,
user09,2020-08-31,am,2020-08-31 9:48,2020-08-31 9:48,3,2,2,2,3,,,,,,,
user09,2020-08-31,pm,2020-08-31 21:34,2020-08-31 21:37,,,,,,3,2,2,coffee,330,,
user09,2020-09-01,am,2020-09-01 9:33,2020-09-01 9:33,3,2,4,4,3,,,,,,,
user09,2020-09-01,pm,2020-09-01 21:48,2020-09-01 21:48,,,,,,3,2,1,coffee,700,,
user09,2020-09-02,am,2020-09-02 9:26,2020-09-02 9:26,2,5,4,2,3,,,,,,,
user09,2020-09-02,pm,2020-09-02 22:58,2020-09-02 22:58,,,,,,3,3,2,,,,
user09,2020-09-03,am,2020-09-03 9:09,2020-09-03 9:09,2,2,4,2,3,,,,,,,
user09,2020-09-03,pm,2020-09-03 21:13,2020-09-03 21:13,,,,,,4,4,2,coffee,500,,
user09,2020-09-04,am,2020-09-04 10:05,2020-09-04 10:06,2,2,4,2,2,,,,,,,
user09,2020-09-04,pm,2020-09-04 22:44,2020-09-04 22:44,,,,,,4,4,2,,,,
user09,2020-09-05,am,2020-09-05 6:49,2020-09-05 6:49,2,2,4,2,3,,,,,,,
user09,2020-09-05,pm,2020-09-05 22:38,2020-09-05 22:40,,,,,,2,2,1,,,,
user09,2020-09-06,am,2020-09-06 8:39,2020-09-06 8:39,2,2,1,2,2,,,,,,,
user09,2020-09-06,pm,2020-09-06 23:03,2020-09-06 23:03,,,,,,3,3,2,caffeinated drink,355,,
user09,2020-09-07,am,2020-09-07 11:33,2020-09-07 11:34,3,2,3,3,3,,,,,,,
user09,2020-09-07,pm,2020-09-07 22:09,2020-09-07 22:10,,,,,,3,4,4,coffee,500,,
user09,2020-09-08,am,2020-09-08 11:30,2020-09-08 11:30,2,4,4,2,3,,,,,,,
user09,2020-09-08,pm,2020-09-08 23:21,2020-09-08 23:22,,,,,,4,4,2,,,,
user09,2020-09-09,am,2020-09-09 10:03,2020-09-09 10:03,3,0,4,3,4,,,,,,,
user09,2020-09-09,pm,2020-09-09 22:57,2020-09-09 22:57,,,,,,4,4,3,caffeinated drink,355,,
user09,2020-09-10,am,2020-09-10 12:51,2020-09-10 12:51,3,0,3,3,3,,,,,,,
user09,2020-09-10,pm,2020-09-10 23:28,2020-09-10 23:29,,,,,,2,2,3,,,,
user09,2020-09-11,am,2020-09-11 11:58,2020-09-11 11:58,3,0,4,3,4,,,,,,,
user09,2020-09-11,pm,2020-09-11 23:36,2020-09-11 23:36,,,,,,3,4,2,coffee,360,,
user09,2020-09-12,am,2020-09-12 7:08,2020-09-12 7:08,3,0,4,4,3,,,,,,,
user09,2020-09-12,pm,2020-09-12 22:05,2020-09-12 22:05,,,,,,4,4,2,coffee,350,,
user09,2020-09-13,am,2020-09-13 12:07,2020-09-13 12:07,2,1,4,2,3,,,,,,,
user09,2020-09-13,pm,2020-09-13 22:06,2020-09-13 22:06,,,,,,3,3,2,caffeinated drink,355,,
user09,2020-09-14,am,2020-09-14 9:49,2020-09-14 9:49,3,1,3,2,3,,,,,,,
user09,2020-09-14,pm,2020-09-14 22:59,2020-09-14 22:59,,,,,,3,3,2,coffee,500,,
user09,2020-09-15,am,2020-09-15 11:26,2020-09-15 11:26,3,0,4,3,4,,,,,,,
user09,2020-09-15,pm,2020-09-15 22:44,2020-09-15 22:44,,,,,,4,3,2,,,,
user09,2020-09-16,am,2020-09-16 13:52,2020-09-16 13:52,3,0,2,3,3,,,,,,,
user09,2020-09-16,pm,2020-09-17 1:07,2020-09-17 1:08,,,,,,4,4,2,,,beer,330
user09,2020-09-17,am,2020-09-17 15:56,2020-09-17 15:56,3,0,4,2,3,,,,,,,
user09,2020-09-17,pm,2020-09-17 22:04,2020-09-17 22:04,,,,,,3,3,2,,,,
user09,2020-09-18,am,2020-09-18 14:04,2020-09-18 14:04,2,0,4,2,3,,,,,,,
user09,2020-09-18,pm,2020-09-18 23:43,2020-09-18 23:44,,,,,,3,2,3,coffee,600,,
user09,2020-09-19,am,2020-09-19 13:05,2020-09-19 13:05,2,2,4,1,2,,,,,,,
user09,2020-09-19,pm,2020-09-19 22:19,2020-09-19 22:20,,,,,,4,2,2,caffeinated drink,355,,
user09,2020-09-20,am,2020-09-20 16:28,2020-09-20 16:28,4,0,4,2,3,,,,,,,
user09,2020-09-20,pm,2020-09-20 23:00,2020-09-20 23:00,,,,,,3,2,2,coffee,600,,
user09,2020-09-21,am,2020-09-21 13:59,2020-09-21 13:59,3,0,3,2,4,,,,,,,
user09,2020-09-21,pm,2020-09-22 2:17,2020-09-22 2:17,,,,,,5,4,3,,,beer,355
user09,2020-09-22,am,2020-09-22 10:58,2020-09-22 10:58,3,0,4,3,4,,,,,,,
user09,2020-09-22,pm,2020-09-22 21:18,2020-09-22 21:18,,,,,,3,2,1,,,,
user09,2020-09-23,am,2020-09-23 11:56,2020-09-23 11:57,4,0,4,3,2,,,,,,,
user09,2020-09-23,pm,2020-09-23 22:22,2020-09-23 22:22,,,,,,4,4,2,,,,
user09,2020-09-24,am,2020-09-24 12:57,2020-09-24 12:57,4,0,4,4,3,,,,,,,
user09,2020-09-24,pm,2020-09-24 23:41,2020-09-24 23:41,,,,,,5,4,3,,,beer,500
user09,2020-09-25,am,2020-09-25 17:57,2020-09-25 17:57,3,0,2,2,3,,,,,,,
user09,2020-09-25,pm,2020-09-25 22:42,2020-09-25 22:42,,,,,,2,2,2,,,,
user09,2020-09-26,am,2020-09-26 11:13,2020-09-26 11:14,2,2,4,2,4,,,,,,,
user09,2020-09-26,pm,2020-09-26 22:20,2020-09-26 22:21,,,,,,2,2,2,coffee,500,,
user09,2020-09-27,am,2020-09-27 8:27,2020-09-27 8:27,4,0,4,2,3,,,,,,,
user09,2020-09-27,pm,2020-09-27 21:39,2020-09-27 21:39,,,,,,2,1,3,,,,
user30,2020-08-31,am,2020-08-31 8:09,2020-08-31 8:09,3,1,4,2,3,,,,,,,
user30,2020-08-31,pm,2020-08-31 22:58,2020-08-31 22:59,,,,,,4,2,2,coffee,450,,
user30,2020-09-01,am,2020-09-01 8:03,2020-09-01 8:03,2,5,4,2,2,,,,,,,
user30,2020-09-01,pm,2020-09-01 22:21,2020-09-01 22:21,,,,,,4,1,2,,,,
user30,2020-09-02,am,2020-09-02 8:15,2020-09-02 8:15,4,0,4,2,3,,,,,,,
user30,2020-09-02,pm,2020-09-02 22:30,2020-09-02 22:30,,,,,,4,2,2,,,,
user30,2020-09-03,am,2020-09-03 8:13,2020-09-03 8:14,4,0,4,2,3,,,,,,,
user30,2020-09-03,pm,2020-09-03 22:26,2020-09-03 22:26,,,,,,4,2,1,,,,
user30,2020-09-04,am,2020-09-04 8:07,2020-09-04 8:07,4,0,4,2,3,,,,,,,
user30,2020-09-04,pm,2020-09-04 22:43,2020-09-04 22:43,,,,,,4,4,3,,,,
user30,2020-09-05,am,2020-09-05 8:39,2020-09-05 8:39,4,0,4,3,4,,,,,,,
user30,2020-09-05,pm,2020-09-05 23:12,2020-09-05 23:12,,,,,,4,4,4,,,,
user30,2020-09-06,am,2020-09-06 10:18,2020-09-06 10:18,4,0,4,3,4,,,,,,,
user30,2020-09-06,pm,2020-09-06 22:11,2020-09-06 22:11,,,,,,3,3,4,,,,
user30,2020-09-07,am,2020-09-07 8:08,2020-09-07 8:08,2,1,4,2,2,,,,,,,
user30,2020-09-07,pm,2020-09-07 22:39,2020-09-07 22:39,,,,,,3,2,3,,,,
user30,2020-09-08,am,2020-09-08 8:16,2020-09-08 8:16,4,0,4,3,3,,,,,,,
user30,2020-09-08,pm,2020-09-08 22:47,2020-09-08 22:47,,,,,,3,2,1,,,,
user30,2020-09-09,am,2020-09-09 8:10,2020-09-09 8:10,2,0,1,2,2,,,,,,,
user30,2020-09-09,pm,2020-09-09 23:12,2020-09-09 23:12,,,,,,3,3,3,,,,
user30,2020-09-10,am,2020-09-10 8:33,2020-09-10 8:34,2,3,4,2,2,,,,,,,
user30,2020-09-10,pm,2020-09-10 22:35,2020-09-10 22:35,,,,,,3,3,3,,,,
user30,2020-09-11,am,2020-09-11 8:25,2020-09-11 8:25,3,0,4,2,2,,,,,,,
user30,2020-09-11,pm,2020-09-11 22:52,2020-09-11 22:52,,,,,,4,3,1,,,,
user30,2020-09-12,am,2020-09-12 9:50,2020-09-12 9:50,4,0,4,3,3,,,,,,,
user30,2020-09-12,pm,2020-09-12 23:13,2020-09-12 23:14,,,,,,3,3,3,,,,
user30,2020-09-13,am,2020-09-13 10:25,2020-09-13 10:25,3,0,4,2,2,,,,,,,
user30,2020-09-13,pm,2020-09-13 22:42,2020-09-13 22:42,,,,,,3,3,3,,,,
user30,2020-09-14,am,2020-09-14 8:21,2020-09-14 8:21,4,0,4,3,3,,,,,,,
user30,2020-09-14,pm,2020-09-14 22:56,2020-09-14 22:56,,,,,,3,3,2,,,,
user30,2020-09-15,am,2020-09-15 8:16,2020-09-15 8:16,2,1,4,2,2,,,,,,,
user30,2020-09-15,pm,2020-09-15 23:20,2020-09-15 23:20,,,,,,3,2,1,,,,
user30,2020-09-16,am,2020-09-16 8:23,2020-09-16 8:28,3,0,4,3,3,,,,,,,
user30,2020-09-16,pm,2020-09-16 21:19,2020-09-16 21:19,,,,,,3,3,2,,,,
user30,2020-09-17,am,2020-09-17 8:16,2020-09-17 8:16,3,0,4,2,2,,,,,,,
user30,2020-09-17,pm,2020-09-17 21:40,2020-09-17 21:40,,,,,,3,3,3,,,,
user30,2020-09-18,am,2020-09-18 8:53,2020-09-18 8:53,3,0,4,2,2,,,,,,,
user30,2020-09-18,pm,2020-09-18 23:16,2020-09-18 23:16,,,,,,3,3,3,,,,
user30,2020-09-19,am,2020-09-19 10:14,2020-09-19 10:14,3,5,4,3,3,,,,,,,
user30,2020-09-19,pm,2020-09-19 22:42,2020-09-19 22:42,,,,,,4,3,4,,,,
user30,2020-09-20,am,2020-09-20 9:59,2020-09-20 9:59,3,0,4,3,3,,,,,,,
user30,2020-09-20,pm,2020-09-20 23:10,2020-09-20 23:11,,,,,,3,3,3,,,,
user30,2020-09-21,am,2020-09-21 7:51,2020-09-21 7:51,3,0,4,3,3,,,,,,,
user30,2020-09-21,pm,2020-09-21 22:48,2020-09-21 22:48,,,,,,3,3,1,,,,
user30,2020-09-22,am,2020-09-22 8:12,2020-09-22 8:12,3,0,4,2,3,,,,,,,
user30,2020-09-22,pm,2020-09-22 20:06,2020-09-22 20:06,,,,,,3,3,3,,,,
user30,2020-09-23,am,2020-09-23 8:07,2020-09-23 8:07,3,0,4,2,3,,,,,,,
user30,2020-09-23,pm,2020-09-23 23:17,2020-09-23 23:18,,,,,,3,3,3,,,,
user30,2020-09-24,am,2020-09-24 8:06,2020-09-24 8:06,3,0,4,3,2,,,,,,,
user30,2020-09-24,pm,2020-09-24 21:26,2020-09-24 21:26,,,,,,3,3,2,,,,
user30,2020-09-25,am,2020-09-25 8:03,2020-09-25 8:03,4,0,4,2,2,,,,,,,
user30,2020-09-25,pm,2020-09-25 21:09,2020-09-25 21:09,,,,,,3,3,3,,,,
user30,2020-09-26,am,2020-09-26 9:37,2020-09-26 9:38,3,0,4,3,3,,,,,,,
user30,2020-09-26,pm,2020-09-26 21:07,2020-09-26 21:07,,,,,,3,4,5,,,,
user30,2020-09-27,am,2020-09-27 9:27,2020-09-27 9:28,3,0,4,3,3,,,,,,,
user30,2020-09-27,pm,2020-09-27 22:50,2020-09-27 22:50,,,,,,3,3,4,,,,
user07,2020-08-31,am,2020-08-31 8:59,2020-08-31 9:00,4,0,4,4,4,,,,,,,
user07,2020-08-31,pm,2020-08-31 23:08,2020-08-31 23:09,,,,,,5,5,5,,,beer&rice wine,3000
user07,2020-09-01,am,2020-09-01 11:14,2020-09-01 11:14,3,0,4,3,3,,,,,,,
user07,2020-09-01,pm,2020-09-01 23:44,2020-09-01 23:45,,,,,,4,3,4,,,,
user07,2020-09-02,am,2020-09-02 12:18,2020-09-02 12:19,5,6,2,4,4,,,,,,,
user07,2020-09-02,pm,2020-09-03 0:59,2020-09-03 1:00,,,,,,3,2,3,,,,
user07,2020-09-03,am,2020-09-03 7:37,2020-09-03 7:39,2,7,1,3,2,,,,,,,
user07,2020-09-03,pm,2020-09-03 22:04,2020-09-03 22:05,,,,,,5,3,1,,,beer,3000
user07,2020-09-04,am,2020-09-04 13:10,2020-09-04 13:11,5,6,2,4,4,,,,,,,
user07,2020-09-04,pm,2020-09-05 0:25,2020-09-05 0:26,,,,,,5,5,4,,,wine,1500
user07,2020-09-05,am,2020-09-05 11:51,2020-09-05 11:52,2,6,2,2,3,,,,,,,
user07,2020-09-05,pm,2020-09-06 0:00,2020-09-06 0:01,,,,,,4,2,3,,,beer,3000
user07,2020-09-06,am,2020-09-07 8:35,2020-09-07 8:35,2,6,4,3,3,,,,,,,
user07,2020-09-06,pm,2020-09-07 8:35,2020-09-07 8:35,,,,,,2,2,2,,,soju&beer,4000
user07,2020-09-07,am,2020-09-07 8:25,2020-09-07 8:25,1,6,2,1,3,,,,,,,
user07,2020-09-07,pm,2020-09-07 22:53,2020-09-07 22:54,,,,,,3,2,1,,,beer,3500
user07,2020-09-08,am,2020-09-08 5:45,2020-09-08 5:45,3,6,4,3,3,,,,,,,
user07,2020-09-08,pm,2020-09-09 0:03,2020-09-09 0:04,,,,,,4,3,4,,,beer,1000
user07,2020-09-09,am,2020-09-09 19:57,2020-09-09 19:58,2,2,4,2,3,,,,,,,
user07,2020-09-09,pm,2020-09-09 19:57,2020-09-09 19:58,,,,,,3,3,1,,,,
user07,2020-09-10,am,2020-09-10 6:41,2020-09-10 6:42,1,0,4,1,2,,,,,,,
user07,2020-09-10,pm,2020-09-11 0:06,2020-09-11 0:07,,,,,,5,4,1,,,soju&beer,2000
user07,2020-09-11,am,2020-09-11 18:27,2020-09-11 18:28,5,0,4,4,5,,,,,,,
user07,2020-09-11,pm,2020-09-11 18:27,2020-09-11 18:28,,,,,,4,5,4,,,,
user07,2020-09-12,am,2020-09-12 22:21,2020-09-12 22:21,2,6,4,2,2,,,,,,,
user07,2020-09-12,pm,2020-09-12 22:21,2020-09-12 22:21,,,,,,4,4,2,,,beer,3500
user07,2020-09-13,am,2020-09-15 2:10,2020-09-15 2:11,3,1,4,2,3,,,,,,,
user07,2020-09-13,pm,2020-09-15 2:10,2020-09-15 2:11,,,,,,4,3,2,,,,
user07,2020-09-14,am,2020-09-14 22:25,2020-09-14 22:27,3,0,4,2,3,,,,,,,
user07,2020-09-14,pm,2020-09-14 22:25,2020-09-14 22:27,,,,,,4,4,2,,,rice wine,1500
user07,2020-09-15,am,2020-09-15 23:17,2020-09-15 23:18,1,0,2,1,2,,,,,,,
user07,2020-09-15,pm,2020-09-15 23:17,2020-09-15 23:18,,,,,,4,3,1,,,,
user07,2020-09-16,am,2020-09-17 0:10,2020-09-17 0:10,3,9,2,2,3,,,,,,,
user07,2020-09-16,pm,2020-09-17 0:10,2020-09-17 0:10,,,,,,3,2,1,,,,
user07,2020-09-18,am,2020-09-18 10:23,2020-09-18 10:23,5,0,4,5,5,,,,,,,
user07,2020-09-18,pm,2020-09-21 2:15,2020-09-21 2:15,,,,,,5,5,5,,,soju&beer,5000
user07,2020-09-20,am,2020-09-21 2:24,2020-09-21 2:24,2,1,2,2,2,,,,,,,
user07,2020-09-20,pm,2020-09-21 2:24,2020-09-21 2:24,,,,,,4,2,1,,,beer,4000
user07,2020-09-21,am,2020-09-21 7:41,2020-09-21 7:41,2,0,4,2,3,,,,,,,
user07,2020-09-21,pm,2020-09-21 23:40,2020-09-21 23:41,,,,,,3,3,1,,,,
user07,2020-09-22,am,2020-09-22 23:21,2020-09-22 23:22,3,0,4,2,2,,,,,,,
user07,2020-09-22,pm,2020-09-22 23:21,2020-09-22 23:22,,,,,,4,4,1,,,,
user07,2020-09-23,am,2020-09-23 10:42,2020-09-23 10:43,3,0,4,2,3,,,,,,,
user07,2020-09-23,pm,2020-09-24 0:15,2020-09-24 0:15,,,,,,4,3,2,,,beer,2000
user07,2020-09-24,am,2020-09-24 7:04,2020-09-24 7:04,1,0,4,2,3,,,,,,,
user07,2020-09-24,pm,2020-09-26 23:32,2020-09-26 23:32,,,,,,3,4,1,,,,
user07,2020-09-25,am,2020-09-25 9:18,2020-09-25 9:18,4,7,1,4,3,,,,,,,
user07,2020-09-25,pm,2020-09-27 0:12,2020-09-27 0:13,,,,,,4,5,2,,,beer,7000
user07,2020-09-26,am,2020-09-26 8:35,2020-09-26 8:35,1,9,4,1,3,,,,,,,
user07,2020-09-26,pm,2020-09-27 20:16,2020-09-27 20:16,,,,,,4,4,1,,,beer,2000
user07,2020-09-27,am,2020-09-27 15:47,2020-09-27 15:48,2,9,4,1,2,,,,,,,
user07,2020-09-27,pm,2020-09-27 23:59,2020-09-27 23:59,,,,,,5,4,2,,,,
user27,2020-09-04,am,2020-09-04 11:25,2020-09-04 11:25,3,1,4,3,2,,,,,,,
user27,2020-09-04,pm,2020-09-04 23:57,2020-09-05 0:05,,,,,,3,3,3,coffee,473,,
user27,2020-09-05,am,2020-09-05 8:51,2020-09-05 8:52,4,0,4,3,2,,,,,,,
user27,2020-09-05,pm,2020-09-06 3:12,2020-09-06 3:13,,,,,,2,2,2,coffee,355,,
user27,2020-09-06,am,2020-09-06 10:14,2020-09-06 10:14,1,9,4,2,2,,,,,,,
user27,2020-09-06,pm,2020-09-07 5:44,2020-09-07 5:45,,,,,,4,4,2,coffee,355,,
user27,2020-09-07,am,2020-09-07 5:43,2020-09-07 5:43,5,5,4,4,4,,,,,,,
user27,2020-09-07,pm,2020-09-08 0:13,2020-09-08 0:16,,,,,,3,4,2,coffee,100,,
user27,2020-09-08,am,2020-09-08 10:52,2020-09-08 10:53,3,2,4,3,2,,,,,,,
user27,2020-09-08,pm,2020-09-09 2:25,2020-09-09 2:25,,,,,,2,4,4,,,,
user27,2020-09-09,am,2020-09-09 7:28,2020-09-09 7:28,3,1,4,4,3,,,,,,,
user27,2020-09-09,pm,2020-09-10 2:52,2020-09-10 2:52,,,,,,3,4,2,coffee,250,,
user27,2020-09-10,am,2020-09-10 18:06,2020-09-10 18:07,1,1,4,2,2,,,,,,,
user27,2020-09-10,pm,2020-09-10 18:06,2020-09-10 18:07,,,,,,3,2,2,coffee,600,,
user27,2020-09-11,am,2020-09-11 14:01,2020-09-11 14:02,4,0,4,3,3,,,,,,,
user27,2020-09-11,pm,2020-09-12 0:28,2020-09-12 0:28,,,,,,3,2,2,,,,
user27,2020-09-12,am,2020-09-12 12:21,2020-09-12 12:21,3,3,2,3,2,,,,,,,
user27,2020-09-12,pm,2020-09-13 8:33,2020-09-13 8:33,,,,,,2,4,2,coffee,350,,
user27,2020-09-14,am,2020-09-14 12:24,2020-09-14 12:24,4,6,4,3,2,,,,,,,
user27,2020-09-14,pm,2020-09-15 1:18,2020-09-15 1:18,,,,,,2,2,2,,,,
user27,2020-09-15,am,2020-09-15 16:46,2020-09-15 16:46,4,0,4,4,3,,,,,,,
user27,2020-09-15,pm,2020-09-16 4:14,2020-09-16 4:14,,,,,,3,3,3,coffee,250,,
user27,2020-09-16,am,2020-09-16 11:00,2020-09-16 11:00,4,3,4,3,3,,,,,,,
user27,2020-09-16,pm,2020-09-17 1:53,2020-09-17 1:54,,,,,,4,2,3,coffee,500,,
user27,2020-09-17,am,2020-09-17 19:16,2020-09-17 19:16,5,0,2,4,3,,,,,,,
user27,2020-09-17,pm,2020-09-17 19:16,2020-09-17 19:16,,,,,,3,3,3,coffee,300,,
user27,2020-09-18,am,2020-09-18 20:11,2020-09-18 20:11,4,2,4,4,3,,,,,,,
user27,2020-09-18,pm,2020-09-18 20:11,2020-09-18 20:11,,,,,,3,2,2,coffee,300,,
user27,2020-09-19,am,2020-09-19 14:21,2020-09-19 14:21,4,0,4,2,2,,,,,,,
user27,2020-09-19,pm,2020-09-20 2:03,2020-09-20 2:04,,,,,,4,3,2,coffee,400,,
user27,2020-09-20,am,2020-09-20 8:14,2020-09-20 8:14,4,0,4,3,2,,,,,,,
user27,2020-09-20,pm,2020-09-21 1:14,2020-09-21 1:15,,,,,,3,3,2,coffee,500,,
user27,2020-09-21,am,2020-09-21 11:54,2020-09-21 11:54,4,2,4,3,3,,,,,,,
user27,2020-09-21,pm,2020-09-22 0:20,2020-09-22 0:20,,,,,,4,3,3,coffee,200,,
user27,2020-09-22,am,2020-09-22 13:58,2020-09-22 13:58,4,2,4,3,3,,,,,,,
user27,2020-09-22,pm,2020-09-23 1:20,2020-09-23 1:21,,,,,,4,3,2,coffee,300,,
user27,2020-09-23,am,2020-09-23 8:37,2020-09-23 8:37,2,1,4,2,2,,,,,,,
user27,2020-09-23,pm,2020-09-24 1:46,2020-09-24 1:47,,,,,,2,2,1,coffee,500,,
user27,2020-09-24,am,2020-09-24 17:17,2020-09-24 17:17,5,1,2,3,4,,,,,,,
user27,2020-09-24,pm,2020-09-25 0:25,2020-09-25 0:25,,,,,,3,4,2,coffee,350,,
user27,2020-09-25,am,2020-09-25 11:00,2020-09-25 11:00,4,0,2,4,4,,,,,,,
user27,2020-09-25,pm,2020-09-26 0:07,2020-09-26 0:07,,,,,,4,5,1,coffee,600,,
user27,2020-09-27,am,2020-09-27 8:37,2020-09-27 8:38,3,9,4,2,2,,,,,,,
user27,2020-09-27,pm,2020-09-28 0:58,2020-09-28 1:00,,,,,,4,3,1,coffee,600,,
user27,2020-09-28,am,2020-09-28 13:53,2020-09-28 13:53,4,1,4,3,3,,,,,,,
user27,2020-09-28,pm,2020-09-29 1:44,2020-09-29 1:44,,,,,,3,3,2,coffee,200,,
user27,2020-09-29,am,2020-09-29 17:02,2020-09-29 17:03,4,0,4,3,3,,,,,,,
user27,2020-09-29,pm,2020-09-30 0:52,2020-09-30 0:52,,,,,,3,3,3,coffee,400,,
user27,2020-09-30,am,2020-09-30 10:16,2020-09-30 10:16,4,1,4,3,4,,,,,,,
user27,2020-09-30,pm,2020-10-01 22:34,2020-10-01 22:35,,,,,,3,2,2,coffee,450,,
user27,2020-10-01,am,2020-10-01 10:05,2020-10-01 10:05,4,5,4,2,2,,,,,,,
user27,2020-10-01,pm,2020-10-02 1:58,2020-10-02 1:59,,,,,,3,2,1,coffee,700,,
user27,2020-10-02,am,2020-10-02 19:51,2020-10-02 19:52,4,0,4,2,3,,,,,,,
user27,2020-10-02,pm,2020-10-02 19:51,2020-10-02 19:52,,,,,,3,3,2,coffee,500,,
user06,2020-09-11,am,2020-09-11 9:30,2020-09-11 9:30,4,0,4,2,3,,,,,,,
user06,2020-09-11,pm,2020-09-11 21:17,2020-09-11 21:17,,,,,,4,2,2,,,beer,500
user06,2020-09-12,am,2020-09-12 9:06,2020-09-12 9:06,4,0,4,2,3,,,,,,,
user06,2020-09-12,pm,2020-09-12 23:38,2020-09-12 23:38,,,,,,3,2,3,,,,
user06,2020-09-13,am,2020-09-13 15:08,2020-09-13 15:08,5,0,4,3,3,,,,,,,
user06,2020-09-13,pm,2020-09-13 23:16,2020-09-13 23:17,,,,,,3,2,3,,,,
user06,2020-09-14,am,2020-09-14 9:38,2020-09-14 9:39,4,2,2,2,3,,,,,,,
user06,2020-09-14,pm,2020-09-14 21:28,2020-09-14 21:29,,,,,,4,2,3,,,,
user06,2020-09-15,am,2020-09-15 9:42,2020-09-15 9:43,4,0,4,2,2,,,,,,,
user06,2020-09-15,pm,2020-09-15 22:18,2020-09-15 22:19,,,,,,1,1,2,coffee,150,,
user06,2020-09-16,am,2020-09-16 9:13,2020-09-16 9:14,3,7,1,2,2,,,,,,,
user06,2020-09-16,pm,2020-09-16 23:08,2020-09-16 23:08,,,,,,3,2,2,coke,200,,
user06,2020-09-17,am,2020-09-17 10:17,2020-09-17 10:18,4,2,1,3,2,,,,,,,
user06,2020-09-17,pm,2020-09-17 22:25,2020-09-17 22:25,,,,,,3,3,2,tea,200,,
user06,2020-09-18,am,2020-09-18 9:20,2020-09-18 9:20,3,2,1,2,3,,,,,,,
user06,2020-09-18,pm,2020-09-18 23:23,2020-09-18 23:23,,,,,,4,2,3,coke,250,,
user06,2020-09-19,am,2020-09-19 11:42,2020-09-19 11:42,4,0,3,4,4,,,,,,,
user06,2020-09-19,pm,2020-09-19 23:59,2020-09-20 0:00,,,,,,4,4,4,coke,500,,
user06,2020-09-20,am,2020-09-20 7:07,2020-09-20 7:08,4,0,4,2,2,,,,,,,
user06,2020-09-20,pm,2020-09-20 22:02,2020-09-20 22:03,,,,,,3,4,1,coke,250,,
user06,2020-09-21,am,2020-09-21 9:26,2020-09-21 9:26,4,0,4,2,3,,,,,,,
user06,2020-09-21,pm,2020-09-21 23:34,2020-09-21 23:34,,,,,,4,2,3,,,,
user06,2020-09-22,am,2020-09-22 9:19,2020-09-22 9:19,4,0,4,2,3,,,,,,,
user06,2020-09-22,pm,2020-09-22 21:43,2020-09-22 21:43,,,,,,3,2,3,coffee,400,,
user06,2020-09-23,am,2020-09-23 7:44,2020-09-23 7:45,4,0,4,2,3,,,,,,,
user06,2020-09-23,pm,2020-09-23 22:32,2020-09-23 22:32,,,,,,3,2,2,,,beer,500
user06,2020-09-24,am,2020-09-24 9:38,2020-09-24 9:38,4,0,4,2,3,,,,,,,
user06,2020-09-24,pm,2020-09-25 1:39,2020-09-25 1:39,,,,,,4,2,2,coffee,400,,
user06,2020-09-25,am,2020-09-25 11:15,2020-09-25 11:16,4,0,3,2,3,,,,,,,
user06,2020-09-25,pm,2020-09-25 23:59,2020-09-25 23:59,,,,,,4,3,2,coffee,400,,
user06,2020-09-26,am,2020-09-26 11:01,2020-09-26 11:01,4,0,4,4,4,,,,,,,
user06,2020-09-26,pm,2020-09-27 12:40,2020-09-27 12:40,,,,,,5,5,2,coffee,300,beer,330
user06,2020-09-27,am,2020-09-27 12:37,2020-09-27 12:37,5,0,4,4,4,,,,,,,
user06,2020-09-27,pm,2020-09-28 0:38,2020-09-28 0:39,,,,,,4,4,4,coffee,300,,
user06,2020-09-28,am,2020-09-28 7:48,2020-09-28 7:48,1,0,4,4,4,,,,,,,
user06,2020-09-28,pm,2020-09-29 1:35,2020-09-29 1:36,,,,,,2,2,1,,,,
user06,2020-09-29,am,2020-09-29 11:35,2020-09-29 11:35,3,0,4,3,3,,,,,,,
user06,2020-09-29,pm,2020-09-30 1:21,2020-09-30 1:21,,,,,,2,2,2,coffee,500,beer,600
user06,2020-09-30,am,2020-09-30 13:24,2020-09-30 13:24,5,0,4,4,4,,,,,,,
user06,2020-09-30,pm,2020-10-01 1:09,2020-10-01 1:10,,,,,,3,2,2,,,,
user06,2020-10-01,am,2020-10-01 14:54,2020-10-01 14:54,2,6,4,2,2,,,,,,,
user06,2020-10-01,pm,2020-10-02 8:34,2020-10-02 8:35,,,,,,2,3,1,,,soju,1000
user06,2020-10-02,am,2020-10-02 8:34,2020-10-02 8:34,3,0,4,2,2,,,,,,,
user06,2020-10-02,pm,2020-10-03 0:18,2020-10-03 0:18,,,,,,4,2,3,,,,
user06,2020-10-03,am,2020-10-03 16:46,2020-10-03 16:46,4,0,4,3,3,,,,,,,
user06,2020-10-03,pm,2020-10-05 0:03,2020-10-05 0:03,,,,,,3,3,3,,,,
user06,2020-10-04,am,2020-10-04 12:03,2020-10-04 12:03,4,0,4,4,4,,,,,,,
user06,2020-10-04,pm,2020-10-05 0:02,2020-10-05 0:03,,,,,,3,2,3,,,,
user06,2020-10-05,am,2020-10-05 12:16,2020-10-05 12:16,4,0,4,4,3,,,,,,,
user06,2020-10-05,pm,2020-10-05 23:42,2020-10-05 23:43,,,,,,4,4,4,,,,
user06,2020-10-06,am,2020-10-06 11:37,2020-10-06 11:37,4,0,4,4,4,,,,,,,
user06,2020-10-06,pm,2020-10-07 0:07,2020-10-07 0:08,,,,,,4,4,4,,,,
user06,2020-10-07,am,2020-10-07 8:02,2020-10-07 8:05,2,9,4,2,3,,,,,,,
user06,2020-10-07,pm,2020-10-08 1:57,2020-10-08 1:57,,,,,,5,2,3,coffee,250,,
user06,2020-10-08,am,2020-10-08 8:23,2020-10-08 8:24,3,0,4,2,2,,,,,,,
user06,2020-10-08,pm,2020-10-08 23:30,2020-10-08 23:31,,,,,,3,2,2,coffee,300,,
