timestamp,value
00.000,22.48
00.015,24.47
00.031,25.44
00.046,25.32
00.062,23.99
00.078,21.2
00.093,16.66
00.109,10.25
00.125,2.27
00.140,-6.44
00.156,-14.73
00.171,-21.55
00.187,-26.41
00.203,-29.58
00.218,-31.98
00.234,-34.64
00.250,-38.09
00.265,-41.93
00.281,-44.94
00.296,-45.53
00.312,-42.59
00.328,-35.88
00.343,-26.2
00.359,-14.94
00.375,-3.41
00.390,7.63
00.406,18.02
00.421,27.99
00.437,37.6
00.453,46.49
00.468,53.91
00.484,59.12
00.500,61.83
00.515,62.5
00.531,62.19
00.546,62.12
00.562,63.25
00.578,65.87
00.593,69.45
00.609,72.97
00.625,75.16
00.640,75.04
00.656,72.18
00.671,66.77
00.687,59.47
00.703,51.07
00.718,42.24
00.734,33.24
00.750,24.06
00.765,14.58
00.781,4.83
00.796,-4.91
00.812,-14.1
00.828,-22.2
00.843,-28.9
00.859,-34.22
00.875,-38.41
00.890,-41.81
00.906,-44.61
00.921,-46.97
00.937,-49.11
00.953,-51.43
00.968,-54.5
00.984,-58.69
01.000,-63.8
01.015,-68.85
01.031,-72.2
01.046,-72.12
01.062,-67.47
01.078,-58.13
01.093,-44.98
01.109,-29.56
01.125,-13.46
01.140,1.97
01.156,15.75
01.171,27.2
01.187,35.9
01.203,41.76
01.218,45.18
01.234,47.19
01.250,49.19
01.265,52.54
01.281,57.98
01.296,65.36
01.312,73.61
01.328,81.25
01.343,86.89
01.359,89.68
01.375,89.55
01.390,87.04
01.406,83.03
01.421,78.3
01.437,73.31
01.453,68.1
01.468,62.51
01.484,56.46
01.500,50.11
01.515,43.91
01.531,38.33
01.546,33.66
01.562,29.76
01.578,26.11
01.593,21.93
01.609,16.52
01.625,9.44
01.640,0.64
01.656,-9.64
01.671,-21.08
01.687,-33.39
01.703,-46.46
01.718,-60.25
01.734,-74.64
01.750,-89.21
01.765,-103.01
01.781,-114.57
01.796,-122.17
01.812,-124.37
01.828,-120.44
01.843,-110.72
01.859,-96.55
01.875,-79.89
01.890,-62.72
01.906,-46.51
01.921,-32.01
01.937,-19.38
01.953,-8.47
01.968,0.79
01.984,8.36
02.000,14.08
02.015,17.88
02.031,19.91
02.046,20.6
02.062,20.56
02.078,20.35
02.093,20.23
02.109,20.14
02.125,19.76
02.140,18.75
02.156,17.05
02.171,14.92
02.187,12.92
02.203,11.57
02.218,11.06
02.234,11.23
02.250,11.64
02.265,11.94
02.281,12.19
02.296,12.85
02.312,14.53
02.328,17.59
02.343,21.74
02.359,26.06
02.375,29.29
02.390,30.38
02.406,28.84
02.421,24.9
02.437,19.29
02.453,12.87
02.468,6.22
02.484,-0.51
02.500,-7.43
02.515,-14.76
02.531,-22.57
02.546,-30.79
02.562,-39.16
02.578,-47.29
02.593,-54.49
02.609,-59.82
02.625,-62.11
02.640,-60.29
02.656,-53.77
02.671,-42.85
02.687,-28.79
02.703,-13.37
02.718,1.56
02.734,14.76
02.750,25.75
02.765,34.68
02.781,41.95
02.796,47.86
02.812,52.38
02.828,55.33
02.843,56.58
02.859,56.31
02.875,55.03
02.890,53.49
02.906,52.42
02.921,52.31
02.937,53.32
02.953,55.18
02.968,57.35
02.984,59.03
03.000,59.39
03.015,57.73
03.031,53.55
03.046,46.72
03.062,37.39
03.078,26.05
03.093,13.39
03.109,0.23
03.125,-12.61
03.140,-24.37
03.156,-34.43
03.171,-42.34
03.187,-47.98
03.203,-51.57
03.218,-53.65
03.234,-55.03
03.250,-56.55
03.265,-58.88
03.281,-62.35
03.296,-66.91
03.312,-72.17
03.328,-77.57
03.343,-82.65
03.359,-87.2
03.375,-91.35
03.390,-95.42
03.406,-99.58
03.421,-103.56
03.437,-106.45
03.453,-106.91
03.468,-103.57
03.484,-95.61
03.500,-83.13
03.515,-67.22
03.531,-49.62
03.546,-32.18
03.562,-16.56
03.578,-3.77
03.593,5.74
03.609,12.17
03.625,16.18
03.640,18.85
03.656,21.44
03.671,25.09
03.687,30.52
03.703,37.8
03.718,46.34
03.734,55.12
03.750,63.14
03.765,69.58
03.781,74.13
03.796,76.75
03.812,77.59
03.828,76.83
03.843,74.63
03.859,71.28
03.875,67.18
03.890,62.91
03.906,58.91
03.921,55.43
03.937,52.31
03.953,49.17
03.968,45.6
03.984,41.44
04.000,36.94
04.015,32.61
04.031,29.06
04.046,26.65
04.062,25.22
04.078,24.13
04.093,22.33
04.109,18.71
04.125,12.34
04.140,2.72
04.156,-10.08
04.171,-25.39
04.187,-41.94
04.203,-58.03
04.218,-71.7
04.234,-81.18
04.250,-85.28
04.265,-83.71
04.281,-77.13
04.296,-66.97
04.312,-54.85
04.328,-42.22
04.343,-30.07
04.359,-18.97
04.375,-9.37
04.390,-1.64
04.406,3.83
04.421,6.91
04.437,7.85
04.453,7.34
04.468,6.3
04.484,5.58
04.500,5.66
04.515,6.61
04.531,8.18
04.546,10.07
04.562,11.96
04.578,13.58
04.593,14.63
04.609,14.72
04.625,13.61
04.640,11.32
04.656,8.36
04.671,5.69
04.687,4.43
04.703,5.39
04.718,8.77
04.734,13.97
04.750,19.78
04.765,24.74
04.781,27.66
04.796,27.84
04.812,25.32
04.828,20.62
04.843,14.48
04.859,7.61
04.875,0.41
04.890,-7.04
04.906,-14.87
04.921,-23.27
04.937,-32.34
04.953,-41.98
04.968,-51.82
04.984,-61.17
05.000,-68.93
05.015,-73.79
05.031,-74.54
05.046,-70.45
05.062,-61.65
05.078,-49.23
05.093,-34.93
05.109,-20.64
05.125,-7.85
05.140,2.7
05.156,10.96
05.171,17.3
05.187,22.18
05.203,25.91
05.218,28.68
05.234,30.62
05.250,31.87
05.265,32.65
05.281,33.14
05.296,33.39
05.312,33.3
05.328,32.75
05.343,31.6
05.359,29.95
05.375,28.06
05.390,26.19
05.406,24.51
05.421,22.96
05.437,21.22
05.453,18.89
05.468,15.68
05.484,11.56
05.500,6.78
05.515,1.73
05.531,-3.26
05.546,-8.08
05.562,-12.81
05.578,-17.71
05.593,-22.99
05.609,-28.7
05.625,-34.73
05.640,-40.83
05.656,-46.8
05.671,-52.52
05.687,-58.05
05.703,-63.62
05.718,-69.61
05.734,-76.45
05.750,-84.46
05.765,-93.64
05.781,-103.42
05.796,-112.56
05.812,-119.31
05.828,-121.76
05.843,-118.53
05.859,-109.22
05.875,-94.55
05.890,-76.21
05.906,-56.15
05.921,-36.11
05.937,-17.15
05.953,0.28
05.968,16.11
05.984,30.26
06.000,42.44
06.015,52.28
06.031,59.47
06.046,64.02
06.062,66.15
06.078,66.34
06.093,65.05
06.109,62.66
06.125,59.49
06.140,55.76
06.156,51.74
06.171,47.75
06.187,44.14
06.203,41.23
06.218,39.23
06.234,38.09
06.250,37.55
06.265,37.09
06.281,36.13
06.296,34.22
06.312,31.18
06.328,27.14
06.343,22.46
06.359,17.6
06.375,13.08
06.390,9.28
06.406,6.45
06.421,4.49
06.437,2.93
06.453,0.95
06.468,-2.47
06.484,-8.25
06.500,-16.75
06.515,-27.5
06.531,-39.22
06.546,-50.06
06.562,-58.16
06.578,-62.07
06.593,-61.04
06.609,-55.14
06.625,-45.12
06.640,-32.15
06.656,-17.62
06.671,-2.94
06.687,10.63
06.703,22.16
06.718,31.16
06.734,37.78
06.750,42.68
06.765,46.8
06.781,51.04
06.796,55.89
06.812,61.35
06.828,66.96
06.843,72.1
06.859,76.17
06.875,78.8
06.890,79.82
06.906,79.2
06.921,76.9
06.937,72.98
06.953,67.57
06.968,61.08
06.984,54.28
07.000,48.09
07.015,43.34
07.031,40.4
07.046,38.95
07.062,38.02
07.078,36.4
07.093,33.15
07.109,28.07
07.125,21.75
07.140,15.31
07.156,9.85
07.171,6.12
07.187,4.21
07.203,3.65
07.218,3.55
07.234,2.86
07.250,0.75
07.265,-3.02
07.281,-7.65
07.296,-11.23
07.312,-11.08
07.328,-4.57
07.343,9.68
07.359,31.13
07.375,57.07
07.390,83.34
07.406,105.48
07.421,119.97
07.437,124.99
07.453,120.71
07.468,109.01
07.484,92.88
07.500,75.8
07.515,60.83
07.531,50.04
07.546,44.13
07.562,42.33
07.578,42.79
07.593,43.11
07.609,40.95
07.625,34.62
07.640,23.44
07.656,7.95
07.671,-10.3
07.687,-29.22
07.703,-46.94
07.718,-62.43
07.734,-75.65
07.750,-87.36
07.765,-98.54
07.781,-109.94
07.796,-121.94
07.812,-134.67
07.828,-148.22
07.843,-162.61
07.859,-177.53
07.875,-192.22
07.890,-205.59
07.906,-216.71
07.921,-225.1
07.937,-230.77
07.953,-233.87
07.968,-234.24
07.984,-231.28
08.000,-224.21
08.015,-212.55
08.031,-196.51
08.046,-176.9
08.062,-154.73
08.078,-130.83
08.093,-105.7
08.109,-79.65
08.125,-52.95
08.140,-25.89
08.156,1.25
08.171,28.22
08.187,54.62
08.203,79.61
08.218,101.83
08.234,119.62
08.250,131.66
08.265,137.55
08.281,138.02
08.296,134.59
08.312,129.04
08.328,122.7
08.343,116.17
08.359,109.43
08.375,102.16
08.390,94.11
08.406,85.22
08.421,75.74
08.437,66.16
08.453,57.23
08.468,49.87
08.484,45.02
08.500,43.31
08.515,44.88
08.531,49.2
08.546,55.21
08.562,61.68
08.578,67.5
08.593,71.98
08.609,74.77
08.625,75.79
08.640,74.95
08.656,72.02
08.671,66.77
08.687,58.91
08.703,48.29
08.718,35.12
08.734,20.09
08.750,4.5
08.765,-9.7
08.781,-20.34
08.796,-25.53
08.812,-24.22
08.828,-16.74
08.843,-4.68
08.859,9.52
08.875,23.39
08.890,35.1
08.906,43.91
08.921,50.16
08.937,54.88
08.953,59.34
08.968,64.39
08.984,70.33
09.000,76.69
09.015,82.63
09.031,87.25
09.046,90.2
09.062,91.82
09.078,93.13
09.093,95.37
09.109,99.56
09.125,105.92
09.140,113.74
09.156,121.44
09.171,126.99
09.187,128.57
09.203,125.13
09.218,116.98
09.234,105.88
09.250,94.55
09.265,85.8
09.281,81.2
09.296,79.98
09.312,78.56
09.328,71.48
09.343,53.44
09.359,21.66
09.375,-22.4
09.390,-73.3
09.406,-123.22
09.421,-164.47
09.437,-191.68
09.453,-202.85
09.468,-199.52
09.484,-186.25
09.500,-169.74
09.515,-157.39
09.531,-155.41
09.546,-166.43
09.562,-188.16
09.578,-213.64
09.593,-233.8
09.609,-241.12
09.625,-232.63
09.640,-210.68
09.656,-181.19
09.671,-150.38
09.687,-122.05
09.703,-96.85
09.718,-73.32
09.734,-49.84
09.750,-25.93
09.765,-2.37
09.781,19.68
09.796,39.67
09.812,58.01
09.828,75.72
09.843,93.53
09.859,111.28
09.875,127.84
09.890,141.32
09.906,149.79
09.921,151.9
09.937,146.89
09.953,134.49
09.968,114.68
09.984,87.36
10.000,52.35
10.015,9.42
10.031,-41.13
10.046,-97.84
10.062,-157.26
10.078,-213.79
10.093,-260.38
10.109,-290.34
10.125,-299.54
10.140,-287.96
10.156,-259.87
10.171,-222.21
10.187,-181.96
10.203,-143.95
10.218,-109.96
10.234,-79.4
10.250,-50.98
10.265,-24.13
10.281,0.57
10.296,21.94
10.312,39.04
10.328,51.9
10.343,61.31
10.359,68.32
10.375,73.67
10.390,77.54
10.406,79.6
10.421,79.49
10.437,77.13
10.453,72.78
10.468,66.9
10.484,59.89
10.500,51.93
10.515,42.97
10.531,32.97
10.546,22.24
10.562,11.61
10.578,2.34
10.593,-4.23
10.609,-7.15
10.625,-6.26
10.640,-2.3
10.656,3.19
10.671,8.24
10.687,10.85
10.703,9.46
10.718,3.21
10.734,-7.78
10.750,-22.31
10.765,-38.18
10.781,-52.6
10.796,-62.85
10.812,-67.08
10.828,-64.79
10.843,-56.86
10.859,-45.1
10.875,-31.44
10.890,-17.46
10.906,-3.99
10.921,8.6
10.937,20.08
10.953,30.09
10.968,38.08
10.984,43.53
11.000,46.31
11.015,46.76
11.031,45.61
11.046,43.7
11.062,41.67
11.078,39.79
11.093,38.09
11.109,36.39
11.125,34.55
11.140,32.51
11.156,30.25
11.171,27.71
11.187,24.83
11.203,21.5
11.218,17.65
11.234,13.32
11.250,8.55
11.265,3.52
11.281,-1.49
11.296,-5.99
11.312,-9.36
11.328,-10.95
11.343,-10.46
11.359,-7.95
11.375,-3.71
11.390,2.27
11.406,10.77
11.421,23.11
11.437,40.5
11.453,63.0
11.468,88.94
11.484,115.06
11.500,137.49
11.515,153.08
11.531,160.23
11.546,159.15
11.562,151.43
11.578,139.46
11.593,125.9
11.609,113.38
11.625,104.19
11.640,99.86
11.656,100.79
11.671,105.95
11.687,113.26
11.703,120.34
11.718,125.34
11.734,127.49
11.750,126.96
11.765,124.45
11.781,120.56
11.796,115.82
11.812,110.43
11.828,104.53
11.843,98.05
11.859,90.52
11.875,81.01
11.890,68.36
11.906,52.16
11.921,33.48
11.937,14.97
11.953,-0.64
11.968,-12.35
11.984,-22.07
12.000,-34.06
12.015,-52.39
12.031,-78.33
12.046,-108.94
12.062,-138.24
12.078,-160.1
12.093,-171.18
12.109,-172.01
12.125,-165.79
12.140,-155.99
12.156,-144.28
12.171,-130.3
12.187,-112.89
12.203,-91.93
12.218,-69.09
12.234,-47.34
12.250,-29.45
12.265,-16.75
12.281,-8.93
12.296,-4.24
12.312,-0.59
12.328,3.74
12.343,9.51
12.359,16.59
12.375,24.26
12.390,31.75
12.406,38.7
12.421,45.21
12.437,51.86
12.453,59.17
12.468,67.33
12.484,75.94
12.500,84.34
12.515,92.02
12.531,98.86
12.546,105.03
12.562,110.41
12.578,114.21
12.593,114.86
12.609,110.54
12.625,100.04
12.640,83.4
12.656,61.94
12.671,37.74
12.687,12.82
12.703,-11.42
12.718,-34.21
12.734,-55.07
12.750,-73.45
12.765,-88.61
12.781,-99.92
12.796,-107.15
12.812,-110.82
12.828,-112.01
12.843,-112.13
12.859,-112.48
12.875,-113.93
12.890,-116.65
12.906,-120.13
12.921,-123.38
12.937,-125.29
12.953,-125.21
12.968,-123.11
12.984,-119.57
13.000,-115.36
13.015,-110.98
13.031,-106.38
13.046,-101.08
13.062,-94.67
13.078,-87.24
13.093,-79.64
13.109,-73.14
13.125,-68.96
13.140,-67.76
13.156,-69.47
13.171,-73.28
13.187,-78.08
13.203,-82.67
13.218,-86.03
13.234,-87.38
13.250,-86.24
13.265,-82.51
13.281,-76.47
13.296,-68.77
13.312,-60.35
13.328,-52.36
13.343,-45.86
13.359,-41.63
13.375,-39.87
13.390,-39.95
13.406,-40.45
13.421,-39.45
13.437,-35.11
13.453,-26.22
13.468,-12.68
13.484,4.51
13.500,23.66
13.515,42.9
13.531,60.69
13.546,76.13
13.562,88.82
13.578,98.65
13.593,105.67
13.609,109.96
13.625,111.77
13.640,111.5
13.656,109.75
13.671,107.12
13.687,104.17
13.703,101.24
13.718,98.52
13.734,96.23
13.750,94.68
13.765,94.4
13.781,95.82
13.796,99.17
13.812,104.08
13.828,109.66
13.843,114.59
13.859,117.47
13.875,117.21
13.890,113.29
13.906,105.99
13.921,96.22
13.937,85.28
13.953,74.43
13.968,64.54
13.984,55.78
14.000,47.62
14.015,38.97
14.031,28.62
14.046,15.68
14.062,0.07
14.078,-17.24
14.093,-34.52
14.109,-49.65
14.125,-60.86
14.140,-67.18
14.156,-68.6
14.171,-65.87
14.187,-59.96
14.203,-51.63
14.218,-41.26
14.234,-28.92
14.250,-14.44
14.265,2.3
14.281,21.23
14.296,41.69
14.312,61.97
14.328,79.11
14.343,89.35
14.359,89.29
14.375,77.44
14.390,55.19
14.406,26.62
14.421,-2.78
14.437,-28.15
14.453,-46.75
14.468,-58.38
14.484,-64.74
14.500,-68.16
14.515,-70.69
14.531,-73.76
14.546,-78.34
14.562,-85.25
14.578,-95.01
14.593,-107.52
14.609,-121.76
14.625,-135.86
14.640,-147.72
14.656,-155.62
14.671,-158.9
14.687,-157.95
14.703,-153.98
14.718,-148.55
14.734,-143.08
14.750,-138.56
14.765,-135.44
14.781,-133.54
14.796,-132.0
14.812,-129.53
14.828,-124.66
14.843,-116.29
14.859,-104.09
14.875,-88.69
14.890,-71.27
14.906,-53.09
14.921,-34.97
14.937,-16.96
14.953,1.31
14.968,20.27
14.984,39.94
15.000,59.84
15.015,79.19
15.031,97.2
15.046,113.28
15.062,126.96
15.078,137.78
15.093,145.03
15.109,147.79
15.125,145.27
15.140,137.12
15.156,123.77
15.171,106.42
15.187,86.79
15.203,66.7
15.218,47.72
15.234,30.95
15.250,17.04
15.265,6.36
15.281,-0.98
15.296,-4.97
15.312,-5.83
15.328,-4.22
15.343,-1.14
15.359,2.15
15.375,4.39
15.390,4.79
15.406,3.15
15.421,-0.26
15.437,-5.08
15.453,-11.19
15.468,-18.81
15.484,-28.02
15.500,-38.21
15.515,-47.68
15.531,-53.84
15.546,-54.09
15.562,-46.91
15.578,-32.6
15.593,-13.32
15.609,7.64
15.625,27.02
15.640,42.44
15.656,52.74
15.671,57.88
15.687,58.49
15.703,55.46
15.718,49.85
15.734,42.82
15.750,35.48
15.765,28.51
15.781,21.75
15.796,14.18
15.812,4.41
15.828,-8.47
15.843,-23.97
15.859,-39.96
15.875,-53.21
15.890,-60.77
15.906,-61.36
15.921,-56.04
15.937,-47.76
15.953,-39.93
15.968,-34.91
15.984,-33.17
16.000,-33.46
16.015,-33.99
16.031,-33.57
16.046,-32.32
16.062,-31.37
16.078,-32.02
16.093,-34.96
16.109,-39.99
16.125,-46.3
16.140,-53.03
16.156,-59.73
16.171,-66.23
16.187,-72.09
16.203,-76.15
16.218,-76.68
16.234,-72.02
16.250,-61.47
16.265,-45.8
16.281,-27.09
16.296,-7.84
16.312,10.01
16.328,25.64
16.343,39.27
16.359,51.42
16.375,62.36
16.390,71.8
16.406,79.11
16.421,83.8
16.437,85.96
16.453,86.27
16.468,85.76
16.484,85.49
16.500,86.29
16.515,88.67
16.531,92.84
16.546,98.73
16.562,105.9
16.578,113.61
16.593,120.86
16.609,126.57
16.625,129.74
16.640,129.65
16.656,125.95
16.671,118.72
16.687,108.4
16.703,95.83
16.718,82.14
16.734,68.49
16.750,55.94
16.765,45.18
16.781,36.5
16.796,29.87
16.812,25.08
16.828,21.87
16.843,20.12
16.859,19.68
16.875,20.32
16.890,21.57
16.906,22.79
16.921,23.23
16.937,22.35
16.953,19.9
16.968,16.02
16.984,11.03
17.000,5.3
17.015,-0.9
17.031,-7.4
17.046,-14.02
17.062,-20.48
17.078,-26.43
17.093,-31.51
17.109,-35.49
17.125,-38.5
17.140,-40.98
17.156,-43.46
17.171,-46.44
17.187,-50.0
17.203,-53.82
17.218,-57.25
17.234,-59.53
17.250,-60.16
17.265,-59.17
17.281,-57.21
17.296,-55.26
17.312,-54.36
17.328,-55.09
17.343,-57.45
17.359,-60.91
17.375,-64.73
17.390,-68.24
17.406,-71.15
17.421,-73.43
17.437,-75.21
17.453,-76.74
17.468,-78.34
17.484,-80.46
17.500,-83.61
17.515,-87.95
17.531,-92.89
17.546,-96.95
17.562,-97.99
17.578,-93.97
17.593,-83.82
17.609,-67.86
17.625,-47.83
17.640,-26.3
17.656,-5.78
17.671,11.87
17.687,25.68
17.703,35.53
17.718,41.79
17.734,45.03
17.750,45.97
17.765,45.44
17.781,44.23
17.796,43.1
17.812,42.5
17.828,42.49
17.843,42.81
17.859,43.03
17.875,42.77
17.890,41.99
17.906,41.03
17.921,40.36
17.937,40.39
17.953,41.08
17.968,41.87
17.984,41.91
18.000,40.39
18.015,36.94
18.031,31.88
18.046,26.08
18.062,20.63
18.078,16.43
18.093,13.83
18.109,12.54
18.125,11.83
18.140,10.76
18.156,8.7
18.171,5.69
18.187,2.65
18.203,1.3
18.218,3.85
18.234,12.31
18.250,27.63
18.265,49.06
18.281,73.68
18.296,96.8
18.312,113.14
18.328,118.39
18.343,110.73
18.359,91.45
18.375,64.48
18.390,34.87
18.406,7.21
18.421,-15.56
18.437,-32.23
18.453,-42.64
18.468,-46.84
18.484,-44.69
18.500,-36.04
18.515,-21.44
18.531,-2.65
18.546,17.65
18.562,36.38
18.578,51.14
18.593,60.79
18.609,65.61
18.625,66.81
18.640,65.87
18.656,63.75
18.671,60.51
18.687,55.45
18.703,47.57
18.718,36.27
18.734,21.82
18.750,5.36
18.765,-11.54
18.781,-27.46
18.796,-41.35
18.812,-52.49
18.828,-60.17
18.843,-63.75
18.859,-63.3
18.875,-60.31
18.890,-58.13
18.906,-61.26
18.921,-73.74
18.937,-97.26
18.953,-130.1
18.968,-167.54
18.984,-203.56
19.000,-232.82
19.015,-252.15
19.031,-260.84
19.046,-259.84
19.062,-250.78
19.078,-235.31
19.093,-214.87
19.109,-190.92
19.125,-164.93
19.140,-138.17
19.156,-111.5
19.171,-85.23
19.187,-59.34
19.203,-33.96
19.218,-9.81
19.234,11.83
19.250,29.41
19.265,41.67
19.281,48.23
19.296,49.63
19.312,47.29
19.328,42.87
19.343,37.86
19.359,33.14
19.375,28.9
19.390,24.7
19.406,19.8
19.421,13.5
19.437,5.5
19.453,-3.74
19.468,-13.01
19.484,-20.59
19.500,-24.89
19.515,-25.01
19.531,-21.24
19.546,-14.89
19.562,-7.83
19.578,-1.87
19.593,1.78
19.609,2.72
19.625,1.15
19.640,-2.27
19.656,-6.69
19.671,-11.2
19.687,-14.78
19.703,-16.52
19.718,-15.8
19.734,-12.54
19.750,-7.24
19.765,-0.91
19.781,5.37
19.796,10.79
19.812,15.0
19.828,18.11
19.843,20.4
19.859,22.03
19.875,22.91
19.890,22.71
19.906,20.99
19.921,17.51
19.937,12.3
19.953,5.64
19.968,-2.01
19.984,-10.24
20.000,-18.73
20.015,-27.36
20.031,-36.2
20.046,-45.45
20.062,-55.34
20.078,-65.79
20.093,-76.25
20.109,-85.49
20.125,-91.71
20.140,-93.07
20.156,-88.22
20.171,-76.95
20.187,-60.28
20.203,-40.21
20.218,-19.07
20.234,1.11
20.250,18.96
20.265,33.84
20.281,45.59
20.296,54.26
20.312,59.99
20.328,62.98
20.343,63.69
20.359,62.78
20.375,61.0
20.390,59.07
20.406,57.42
20.421,56.18
20.437,55.22
20.453,54.38
20.468,53.51
20.484,52.54
20.500,51.42
20.515,50.0
20.531,48.09
20.546,45.48
20.562,42.04
20.578,37.85
20.593,33.19
20.609,28.46
20.625,24.04
20.640,20.12
20.656,16.68
20.671,13.5
20.687,10.19
20.703,6.26
20.718,1.34
20.734,-4.62
20.750,-11.17
20.765,-17.25
20.781,-21.3
20.796,-21.75
20.812,-17.41
20.828,-8.04
20.843,5.53
20.859,21.6
20.875,38.06
20.890,53.03
20.906,65.21
20.921,74.11
20.937,79.84
20.953,82.87
20.968,83.77
20.984,83.03
21.000,81.12
21.015,78.46
21.031,75.46
21.046,72.52
21.062,69.9
21.078,67.65
21.093,65.59
21.109,63.54
21.125,61.25
21.140,58.7
21.156,55.87
21.171,52.86
21.187,49.64
21.203,46.13
21.218,42.18
21.234,37.74
21.250,32.95
21.265,28.06
21.281,23.31
21.296,18.79
21.312,14.37
21.328,9.77
21.343,4.71
21.359,-1.08
21.375,-7.61
21.390,-14.64
21.406,-21.61
21.421,-27.61
21.437,-31.43
21.453,-31.92
21.468,-28.27
21.484,-20.41
21.500,-9.12
21.515,4.14
21.531,17.67
21.546,29.98
21.562,40.17
21.578,47.92
21.593,53.37
21.609,56.82
21.625,58.53
21.640,58.73
21.656,57.67
21.671,55.7
21.687,53.22
21.703,50.58
21.718,48.0
21.734,45.43
21.750,42.77
21.765,39.88
21.781,36.75
21.796,33.54
21.812,30.49
21.828,27.77
21.843,25.32
21.859,22.91
21.875,20.18
21.890,16.88
21.906,12.89
21.921,8.32
21.937,3.41
21.953,-1.57
21.968,-6.4
21.984,-10.96
22.000,-15.24
22.015,-19.4
22.031,-23.7
22.046,-28.46
22.062,-33.86
22.078,-39.78
22.093,-45.57
22.109,-50.1
22.125,-52.07
22.140,-50.38
22.156,-44.62
22.171,-35.18
22.187,-23.15
22.203,-9.93
22.218,3.23
22.234,15.41
22.250,26.14
22.265,35.14
22.281,42.16
22.296,46.96
22.312,49.31
22.328,49.25
22.343,47.15
22.359,43.72
22.375,39.83
22.390,36.29
22.406,33.58
22.421,31.81
22.437,30.7
22.453,29.78
22.468,28.6
22.484,26.91
22.500,24.74
22.515,22.3
22.531,19.79
22.546,17.26
22.562,14.57
22.578,11.47
22.593,7.68
22.609,3.19
22.625,-1.8
22.640,-6.84
22.656,-11.52
22.671,-15.55
22.687,-18.93
22.703,-21.93
22.718,-24.95
22.734,-28.51
22.750,-32.95
22.765,-38.43
22.781,-44.76
22.796,-51.36
22.812,-57.26
22.828,-61.26
22.843,-62.18
22.859,-59.18
22.875,-52.1
22.890,-41.47
22.906,-28.52
22.921,-14.74
22.937,-1.54
22.953,10.09
22.968,19.71
22.984,27.32
23.000,33.11
23.015,37.3
23.031,39.99
23.046,41.27
23.062,41.28
23.078,40.36
23.093,38.94
23.109,37.46
23.125,36.14
23.140,34.91
23.156,33.56
23.171,31.82
23.187,29.56
23.203,26.85
23.218,23.92
23.234,21.01
23.250,18.33
23.265,15.85
23.281,13.47
23.296,10.98
23.312,8.16
23.328,4.88
23.343,1.1
23.359,-3.03
23.375,-7.38
23.390,-11.74
23.406,-16.01
23.421,-20.15
23.437,-24.23
23.453,-28.36
23.468,-32.68
23.484,-37.28
23.500,-42.25
23.515,-47.59
23.531,-53.19
23.546,-58.66
23.562,-63.32
23.578,-66.2
23.593,-66.29
23.609,-62.86
23.625,-55.73
23.640,-45.4
23.656,-33.02
23.671,-19.88
23.687,-7.25
23.703,4.05
23.718,13.59
23.734,21.2
23.750,26.86
23.765,30.56
23.781,32.41
23.796,32.62
23.812,31.64
23.828,30.04
23.843,28.33
23.859,26.91
23.875,25.88
23.890,25.1
23.906,24.3
23.921,23.18
23.937,21.59
23.953,19.52
23.968,17.16
23.984,14.76
24.000,12.57
24.015,10.65
24.031,8.92
24.046,7.06
24.062,4.77
24.078,1.84
24.093,-1.63
24.109,-5.33
24.125,-8.86
24.140,-11.87
24.156,-14.31
24.171,-16.41
24.187,-18.61
24.203,-21.36
24.218,-24.97
24.234,-29.54
24.250,-34.9
24.265,-40.56
24.281,-45.71
24.296,-49.31
24.312,-50.27
24.328,-47.79
24.343,-41.59
24.359,-32.15
24.375,-20.55
24.390,-8.13
24.406,3.84
24.421,14.51
24.437,23.44
24.453,30.5
24.468,35.71
24.484,39.12
24.500,40.8
24.515,41.0
24.531,40.11
24.546,38.61
24.562,36.98
24.578,35.53
24.593,34.32
24.609,33.29
24.625,32.26
24.640,31.08
24.656,29.72
24.671,28.19
24.687,26.51
24.703,24.71
24.718,22.79
24.734,20.66
24.750,18.22
24.765,15.4
24.781,12.09
24.796,8.3
24.812,4.07
24.828,-0.5
24.843,-5.21
24.859,-9.85
24.875,-14.22
24.890,-18.12
24.906,-21.56
24.921,-24.67
24.937,-27.79
24.953,-31.3
24.968,-35.56
24.984,-40.6
25.000,-46.09
25.015,-51.26
25.031,-54.99
25.046,-56.2
25.062,-54.1
25.078,-48.46
25.093,-39.72
25.109,-28.79
25.125,-16.84
25.140,-4.99
25.156,5.91
25.171,15.31
25.187,22.89
25.203,28.59
25.218,32.5
25.234,34.82
25.250,35.85
25.265,35.97
25.281,35.53
25.296,34.85
25.312,34.15
25.328,33.53
25.343,32.99
25.359,32.42
25.375,31.61
25.390,30.34
25.406,28.5
25.421,26.06
25.437,23.19
25.453,20.15
25.468,17.21
25.484,14.54
25.500,12.07
25.515,9.58
25.531,6.77
25.546,3.42
25.562,-0.5
25.578,-4.83
25.593,-9.33
25.609,-13.78
25.625,-18.06
25.640,-22.21
25.656,-26.33
25.671,-30.49
25.687,-34.75
25.703,-39.14
25.718,-43.77
25.734,-48.79
25.750,-54.22
25.765,-59.74
25.781,-64.63
25.796,-67.75
25.812,-67.89
25.828,-64.24
25.843,-56.65
25.859,-45.77
25.875,-32.82
25.890,-19.26
25.906,-6.29
25.921,5.27
25.937,15.07
25.953,23.06
25.968,29.27
25.984,33.82
26.000,36.77
26.015,38.32
26.031,38.72
26.046,38.29
26.062,37.33
26.078,36.03
26.093,34.54
26.109,32.9
26.125,31.24
26.140,29.63
26.156,28.14
26.171,26.8
26.187,25.51
26.203,24.12
26.218,22.51
26.234,20.57
26.250,18.25
26.265,15.59
26.281,12.62
26.296,9.34
26.312,5.79
26.328,1.98
26.343,-2.02
26.359,-6.15
26.375,-10.42
26.390,-14.86
26.406,-19.51
26.421,-24.44
26.437,-29.6
26.453,-34.93
26.468,-40.37
26.484,-45.94
26.500,-51.73
26.515,-57.79
26.531,-63.89
26.546,-69.36
26.562,-73.16
26.578,-74.1
26.593,-71.27
26.609,-64.47
26.625,-54.28
26.640,-41.87
26.656,-28.69
26.671,-15.93
26.687,-4.39
26.703,5.59
26.718,13.95
26.734,20.69
26.750,25.78
26.765,29.14
26.781,30.8
26.796,30.97
26.812,30.06
26.828,28.59
26.843,27.03
26.859,25.71
26.875,24.75
26.890,24.0
26.906,23.25
26.921,22.28
26.937,21.03
26.953,19.52
26.968,17.88
26.984,16.19
27.000,14.47
27.015,12.58
27.031,10.36
27.046,7.68
27.062,4.44
27.078,0.72
27.093,-3.36
27.109,-7.56
27.125,-11.67
27.140,-15.51
27.156,-18.99
27.171,-22.07
27.187,-24.81
27.203,-27.42
27.218,-30.16
27.234,-33.34
27.250,-37.2
27.265,-41.79
27.281,-46.77
27.296,-51.43
27.312,-54.71
27.328,-55.5
27.343,-52.92
27.359,-46.74
27.375,-37.36
27.390,-25.75
27.406,-13.2
27.421,-0.92
27.437,10.18
27.453,19.49
27.468,26.78
27.484,32.0
27.500,35.31
27.515,36.98
27.531,37.38
27.546,36.99
27.562,36.29
27.578,35.69
27.593,35.34
27.609,35.26
27.625,35.3
27.640,35.22
27.656,34.84
27.671,34.04
27.687,32.81
27.703,31.26
27.718,29.54
27.734,27.75
27.750,25.95
27.765,24.1
27.781,22.02
27.796,19.54
27.812,16.51
27.828,12.87
27.843,8.67
27.859,4.03
27.875,-0.86
27.890,-5.81
27.906,-10.67
27.921,-15.36
27.937,-19.83
27.953,-24.1
27.968,-28.3
27.984,-32.63
28.000,-37.28
28.015,-42.28
28.031,-47.27
28.046,-51.46
28.062,-53.83
28.078,-53.26
28.093,-49.1
28.109,-41.37
28.125,-30.76
28.140,-18.44
28.156,-5.71
28.171,6.37
28.187,17.16
28.203,26.34
28.218,33.89
28.234,39.85
28.250,44.3
28.265,47.32
28.281,49.1
28.296,49.82
28.312,49.77
28.328,49.29
28.343,48.61
28.359,47.9
28.375,47.23
28.390,46.57
28.406,45.87
28.421,45.11
28.437,44.3
28.453,43.47
28.468,42.59
28.484,41.5
28.500,40.06
28.515,38.2
28.531,35.98
28.546,33.61
28.562,31.34
28.578,29.36
28.593,27.7
28.609,26.3
28.625,24.97
28.640,23.58
28.656,22.06
28.671,20.33
28.687,18.37
28.703,16.19
28.718,13.79
28.734,11.31
28.750,8.92
28.765,6.78
28.781,4.98
28.796,3.53
28.812,2.34
28.828,1.35
28.843,0.53
28.859,-0.17
28.875,-0.73
28.890,-1.2
28.906,-1.66
28.921,-2.23
28.937,-2.93
28.953,-3.72
28.968,-4.54
28.984,-5.29
29.000,-6.02
29.015,-6.79
29.031,-7.74
29.046,-8.94
29.062,-10.4
29.078,-12.05
29.093,-13.8
29.109,-15.57
29.125,-17.37
29.140,-19.22
29.156,-21.14
29.171,-23.14
29.187,-25.18
29.203,-27.19
29.218,-29.15
29.234,-31.12
29.250,-33.28
29.265,-35.85
29.281,-39.06
29.296,-42.95
29.312,-47.32
29.328,-51.79
29.343,-55.89
29.359,-59.35
29.375,-62.13
29.390,-64.49
29.406,-66.92
29.421,-70.0
29.437,-74.16
29.453,-79.49
29.468,-85.65
29.484,-91.72
29.500,-96.38
29.515,-98.12
29.531,-95.69
29.546,-88.54
29.562,-77.05
29.578,-62.43
29.593,-46.3
29.609,-30.3
29.625,-15.67
29.640,-3.16
29.656,6.93
29.671,14.6
29.687,20.01
29.703,23.46
29.718,25.34
29.734,26.15
29.750,26.33
29.765,26.27
29.781,26.12
29.796,25.92
29.812,25.61
29.828,25.04
29.843,24.13
29.859,22.79
29.875,21.04
29.890,18.94
29.906,16.68
29.921,14.4
29.937,12.2
29.953,10.04
29.968,7.79
29.984,5.28
30.000,2.4
30.015,-0.83
30.031,-4.26
30.046,-7.71
30.062,-11.05
30.078,-14.28
30.093,-17.54
30.109,-21.08
30.125,-25.15
30.140,-29.83
30.156,-34.99
30.171,-40.23
30.187,-44.82
30.203,-47.95
30.218,-48.79
30.234,-46.78
30.250,-41.76
30.265,-33.99
30.281,-24.17
30.296,-13.27
30.312,-2.33
30.328,7.71
30.343,16.21
30.359,22.82
30.375,27.49
30.390,30.37
30.406,31.67
30.421,31.67
30.437,30.72
30.453,29.18
30.468,27.43
30.484,25.74
30.500,24.21
30.515,22.75
30.531,21.23
30.546,19.53
30.562,17.67
30.578,15.81
30.593,14.1
30.609,12.63
30.625,11.28
30.640,9.79
30.656,7.82
30.671,5.13
30.687,1.74
30.703,-2.14
30.718,-6.13
30.734,-9.87
30.750,-13.18
30.765,-16.15
30.781,-19.05
30.796,-22.32
30.812,-26.27
30.828,-30.99
30.843,-36.15
30.859,-40.98
30.875,-44.45
30.890,-45.46
30.906,-43.21
30.921,-37.46
30.937,-28.61
30.953,-17.58
30.968,-5.57
30.984,6.32
31.000,17.18
31.015,26.37
31.031,33.57
31.046,38.67
31.062,41.82
31.078,43.33
31.093,43.62
31.109,43.09
31.125,42.06
31.140,40.7
31.156,39.13
31.171,37.46
31.187,35.81
31.203,34.31
31.218,32.96
31.234,31.65
31.250,30.18
31.265,28.41
31.281,26.23
31.296,23.6
31.312,20.5
31.328,16.89
31.343,12.75
31.359,8.16
31.375,3.32
31.390,-1.5
31.406,-6.05
31.421,-10.22
31.437,-14.16
31.453,-18.21
31.468,-22.82
31.484,-28.23
31.500,-34.3
31.515,-40.41
31.531,-45.45
31.546,-48.16
31.562,-47.44
31.578,-42.77
31.593,-34.41
31.609,-23.32
31.625,-10.86
31.640,1.63
31.656,13.11
31.671,23.05
31.687,31.25
31.703,37.68
31.718,42.4
31.734,45.42
31.750,46.79
31.765,46.76
31.781,45.73
31.796,44.18
31.812,42.52
31.828,40.88
31.843,39.13
31.859,37.0
31.875,34.32
31.890,31.14
31.906,27.7
31.921,24.35
31.937,21.25
31.953,18.34
31.968,15.28
31.984,11.76
32.000,7.6
32.015,2.89
32.031,-2.05
32.046,-6.89
32.062,-11.38
32.078,-15.52
32.093,-19.53
32.109,-23.77
32.125,-28.66
32.140,-34.46
32.156,-41.23
32.171,-48.56
32.187,-55.61
32.203,-61.12
32.218,-63.83
32.234,-62.75
32.250,-57.56
32.265,-48.72
32.281,-37.27
32.296,-24.53
32.312,-11.64
32.328,0.58
32.343,11.76
32.359,21.66
32.375,30.13
32.390,36.96
32.406,41.97
32.421,45.05
32.437,46.4
32.453,46.39
32.468,45.44
32.484,43.94
32.500,42.14
32.515,40.08
32.531,37.8
32.546,35.3
32.562,32.63
32.578,29.96
32.593,27.49
32.609,25.31
32.625,23.44
32.640,21.64
32.656,19.51
32.671,16.62
32.687,12.6
32.703,7.36
32.718,1.18
32.734,-5.43
32.750,-11.89
32.765,-17.73
32.781,-22.8
32.796,-27.28
32.812,-31.56
32.828,-36.13
32.843,-41.42
32.859,-47.58
32.875,-54.43
32.890,-61.27
32.906,-67.01
32.921,-70.39
32.937,-70.32
32.953,-66.26
32.968,-58.4
32.984,-47.58
33.000,-35.0
33.015,-21.91
33.031,-9.26
33.046,2.36
33.062,12.57
33.078,21.14
33.093,27.89
33.109,32.69
33.125,35.59
33.140,36.86
33.156,36.95
33.171,36.33
33.187,35.43
33.203,34.47
33.218,33.48
33.234,32.39
33.250,31.04
33.265,29.39
33.281,27.45
33.296,25.39
33.312,23.36
33.328,21.44
33.343,19.61
33.359,17.68
33.375,15.38
33.390,12.44
33.406,8.77
33.421,4.4
33.437,-0.42
33.453,-5.4
33.468,-10.3
33.484,-15.04
33.500,-19.7
33.515,-24.39
33.531,-29.23
33.546,-34.29
33.562,-39.59
33.578,-45.02
33.593,-50.36
33.609,-55.17
33.625,-58.73
33.640,-60.14
33.656,-58.52
33.671,-53.33
33.687,-44.75
33.703,-33.6
33.718,-21.16
33.734,-8.72
33.750,2.81
33.765,13.02
33.781,21.89
33.796,29.56
33.812,36.01
33.828,41.12
33.843,44.69
33.859,46.64
33.875,47.2
33.890,46.78
33.906,45.86
33.921,44.83
33.937,43.81
33.953,42.74
33.968,41.46
33.984,39.8
34.000,37.73
34.015,35.41
34.031,33.03
34.046,30.76
34.062,28.61
34.078,26.48
34.093,24.16
34.109,21.47
34.125,18.29
34.140,14.6
34.156,10.42
34.171,5.86
34.187,1.04
34.203,-3.89
34.218,-8.73
34.234,-13.35
34.250,-17.65
34.265,-21.7
34.281,-25.71
34.296,-29.92
34.312,-34.55
34.328,-39.53
34.343,-44.47
34.359,-48.59
34.375,-50.91
34.390,-50.47
34.406,-46.64
34.421,-39.33
34.437,-29.03
34.453,-16.73
34.468,-3.6
34.484,9.21
34.500,20.88
34.515,30.85
34.531,38.93
34.546,45.06
34.562,49.3
34.578,51.73
34.593,52.5
34.609,51.87
34.625,50.19
34.640,47.95
34.656,45.56
34.671,43.34
34.687,41.42
34.703,39.67
34.718,37.88
34.734,35.79
34.750,33.27
34.765,30.32
34.781,27.05
34.796,23.59
34.812,20.01
34.828,16.35
34.843,12.57
34.859,8.64
34.875,4.52
34.890,0.23
34.906,-4.24
34.921,-8.82
34.937,-13.47
34.953,-18.09
34.968,-22.61
34.984,-26.92
35.000,-31.01
35.015,-34.89
35.031,-38.71
35.046,-42.68
35.062,-47.0
35.078,-51.72
35.093,-56.53
35.109,-60.75
35.125,-63.42
35.140,-63.51
35.156,-60.31
35.171,-53.73
35.187,-44.3
35.203,-33.0
35.218,-20.93
35.234,-9.0
35.250,2.24
35.265,12.46
35.281,21.49
35.296,29.12
35.312,35.13
35.328,39.35
35.343,41.82
35.359,42.8
35.375,42.7
35.390,41.98
35.406,40.9
35.421,39.61
35.437,38.12
35.453,36.4
35.468,34.42
35.484,32.22
35.500,29.9
35.515,27.54
35.531,25.2
35.546,22.87
35.562,20.44
35.578,17.82
35.593,14.94
35.609,11.83
35.625,8.61
35.640,5.44
35.656,2.36
35.671,-0.69
35.687,-3.94
35.703,-7.64
35.718,-11.93
35.734,-16.78
35.750,-21.9
35.765,-26.97
35.781,-31.68
35.796,-35.94
35.812,-39.84
35.828,-43.7
35.843,-47.83
35.859,-52.46
35.875,-57.56
35.890,-62.69
35.906,-67.14
35.921,-70.0
35.937,-70.45
35.953,-67.9
35.968,-62.23
35.984,-53.73
36.000,-43.07
36.015,-31.14
36.031,-18.85
36.046,-7.02
36.062,3.67
36.078,12.82
36.093,20.22
36.109,25.91
36.125,30.05
36.140,32.89
36.156,34.67
36.171,35.58
36.187,35.83
36.203,35.56
36.218,34.9
36.234,33.87
36.250,32.47
36.265,30.67
36.281,28.5
36.296,26.12
36.312,23.72
36.328,21.46
36.343,19.33
36.359,17.21
36.375,14.83
36.390,12.06
36.406,8.88
36.421,5.49
36.437,2.13
36.453,-1.03
36.468,-3.98
36.484,-6.94
36.500,-10.15
36.515,-13.85
36.531,-18.12
36.546,-22.8
36.562,-27.56
36.578,-32.04
36.593,-35.95
36.609,-39.21
36.625,-42.02
36.640,-44.77
36.656,-47.95
36.671,-51.86
36.687,-56.46
36.703,-61.2
36.718,-65.09
36.734,-66.96
36.750,-65.85
36.765,-61.28
36.781,-53.4
36.796,-42.93
36.812,-30.93
36.828,-18.49
36.843,-6.57
36.859,4.14
36.875,13.21
36.890,20.45
36.906,25.87
36.921,29.69
36.937,32.17
36.953,33.56
36.968,34.15
36.984,34.12
37.000,33.77
37.015,33.43
37.031,33.43
37.046,33.88
37.062,34.68
37.078,35.5
37.093,35.92
37.109,35.67
37.125,34.76
37.140,33.42
37.156,31.94
37.171,30.49
37.187,29.06
37.203,27.45
37.218,25.49
37.234,23.11
37.250,20.4
37.265,17.46
37.281,14.38
37.296,11.15
37.312,7.76
37.328,4.23
37.343,0.65
37.359,-2.88
37.375,-6.35
37.390,-9.92
37.406,-13.93
37.421,-18.79
37.437,-24.75
37.453,-31.73
37.468,-39.2
37.484,-46.22
37.500,-51.67
37.515,-54.51
37.531,-54.06
37.546,-50.25
37.562,-43.62
37.578,-35.16
37.593,-25.95
37.609,-16.88
37.625,-8.42
37.640,-0.66
37.656,6.43
37.671,12.88
37.687,18.44
37.703,22.8
37.718,25.69
37.734,27.11
37.750,27.37
37.765,26.98
37.781,26.43
37.796,26.0
37.812,25.74
37.828,25.48
37.843,25.06
37.859,24.32
37.875,23.23
37.890,21.83
37.906,20.2
37.921,18.41
37.937,16.47
37.953,14.43
37.968,12.24
37.984,9.88
38.000,7.27
38.015,4.41
38.031,1.35
38.046,-1.75
38.062,-4.73
38.078,-7.44
38.093,-9.82
38.109,-11.95
38.125,-14.02
38.140,-16.29
38.156,-19.03
38.171,-22.45
38.187,-26.63
38.203,-31.44
38.218,-36.52
38.234,-41.19
38.250,-44.57
38.265,-45.74
38.281,-44.05
38.296,-39.34
38.312,-31.94
38.328,-22.61
38.343,-12.18
38.359,-1.25
38.375,9.87
38.390,21.08
38.406,32.3
38.421,43.05
38.437,52.52
38.453,59.61
38.468,63.41
38.484,63.53
38.500,60.36
38.515,54.95
38.531,48.66
38.546,42.64
38.562,37.56
38.578,33.4
38.593,29.76
38.609,26.18
38.625,22.43
38.640,18.59
38.656,14.92
38.671,11.67
38.687,8.85
38.703,6.31
38.718,3.85
38.734,1.4
38.750,-1.03
38.765,-3.45
38.781,-6.05
38.796,-9.24
38.812,-13.38
38.828,-18.62
38.843,-24.7
38.859,-31.03
38.875,-36.92
38.890,-41.93
38.906,-46.05
38.921,-49.64
38.937,-53.25
38.953,-57.34
38.968,-62.08
38.984,-67.23
39.000,-72.19
39.015,-76.12
39.031,-78.1
39.046,-77.39
39.062,-73.61
39.078,-66.86
39.093,-57.74
39.109,-47.09
39.125,-35.85
39.140,-24.76
39.156,-14.33
39.171,-4.82
39.187,3.71
39.203,11.27
39.218,17.92
39.234,23.66
39.250,28.51
39.265,32.37
39.281,35.14
39.296,36.72
39.312,37.05
39.328,36.22
39.343,34.42
39.359,31.96
39.375,29.12
39.390,26.14
39.406,23.14
39.421,20.13
39.437,17.18
39.453,14.35
39.468,11.77
39.484,9.55
39.500,7.68
39.515,5.96
39.531,4.07
39.546,1.69
39.562,-1.37
39.578,-5.04
39.593,-9.07
39.609,-13.11
39.625,-16.88
39.640,-20.27
39.656,-23.34
39.671,-26.33
39.687,-29.52
39.703,-33.15
39.718,-37.36
39.734,-42.14
39.750,-47.15
39.765,-51.75
39.781,-55.0
39.796,-55.8
39.812,-53.31
39.828,-47.12
39.843,-37.6
39.859,-25.67
39.875,-12.67
39.890,0.04
39.906,11.39
39.921,20.72
39.937,27.86
39.953,32.96
39.968,36.34
39.984,38.37
40.000,39.39
40.015,39.74
40.031,39.71
40.046,39.53
40.062,39.45
40.078,39.61
40.093,40.03
40.109,40.54
40.125,40.86
40.140,40.69
40.156,39.87
40.171,38.48
40.187,36.76
40.203,35.01
40.218,33.42
40.234,31.94
40.250,30.36
40.265,28.41
40.281,25.99
40.296,23.15
40.312,20.07
40.328,16.77
40.343,13.08
40.359,8.58
40.375,2.81
40.390,-4.52
40.406,-13.39
40.421,-23.41
40.437,-34.01
40.453,-44.45
40.468,-54.04
40.484,-62.01
40.500,-67.49
40.515,-69.64
40.531,-67.72
40.546,-61.5
40.562,-51.38
40.578,-38.41
40.593,-23.97
40.609,-9.45
40.625,4.13
40.640,16.25
40.656,26.72
40.671,35.51
40.687,42.57
40.703,47.74
40.718,50.88
40.734,52.09
40.750,51.68
40.765,50.17
40.781,48.19
40.796,46.19
40.812,44.4
40.828,42.77
40.843,41.07
40.859,39.07
40.875,36.72
40.890,34.16
40.906,31.67
40.921,29.49
40.937,27.68
40.953,26.05
40.968,24.2
40.984,21.7
41.000,18.38
41.015,14.26
41.031,9.6
41.046,4.77
41.062,-0.01
41.078,-4.6
41.093,-8.97
41.109,-13.19
41.125,-17.33
41.140,-21.49
41.156,-25.84
41.171,-30.54
41.187,-35.58
41.203,-40.63
41.218,-44.91
41.234,-47.33
41.250,-46.79
41.265,-42.6
41.281,-34.73
41.296,-23.88
41.312,-11.24
41.328,1.83
41.343,14.14
41.359,24.87
41.375,33.64
41.390,40.43
41.406,45.52
41.421,49.26
41.437,52.04
41.453,54.2
41.468,55.92
41.484,57.11
41.500,57.48
41.515,56.59
41.531,54.0
41.546,49.52
41.562,43.26
41.578,35.7
41.593,27.57
41.609,19.57
41.625,12.15
41.640,5.5
41.656,-0.54
41.671,-6.2
41.687,-11.64
41.703,-16.93
41.718,-22.02
41.734,-26.85
41.750,-31.37
41.765,-35.54
41.781,-39.28
41.796,-42.54
41.812,-45.27
41.828,-47.54
41.843,-49.62
41.859,-51.95
41.875,-54.97
41.890,-59.05
41.906,-64.21
41.921,-70.07
41.937,-75.84
41.953,-80.36
41.968,-82.4
41.984,-80.98
42.000,-75.67
42.015,-66.73
42.031,-55.06
42.046,-41.98
42.062,-28.8
42.078,-16.58
42.093,-5.96
42.109,2.86
42.125,9.92
42.140,15.38
42.156,19.4
42.171,22.11
42.187,23.66
42.203,24.26
42.218,24.13
42.234,23.56
42.250,22.82
42.265,22.1
42.281,21.5
42.296,21.03
42.312,20.62
42.328,20.22
42.343,19.83
42.359,19.45
42.375,19.05
42.390,18.55
42.406,17.71
42.421,16.26
42.437,13.99
42.453,10.88
42.468,7.15
42.484,3.21
42.500,-0.6
42.515,-4.11
42.531,-7.33
42.546,-10.51
42.562,-13.86
42.578,-17.53
42.593,-21.57
42.609,-25.97
42.625,-30.71
42.640,-35.76
42.656,-40.9
42.671,-45.6
42.687,-48.97
42.703,-49.95
42.718,-47.64
42.734,-41.7
42.750,-32.47
42.765,-20.95
42.781,-8.51
42.796,3.58
42.812,14.39
42.828,23.52
42.843,30.93
42.859,36.75
42.875,41.06
42.890,43.86
42.906,45.2
42.921,45.29
42.937,44.56
42.953,43.54
42.968,42.68
42.984,42.18
43.000,41.98
43.015,41.85
43.031,41.55
43.046,41.0
43.062,40.3
43.078,39.59
43.093,38.96
43.109,38.39
43.125,37.79
43.140,37.1
43.156,36.32
43.171,35.5
43.187,34.7
43.203,33.96
43.218,33.27
43.234,32.63
43.250,32.0
43.265,31.37
43.281,30.71
43.296,29.95
43.312,29.04
43.328,27.96
43.343,26.74
43.359,25.47
43.375,24.19
43.390,22.87
43.406,21.41
43.421,19.73
43.437,17.81
43.453,15.74
43.468,13.65
43.484,11.67
43.500,9.84
43.515,8.13
43.531,6.52
43.546,5.0
43.562,3.63
43.578,2.47
43.593,1.53
43.609,0.73
43.625,-0.02
43.640,-0.83
43.656,-1.73
43.671,-2.75
43.687,-3.93
43.703,-5.33
43.718,-7.05
43.734,-9.15
43.750,-11.57
43.765,-14.12
43.781,-16.57
43.796,-18.77
43.812,-20.73
43.828,-22.66
43.843,-24.85
43.859,-27.6
43.875,-31.01
43.890,-34.99
43.906,-39.24
43.921,-43.43
43.937,-47.21
43.953,-50.41
43.968,-53.06
43.984,-55.37
44.000,-57.7
44.015,-60.52
44.031,-64.21
44.046,-68.93
44.062,-74.4
44.078,-79.81
44.093,-83.9
44.109,-85.33
44.125,-83.01
44.140,-76.43
44.156,-65.93
44.171,-52.46
44.187,-37.43
44.203,-22.3
44.218,-8.28
44.234,3.77
44.250,13.36
44.265,20.36
44.281,24.87
44.296,27.2
44.312,27.83
44.328,27.37
44.343,26.44
44.359,25.62
44.375,25.24
44.390,25.38
44.406,25.88
44.421,26.38
44.437,26.51
44.453,26.04
44.468,24.91
44.484,23.34
44.500,21.62
44.515,20.01
44.531,18.57
44.546,17.16
44.562,15.48
44.578,13.19
44.593,10.17
44.609,6.42
44.625,2.2
44.640,-2.27
44.656,-6.76
44.671,-11.26
44.687,-15.82
44.703,-20.54
44.718,-25.58
44.734,-30.97
44.750,-36.72
44.765,-42.57
44.781,-48.02
44.796,-52.27
44.812,-54.38
44.828,-53.57
44.843,-49.45
44.859,-42.23
44.875,-32.68
44.890,-21.88
44.906,-10.9
44.921,-0.59
44.937,8.53
44.953,16.21
44.968,22.33
44.984,26.83
45.000,29.67
45.015,30.98
45.031,30.93
45.046,29.86
45.062,28.13
45.078,26.07
45.093,23.87
45.109,21.6
45.125,19.26
45.140,16.82
45.156,14.38
45.171,12.04
45.187,9.93
45.203,8.12
45.218,6.54
45.234,4.94
45.250,3.0
45.265,0.47
45.281,-2.83
45.296,-6.76
45.312,-11.02
45.328,-15.22
45.343,-19.04
45.359,-22.38
45.375,-25.38
45.390,-28.38
45.406,-31.77
45.421,-35.89
45.437,-40.77
45.453,-46.08
45.468,-51.06
45.484,-54.67
45.500,-55.83
45.515,-53.71
45.531,-48.02
45.546,-39.16
45.562,-28.06
45.578,-15.95
45.593,-4.08
45.609,6.57
45.625,15.38
45.640,22.02
45.656,26.47
45.671,28.91
45.687,29.65
45.703,29.15
45.718,27.99
45.734,26.64
45.750,25.44
45.765,24.48
45.781,23.69
45.796,22.93
45.812,22.06
45.828,21.06
45.843,19.95
45.859,18.81
45.875,17.62
45.890,16.28
45.906,14.56
45.921,12.23
45.937,9.16
45.953,5.37
45.968,1.09
45.984,-3.4
46.000,-7.75
46.015,-11.77
46.031,-15.38
46.046,-18.78
46.062,-22.23
46.078,-26.07
46.093,-30.57
46.109,-35.81
46.125,-41.6
46.140,-47.32
46.156,-52.1
46.171,-54.73
46.187,-54.17
46.203,-49.72
46.218,-41.33
46.234,-29.76
46.250,-16.34
46.265,-2.65
46.281,9.91
46.296,20.44
46.312,28.59
46.328,34.45
46.343,38.33
46.359,40.57
46.375,41.48
46.390,41.38
46.406,40.64
46.421,39.65
46.437,38.72
46.453,37.97
46.468,37.26
46.484,36.34
46.500,34.97
46.515,33.1
46.531,30.94
46.546,28.74
46.562,26.71
46.578,24.79
46.593,22.74
46.609,20.23
46.625,17.01
46.640,13.11
46.656,8.72
46.671,4.23
46.687,-0.08
46.703,-4.04
46.718,-7.65
46.734,-11.08
46.750,-14.62
46.765,-18.6
46.781,-23.29
46.796,-28.7
46.812,-34.44
46.828,-39.6
46.843,-43.01
46.859,-43.48
46.875,-40.17
46.890,-32.95
46.906,-22.43
46.921,-9.81
46.937,3.57
46.953,16.53
46.968,28.32
46.984,38.58
47.000,47.23
47.015,54.28
47.031,59.75
47.046,63.61
47.062,65.92
47.078,66.79
47.093,66.46
47.109,65.25
47.125,63.48
47.140,61.48
47.156,59.49
47.171,57.67
47.187,56.08
47.203,54.74
47.218,53.57
47.234,52.52
47.250,51.52
47.265,50.56
47.281,49.59
47.296,48.53
47.312,47.19
47.328,45.38
47.343,42.98
47.359,39.98
47.375,36.61
47.390,33.23
47.406,30.23
47.421,27.76
47.437,25.8
47.453,24.14
47.468,22.51
47.484,20.77
47.500,18.92
47.515,17.08
47.531,15.33
47.546,13.66
47.562,11.94
47.578,10.02
47.593,7.89
47.609,5.71
47.625,3.72
47.640,2.15
47.656,1.11
47.671,0.47
47.687,-0.01
47.703,-0.6
47.718,-1.49
47.734,-2.77
47.750,-4.39
47.765,-6.24
47.781,-8.15
47.796,-9.93
47.812,-11.42
47.828,-12.52
47.843,-13.25
47.859,-13.75
47.875,-14.23
47.890,-14.9
47.906,-15.89
47.921,-17.27
47.937,-19.03
47.953,-21.12
47.968,-23.49
47.984,-26.12
48.000,-29.0
48.015,-32.11
48.031,-35.43
48.046,-38.9
48.062,-42.44
48.078,-45.99
48.093,-49.49
48.109,-52.92
48.125,-56.36
48.140,-59.94
48.156,-63.8
48.171,-68.12
48.187,-73.04
48.203,-78.56
48.218,-84.41
48.234,-89.91
48.250,-93.98
48.265,-95.31
48.281,-92.75
48.296,-85.7
48.312,-74.35
48.328,-59.76
48.343,-43.46
48.359,-27.1
48.375,-12.0
48.390,1.02
48.406,11.61
48.421,19.77
48.437,25.67
48.453,29.57
48.468,31.81
48.484,32.81
48.500,32.97
48.515,32.67
48.531,32.15
48.546,31.49
48.562,30.68
48.578,29.62
48.593,28.21
48.609,26.47
48.625,24.5
48.640,22.44
48.656,20.47
48.671,18.67
48.687,16.99
48.703,15.26
48.718,13.2
48.734,10.56
48.750,7.27
48.765,3.45
48.781,-0.63
48.796,-4.67
48.812,-8.41
48.828,-11.84
48.843,-15.13
48.859,-18.52
48.875,-22.28
48.890,-26.56
48.906,-31.38
48.921,-36.57
48.937,-41.76
48.953,-46.32
48.968,-49.4
48.984,-50.12
49.000,-47.82
49.015,-42.34
49.031,-34.1
49.046,-24.03
49.062,-13.23
49.078,-2.75
49.093,6.67
49.109,14.65
49.125,21.04
49.140,25.83
49.156,29.06
49.171,30.85
49.187,31.43
49.203,31.14
49.218,30.32
49.234,29.26
49.250,28.11
49.265,26.92
49.281,25.64
49.296,24.15
49.312,22.42
49.328,20.49
49.343,18.45
49.359,16.38
49.375,14.33
49.390,12.2
49.406,9.85
49.421,7.11
49.437,3.91
49.453,0.39
49.468,-3.27
49.484,-6.8
49.500,-10.09
49.515,-13.12
49.531,-16.02
49.546,-18.95
49.562,-22.08
49.578,-25.59
49.593,-29.59
49.609,-34.12
49.625,-38.96
49.640,-43.57
49.656,-47.06
49.671,-48.45
49.687,-46.93
49.703,-42.16
49.718,-34.47
49.734,-24.69
49.750,-13.94
49.765,-3.25
49.781,6.6
49.796,15.21
49.812,22.39
49.828,28.06
49.843,32.19
49.859,34.83
49.875,36.12
49.890,36.35
49.906,35.85
49.921,34.94
49.937,33.85
49.953,32.62
49.968,31.21
49.984,29.58
50.000,27.77
50.015,25.94
50.031,24.3
50.046,22.97
50.062,21.91
50.078,20.92
50.093,19.67
50.109,17.85
50.125,15.21
50.140,11.66
50.156,7.31
50.171,2.4
50.187,-2.73
50.203,-7.78
50.218,-12.49
50.234,-16.8
50.250,-20.8
50.265,-24.76
50.281,-28.97
50.296,-33.57
50.312,-38.35
50.328,-42.68
50.343,-45.7
50.359,-46.4
50.375,-44.09
50.390,-38.53
50.406,-30.05
50.421,-19.48
50.437,-7.88
50.453,3.69
50.468,14.39
50.484,23.66
50.500,31.22
50.515,36.97
50.531,40.95
50.546,43.28
50.562,44.17
50.578,43.92
50.593,42.85
50.609,41.33
50.625,39.72
50.640,38.16
50.656,36.62
50.671,34.94
50.687,32.9
50.703,30.41
50.718,27.56
50.734,24.6
50.750,21.79
50.765,19.26
50.781,16.88
50.796,14.33
50.812,11.26
50.828,7.46
50.843,3.02
50.859,-1.76
50.875,-6.51
50.890,-10.93
50.906,-14.98
50.921,-18.79
50.937,-22.61
50.953,-26.68
50.968,-31.21
50.984,-36.3
51.000,-41.88
51.015,-47.68
51.031,-53.07
51.046,-57.13
51.062,-58.84
51.078,-57.36
51.093,-52.33
51.109,-44.05
51.125,-33.41
51.140,-21.56
51.156,-9.66
51.171,1.5
51.187,11.52
51.203,20.32
51.218,27.97
51.234,34.46
51.250,39.64
51.265,43.33
51.281,45.4
51.296,45.95
51.312,45.28
51.328,43.88
51.343,42.22
51.359,40.59
51.375,39.06
51.390,37.48
51.406,35.66
51.421,33.49
51.437,31.02
51.453,28.47
51.468,26.04
51.484,23.8
51.500,21.58
51.515,19.06
51.531,15.92
51.546,11.96
51.562,7.2
51.578,1.95
51.593,-3.38
51.609,-8.44
51.625,-13.02
51.640,-17.14
51.656,-20.92
51.671,-24.55
51.687,-28.19
51.703,-32.03
51.718,-36.22
51.734,-40.94
51.750,-46.2
51.765,-51.75
51.781,-56.98
51.796,-60.94
51.812,-62.59
51.828,-61.05
51.843,-55.94
51.859,-47.46
51.875,-36.39
51.890,-23.83
51.906,-10.95
51.921,1.19
51.937,11.88
51.953,20.75
51.968,27.72
51.984,32.93
52.000,36.64
52.015,39.09
52.031,40.53
52.046,41.15
52.062,41.14
52.078,40.66
52.093,39.85
52.109,38.85
52.125,37.74
52.140,36.62
52.156,35.5
52.171,34.34
52.187,33.04
52.203,31.5
52.218,29.62
52.234,27.33
52.250,24.63
52.265,21.54
52.281,18.11
52.296,14.4
52.312,10.49
52.328,6.46
52.343,2.34
52.359,-1.94
52.375,-6.47
52.390,-11.33
52.406,-16.44
52.421,-21.61
52.437,-26.51
52.453,-30.85
52.468,-34.49
52.484,-37.52
52.500,-40.32
52.515,-43.31
52.531,-46.76
52.546,-50.71
52.562,-54.73
52.578,-58.04
52.593,-59.67
52.609,-58.65
52.625,-54.37
52.640,-46.71
52.656,-36.11
52.671,-23.46
52.687,-9.89
52.703,3.49
52.718,15.82
52.734,26.56
52.750,35.48
52.765,42.61
52.781,48.15
52.796,52.4
52.812,55.76
52.828,58.68
52.843,61.65
52.859,64.98
52.875,68.79
52.890,72.99
52.906,77.36
52.921,81.69
52.937,85.96
52.953,90.39
52.968,95.35
52.984,101.22
53.000,108.21
53.015,116.14
53.031,124.64
53.046,133.23
53.062,141.58
53.078,149.64
53.093,157.65
53.109,165.98
53.125,175.01
53.140,185.08
53.156,196.38
53.171,208.98
53.187,222.71
53.203,236.9
53.218,250.21
53.234,260.65
53.250,265.84
53.265,263.59
53.281,252.61
53.296,232.72
53.312,204.89
53.328,171.02
53.343,133.58
53.359,95.46
53.375,59.8
53.390,29.55
53.406,6.72
53.421,-8.15
53.437,-16.44
53.453,-20.96
53.468,-24.95
53.484,-30.96
53.500,-39.95
53.515,-51.13
53.531,-62.64
53.546,-72.5
53.562,-79.45
53.578,-83.44
53.593,-85.46
53.609,-87.12
53.625,-90.05
53.640,-95.26
53.656,-102.76
53.671,-111.39
53.687,-118.96
53.703,-123.13
53.718,-122.35
53.734,-116.84
53.750,-108.88
53.765,-102.4
53.781,-101.58
53.796,-109.43
53.812,-126.6
53.828,-151.19
53.843,-179.53
53.859,-207.71
53.875,-232.91
53.890,-253.92
53.906,-270.8
53.921,-283.58
53.937,-291.47
53.953,-292.7
53.968,-285.46
53.984,-269.28
54.000,-246.04
54.015,-219.77
54.031,-195.3
54.046,-176.42
54.062,-164.24
54.078,-156.97
54.093,-150.97
54.109,-142.6
54.125,-129.85
54.140,-113.04
54.156,-94.28
54.171,-76.25
54.187,-60.97
54.203,-49.07
54.218,-39.79
54.234,-31.61
54.250,-23.01
54.265,-13.21
54.281,-2.17
54.296,9.55
54.312,21.37
54.328,33.08
54.343,44.88
54.359,57.11
54.375,69.74
54.390,82.04
54.406,92.66
54.421,100.14
54.437,103.84
54.453,104.45
54.468,103.98
54.484,104.89
54.500,108.73
54.515,115.19
54.531,122.12
54.546,126.5
54.562,126.07
54.578,120.35
54.593,110.64
54.609,99.17
54.625,87.92
54.640,77.79
54.656,68.87
54.671,61.06
54.687,54.68
54.703,50.37
54.718,48.56
54.734,48.63
54.750,48.93
54.765,47.34
54.781,42.34
54.796,33.61
54.812,21.98
54.828,8.67
54.843,-5.38
54.859,-19.81
54.875,-34.58
54.890,-49.4
54.906,-63.26
54.921,-74.41
54.937,-80.84
54.953,-80.83
54.968,-73.57
54.984,-59.34
55.000,-39.36
55.015,-15.64
55.031,9.46
55.046,33.61
55.062,54.9
55.078,72.21
55.093,85.34
55.109,94.76
55.125,101.24
55.140,105.21
55.156,106.46
55.171,104.34
55.187,98.17
55.203,87.82
55.218,73.96
55.234,57.76
55.250,40.32
55.265,22.15
55.281,3.04
55.296,-17.52
55.312,-39.7
55.328,-62.91
55.343,-85.76
55.359,-106.58
55.375,-124.12
55.390,-138.01
55.406,-148.79
55.421,-157.55
55.437,-165.5
55.453,-173.62
55.468,-182.6
55.484,-192.85
55.500,-204.33
55.515,-216.19
55.531,-226.63
55.546,-232.96
55.562,-232.43
55.578,-223.23
55.593,-205.37
55.609,-180.84
55.625,-152.86
55.640,-124.57
55.656,-98.01
55.671,-73.71
55.687,-51.08
55.703,-29.36
55.718,-8.37
55.734,11.42
55.750,29.1
55.765,43.9
55.781,55.66
55.796,64.66
55.812,71.4
55.828,76.25
55.843,79.34
55.859,80.64
55.875,80.23
55.890,78.52
55.906,76.3
55.921,74.64
55.937,74.52
55.953,76.53
55.968,80.63
55.984,86.15
56.000,91.96
56.015,96.86
56.031,99.94
56.046,100.79
56.062,99.73
56.078,97.7
56.093,96.03
56.109,96.0
56.125,98.16
56.140,101.78
56.156,104.78
56.171,104.2
56.187,97.18
56.203,82.11
56.218,59.32
56.234,31.04
56.250,0.67
56.265,-28.35
56.281,-53.39
56.296,-72.83
56.312,-86.1
56.328,-93.31
56.343,-95.24
56.359,-93.43
56.375,-90.19
56.390,-88.16
56.406,-89.55
56.421,-95.16
56.437,-103.87
56.453,-112.98
56.468,-119.24
56.484,-120.33
56.500,-116.06
56.515,-108.62
56.531,-101.76
56.546,-99.21
56.562,-103.11
56.578,-113.1
56.593,-126.48
56.609,-139.42
56.625,-148.39
56.640,-151.46
56.656,-148.51
56.671,-140.79
56.687,-130.03
56.703,-117.63
56.718,-104.36
56.734,-90.73
56.750,-77.34
56.765,-65.31
56.781,-56.13
56.796,-51.13
56.812,-50.85
56.828,-54.45
56.843,-59.76
56.859,-63.75
56.875,-63.56
56.890,-57.45
56.906,-45.33
56.921,-28.67
56.937,-9.75
56.953,9.23
56.968,26.81
56.984,42.38
57.000,55.74
57.015,66.61
57.031,74.34
57.046,78.06
57.062,77.19
57.078,71.81
57.093,62.79
57.109,51.52
57.125,39.53
57.140,28.07
57.156,18.05
57.171,10.04
57.187,4.46
57.203,1.64
57.218,1.74
57.234,4.64
57.250,9.84
57.265,16.52
57.281,23.67
57.296,30.32
57.312,35.74
57.328,39.45
57.343,41.28
57.359,41.13
57.375,38.94
57.390,34.6
57.406,28.15
57.421,19.83
57.437,10.18
57.468,-9.79
57.484,-18.13
57.500,-23.88
57.515,-25.83
57.531,-22.74
57.546,-13.65
57.562,1.93
57.578,23.63
57.593,50.32
57.609,80.36
57.625,112.18
57.640,144.42
57.656,175.97
57.671,205.54
57.687,231.26
57.703,250.65
57.718,261.12
57.734,260.87
57.750,249.66
57.765,228.92
57.781,201.13
57.796,168.61
57.812,132.59
57.828,92.95
57.843,49.08
57.859,1.16
57.875,-48.85
57.890,-97.15
57.906,-139.13
57.921,-170.9
57.937,-190.67
57.953,-199.14
57.968,-198.86
57.984,-192.92
58.000,-183.7
58.015,-172.41
58.031,-159.34
58.046,-144.66
58.062,-129.18
58.078,-114.53
58.093,-102.73
58.109,-95.55
58.125,-93.65
58.140,-96.36
58.156,-101.92
58.171,-107.94
58.187,-112.1
58.203,-112.64
58.218,-108.57
58.234,-99.67
58.250,-86.38
58.265,-69.64
58.281,-50.58
58.296,-30.33
58.312,-9.69
58.328,10.86
58.343,31.2
58.359,51.36
58.375,71.32
58.390,90.98
58.406,110.2
58.421,128.97
58.437,147.46
58.453,166.01
58.468,184.92
58.484,204.16
58.500,223.36
58.515,241.66
58.531,257.77
58.546,270.24
58.562,277.58
58.578,278.46
58.593,271.93
58.609,257.51
58.625,235.27
58.640,206.08
58.656,171.67
58.671,134.62
58.687,98.05
58.703,64.89
58.718,36.87
58.734,13.87
58.750,-6.27
58.765,-26.93
58.781,-51.4
58.796,-81.47
58.812,-116.66
58.828,-154.16
58.843,-189.72
58.859,-218.6
58.875,-236.66
58.890,-241.1
58.906,-231.01
58.921,-207.54
58.937,-173.72
58.953,-133.96
58.968,-92.93
58.984,-54.7
59.000,-21.85
59.015,4.74
59.031,25.53
59.046,41.62
59.062,54.12
59.078,63.76
59.093,70.96
59.109,75.96
59.125,79.03
59.140,80.57
59.156,81.13
59.171,81.26
59.187,81.46
59.203,82.06
59.218,83.07
59.234,84.14
59.250,84.73
59.265,84.29
59.281,82.61
59.296,79.96
59.312,76.97
59.328,74.36
59.343,72.62
59.359,71.94
59.375,72.28
59.390,73.5
59.406,75.39
59.421,77.46
59.437,78.87
59.453,78.5
59.468,75.35
59.484,69.2
59.500,60.66
59.515,51.01
59.531,41.43
59.546,32.46
59.562,23.88
59.578,15.47
59.593,7.87
59.609,2.98
59.625,3.36
59.640,10.77
59.656,24.53
59.671,40.8
59.687,53.36
59.703,55.75
59.718,43.77
59.734,17.07
59.750,-21.01
59.765,-65.0
59.781,-109.66
59.796,-151.46
59.812,-188.78
59.828,-221.01
59.843,-247.23
59.859,-265.72
59.875,-274.39
59.890,-271.98
59.906,-258.81
59.921,-237.04
59.937,-209.86
59.953,-180.33
59.968,-150.64
59.984,-121.92
