userId,timezone,date,startDt,endDt,lastUpdate,wakeupduration,lightsleepduration,deepsleepduration,wakeupcount,durationtosleep,remsleepduration,durationtowakeup,hr_average,hr_min,hr_max,rr_average,rr_min,rr_max,breathing_disturbances_intensity,snoring,snoringepisodecount,sleep_score
user24,Asia/Seoul,2020-08-30,1598708760,1598740860,1598748252,3840,13800,9000,3,1740,5280,0,72,63,82,15,10,20,10,840,1,86
user24,Asia/Seoul,2020-08-31,1598800140,1598825940,1598833333,4740,9540,6360,1,3180,4980,600,69,60,82,15,11,20,8,2700,3,52
user24,Asia/Seoul,2020-09-01,1598885940,1598908800,1598916190,1920,8760,4740,1,1440,7440,0,70,58,94,15,12,23,8,0,0,61
user24,Asia/Seoul,2020-09-02,1598979420,1598999580,1599006969,2760,7740,7440,1,1380,2220,0,68,60,80,15,12,19,-1,240,1,40
user24,Asia/Seoul,2020-09-03,1599060780,1599085980,1599093370,3900,11640,7620,1,1680,2040,600,71,61,83,15,11,25,7,300,1,55
user24,Asia/Seoul,2020-09-04,1599144120,1599168060,1599175452,1140,10320,5520,0,1140,6960,0,67,59,83,15,10,23,7,1620,3,79
user24,Asia/Seoul,2020-09-05,1599247200,1599275280,1599282670,3780,9720,6480,1,3120,8100,0,67,59,78,15,11,30,9,4500,3,72
user24,Asia/Seoul,2020-09-06,1599319380,1599349080,1599356470,2700,11460,9000,2,1620,6540,0,68,58,80,15,9,21,9,1800,2,82
user24,Asia/Seoul,2020-09-07,1599409200,1599427200,1599434592,1020,4500,6120,0,1020,6360,0,71,60,94,16,12,26,-1,0,0,36
user24,Asia/Seoul,2020-09-08,1599496860,1599513600,1599520989,2580,4080,7020,1,1440,3060,0,66,50,78,15,12,18,-1,1260,2,20
user24,Asia/Seoul,2020-09-09,1599577620,1599604200,1599611607,5220,9780,8700,2,4140,2880,0,69,60,80,14,9,20,8,180,1,53
user24,Asia/Seoul,2020-09-10,1599657780,1599690420,1599697816,4380,13500,8040,3,1080,6720,0,64,56,77,14,10,22,8,0,0,82
user24,Asia/Seoul,2020-09-11,1599756360,1599772800,1599780189,2340,3780,7560,0,2340,2760,0,70,59,82,15,11,22,-1,0,0,20
user24,Asia/Seoul,2020-09-12,1599848220,1599871920,1599879312,1860,4860,7260,0,1860,9720,0,68,54,79,14,11,18,9,0,0,59
user24,Asia/Seoul,2020-09-13,1599922920,1599953340,1599960729,3480,10620,9300,3,2220,6900,0,68,58,81,15,10,20,8,0,0,78
user24,Asia/Seoul,2020-09-14,1600012860,1600032000,1600039391,2940,4260,8160,1,1560,3780,0,66,57,82,15,11,21,-1,0,0,25
user24,Asia/Seoul,2020-09-15,1600096800,1600118400,1600125788,2880,6180,7080,2,2100,5460,0,68,58,84,15,12,22,9,240,1,39
user24,Asia/Seoul,2020-09-16,1600188000,1600209300,1600216821,3480,5280,7140,1,3120,5400,0,72,63,84,15,10,21,-1,180,1,35
user24,Asia/Seoul,2020-09-17,1600274760,1600295520,1600302913,1380,5040,9120,0,1380,5220,0,70,62,85,15,9,21,7,0,0,48
user24,Asia/Seoul,2020-09-18,1600353060,1600377600,1600384990,1260,6660,9780,1,780,6840,0,68,61,76,15,11,20,8,0,0,75
user24,Asia/Seoul,2020-09-19,1600445520,1600462800,1600462937,1380,3480,7980,0,1380,4440,0,74,59,83,16,13,19,-1,780,2,37
user24,Asia/Seoul,2020-09-20,1600533780,1600554000,1600561390,2160,6600,6060,1,1560,5400,0,69,57,82,15,11,20,10,2340,1,46
user24,Asia/Seoul,2020-09-21,1600610220,1600636800,1600644191,2220,9840,8040,0,2220,6480,0,72,61,87,15,11,22,9,1620,1,80
user24,Asia/Seoul,2020-09-22,1600705380,1600723200,1600730589,2700,6720,5400,1,2280,3000,0,72,60,88,15,11,18,-1,1980,1,29
user24,Asia/Seoul,2020-09-23,1600793700,1600813860,1600821251,1380,5760,8160,1,1020,4860,0,73,52,85,15,12,20,8,540,1,54
user24,Asia/Seoul,2020-09-24,1600880820,1600901040,1600908430,2400,4260,7200,0,2400,6360,0,73,65,90,16,11,25,-1,1320,2,42
user24,Asia/Seoul,2020-09-24,1600926840,1600929780,1600937170,720,360,1860,0,720,0,0,70,65,72,16,15,16,-1,0,0,20
user24,Asia/Seoul,2020-09-25,1600960200,1600982400,1600989789,1260,9120,4320,1,840,7500,0,70,56,83,16,11,22,12,480,2,67
user24,Asia/Seoul,2020-09-26,1601062560,1601079900,1601087290,1020,2940,7980,0,1020,5400,0,73,64,91,16,12,21,-1,0,0,33
user24,Asia/Seoul,2020-09-27,1601130120,1601160180,1601167570,840,10200,8760,0,840,10260,0,73,54,87,16,11,21,10,0,0,91
user24,Asia/Seoul,2020-09-28,1601217780,1601241600,1601248991,2400,9420,6300,1,1980,5700,0,73,60,86,16,13,22,9,0,0,58
user23,Asia/Seoul,2020-08-31,1598796360,1598825100,1598832490,1620,17700,2220,3,840,7140,0,59,51,73,16,10,25,40,11700,26,83
user23,Asia/Seoul,2020-09-01,1598886060,1598912940,1598920375,1920,15540,3900,1,1920,4860,0,58,50,71,15,10,25,35,8040,16,70
user23,Asia/Seoul,2020-09-02,1598979540,1599005100,1599005172,4320,9900,3720,2,2160,6180,1200,60,51,74,15,11,22,42,8280,17,40
user23,Asia/Seoul,2020-09-03,1599062460,1599093120,1599100509,2520,20700,1860,3,720,5340,0,58,50,75,16,10,23,32,5700,16,74
user23,Asia/Seoul,2020-09-03,1599114960,1599116160,1599123851,720,480,0,0,720,0,0,73,66,75,19,17,19,-1,0,0,20
user23,Asia/Seoul,2020-09-04,1599148200,1599179820,1599179894,1260,23460,1740,1,840,5160,0,58,45,69,16,9,23,32,7920,18,81
user23,Asia/Seoul,2020-09-05,1599241140,1599269340,1599269415,3600,14220,2040,4,1080,7680,0,61,50,82,16,11,24,39,5100,8,64
user23,Asia/Seoul,2020-09-06,1599326340,1599358080,1599358243,4440,16620,3420,5,1080,4380,0,60,52,71,15,9,22,40,4740,12,60
user23,Asia/Seoul,2020-09-07,1599405000,1599429600,1599436991,4260,13620,4500,5,1080,2220,0,60,50,72,15,12,23,31,5040,8,38
user23,Asia/Seoul,2020-09-08,1599491520,1599512520,1599519913,3900,3780,6780,3,1560,1800,0,66,58,81,17,11,22,-1,8100,8,20
user23,Asia/Seoul,2020-09-09,1599576420,1599600600,1599607989,3660,9600,3900,4,2160,4020,0,64,54,77,16,10,21,-1,4500,12,23
user23,Asia/Seoul,2020-09-10,1599663600,1599691860,1599699251,2400,16440,4380,5,1500,4080,0,60,50,72,15,10,24,32,2880,10,64
user23,Asia/Seoul,2020-09-11,1599750720,1599777360,1599784754,1800,14580,4320,1,960,5640,840,57,48,73,15,9,26,35,9960,19,69
user23,Asia/Seoul,2020-09-12,1599845760,1599875100,1599875530,2760,15540,4920,1,2220,6120,0,61,52,75,15,9,25,37,11100,19,76
user23,Asia/Seoul,2020-09-12,1599917580,1599922080,1599930672,1680,2820,0,0,1680,0,0,58,55,63,17,15,19,-1,1140,2,20
user23,Asia/Seoul,2020-09-13,1599931680,1599954480,1599961871,3060,13380,2220,1,2700,4140,0,57,49,69,15,10,22,36,7620,11,36
user23,Asia/Seoul,2020-09-14,1600005240,1600034640,1600042034,4260,12840,1800,7,780,3360,0,58,49,76,16,10,21,35,4080,11,25
user23,Asia/Seoul,2020-09-15,1600097100,1600122960,1600130353,1980,9600,5400,3,600,6120,600,58,50,69,16,10,23,43,10260,17,48
user23,Asia/Seoul,2020-09-16,1600182300,1600209120,1600216510,1620,12660,4560,3,1140,7500,0,59,51,69,15,10,22,36,6540,14,78
user23,Asia/Seoul,2020-09-17,1600267860,1600295520,1600302911,1860,10620,6600,2,1680,8100,0,63,48,83,16,9,27,30,12360,20,79
user23,Asia/Seoul,2020-09-18,1600353480,1600381980,1600389369,2700,12420,6180,3,840,5640,0,61,53,75,16,11,23,38,10620,16,69
user23,Asia/Seoul,2020-09-19,1600453080,1600478820,1600479369,2100,15120,1380,1,540,7020,900,63,53,77,15,10,25,34,8220,20,61
user23,Asia/Seoul,2020-09-20,1600538160,1600566900,1600566973,2100,16740,2160,2,1200,7140,540,59,51,71,15,11,22,39,12240,25,75
user23,Asia/Seoul,2020-09-21,1600614000,1600640520,1600647910,1080,15420,3540,1,660,6480,0,57,48,70,15,11,25,33,10320,15,78
user23,Asia/Seoul,2020-09-22,1600700700,1600727880,1600735272,1020,13560,4980,0,1020,7620,0,59,49,74,16,10,26,25,9600,14,85
user23,Asia/Seoul,2020-09-23,1600787220,1600814400,1600821790,1560,17640,3780,2,1560,4020,0,60,51,74,16,10,25,30,8580,16,70
user23,Asia/Seoul,2020-09-24,1600872840,1600900860,1600908254,1560,15420,5160,1,1560,5760,0,63,53,79,16,11,25,33,9960,11,78
user23,Asia/Seoul,2020-09-25,1600960320,1600986960,1600994350,2280,19080,2400,2,1500,2880,0,62,54,78,16,11,26,31,9960,17,64
user23,Asia/Seoul,2020-09-26,1601052840,1601076900,1601084287,1800,15300,1860,1,1800,4980,0,61,51,74,16,8,22,28,5940,11,50
user23,Asia/Seoul,2020-09-27,1601142600,1601160000,1601167389,480,9120,2820,3,480,4680,0,61,54,72,15,11,28,-1,6900,14,39
user05,Asia/Seoul,2020-08-31,1598799420,1598826180,1598833573,3840,14880,1380,1,2040,6660,0,62,53,82,13,9,20,16,0,0,58
user05,Asia/Seoul,2020-09-01,1598884080,1598911560,1598918953,7020,18900,780,2,3060,780,0,61,52,87,13,10,24,17,0,0,35
user05,Asia/Seoul,2020-09-02,1598978340,1599000300,1599007690,1740,11880,2100,0,1740,6240,0,62,54,84,13,9,17,13,180,1,49
user05,Asia/Seoul,2020-09-03,1599057720,1599085860,1599093252,2940,21060,1500,1,1920,2640,0,58,50,73,13,9,18,13,0,0,75
user05,Asia/Seoul,2020-09-04,1599144660,1599173100,1599180491,1980,17700,1680,1,1260,7080,0,60,52,75,13,8,26,13,0,0,83
user05,Asia/Seoul,2020-09-05,1599235140,1599263280,1599270670,3420,12780,3900,1,2040,7740,0,62,55,76,13,9,18,13,0,0,77
user05,Asia/Seoul,2020-09-06,1599319800,1599349800,1599357191,1560,18480,3300,1,1140,6660,0,63,48,83,13,9,22,16,660,3,90
user05,Asia/Seoul,2020-09-07,1599403200,1599430860,1599438252,4200,16560,0,1,1260,6900,0,62,50,82,13,10,19,15,0,0,65
user05,Asia/Seoul,2020-09-08,1599491520,1599517860,1599525249,2940,15660,2040,0,2940,5700,0,62,53,86,13,9,17,14,0,0,66
user05,Asia/Seoul,2020-09-09,1599576780,1599604680,1599612074,4560,17640,1440,0,3960,4260,600,64,52,80,14,9,19,14,0,0,63
user05,Asia/Seoul,2020-09-10,1599665700,1599691260,1599698647,1740,16260,3540,1,1260,4020,0,64,53,84,14,10,28,15,420,1,73
user05,Asia/Seoul,2020-09-11,1599749460,1599777300,1599784690,3060,14580,3480,0,3060,6720,0,66,49,83,13,9,20,14,0,0,80
user05,Asia/Seoul,2020-09-12,1599827700,1599845400,1599852830,6000,7200,1980,1,3300,2220,1020,76,47,86,14,9,20,-1,0,0,20
user05,Asia/Seoul,2020-09-12,1599891060,1599892260,1599899650,1140,60,0,0,1140,0,0,52,52,52,16,16,16,-1,0,0,20
user05,Asia/Seoul,2020-09-13,1599921060,1599957420,1599957487,2340,18480,5340,4,1440,9900,0,64,53,78,13,9,18,13,180,1,87
user05,Asia/Seoul,2020-09-14,1600007460,1600035360,1600042750,2640,12660,3720,0,2640,8880,0,62,54,80,13,9,19,12,0,0,79
user05,Asia/Seoul,2020-09-15,1600084320,1600122120,1600129513,8400,17280,1740,1,960,7140,0,63,56,94,14,9,20,14,0,0,66
user05,Asia/Seoul,2020-09-16,1600180560,1600208160,1600215550,2040,14700,4140,0,2040,6720,0,63,52,79,13,9,19,14,0,0,75
user05,Asia/Seoul,2020-09-17,1600268700,1600295520,1600302908,3360,14400,1800,1,1860,7260,0,64,53,79,14,10,18,19,0,0,59
user05,Asia/Seoul,2020-09-18,1600351980,1600381920,1600389310,2100,21420,1560,0,2100,4860,0,63,54,78,13,9,19,15,0,0,72
user05,Asia/Seoul,2020-09-19,1600439220,1600477140,1600477210,6780,21960,3780,2,5340,5040,1080,62,53,83,14,9,28,16,0,0,70
user05,Asia/Seoul,2020-09-20,1600529460,1600560360,1600567748,4560,17400,1680,2,1740,7260,0,64,56,83,14,9,27,22,0,0,65
user05,Asia/Seoul,2020-09-21,1600612980,1600639740,1600647132,4320,15840,2160,1,1920,4440,0,63,54,82,14,9,23,16,0,0,47
user05,Asia/Seoul,2020-09-22,1600698540,1600729200,1600736641,8760,12600,3660,2,1020,3780,0,79,52,102,14,10,20,21,0,0,37
user05,Asia/Seoul,2020-09-23,1600781220,1600814160,1600821549,2760,24780,3720,2,1320,1680,0,63,52,88,14,9,18,15,0,0,76
user05,Asia/Seoul,2020-09-24,1600871160,1600900260,1600907653,3360,15180,4140,0,3360,6420,0,66,56,85,14,10,21,16,0,0,75
user05,Asia/Seoul,2020-09-25,1600960500,1600986780,1600994167,1320,16020,4020,0,1320,4920,0,66,53,85,14,10,18,13,0,0,73
user05,Asia/Seoul,2020-09-26,1601044920,1601074560,1601081950,3180,20460,3240,1,2760,2340,0,67,50,86,14,9,20,20,0,0,68
user05,Asia/Seoul,2020-09-27,1601134560,1601154900,1601162290,2880,8400,1020,3,300,6180,0,59,50,73,13,10,17,-1,0,0,25
user04,Asia/Seoul,2020-08-30,1598767680,1598773920,1598781313,900,3000,0,0,900,2340,0,67,54,78,15,11,19,-1,0,0,20
user04,Asia/Seoul,2020-08-31,1598800620,1598828100,1598835491,2940,16680,2340,2,1320,5520,0,59,51,72,13,9,19,20,4620,7,69
user04,Asia/Seoul,2020-09-01,1598882940,1598912640,1598920033,5520,16260,4920,2,2340,2640,660,59,51,73,13,9,25,17,4320,7,56
user04,Asia/Seoul,2020-09-02,1598973480,1599001800,1599009193,1920,15960,3000,1,1560,7440,0,54,47,72,13,9,22,21,5460,11,84
user04,Asia/Seoul,2020-09-03,1599059820,1599085500,1599092893,600,9960,5580,0,600,9540,0,53,47,81,13,10,20,16,7500,6,91
user04,Asia/Seoul,2020-09-04,1599143160,1599174960,1599182352,8520,14100,5520,1,2580,3660,0,55,48,70,13,10,25,25,4620,7,61
user04,Asia/Seoul,2020-09-05,1599229620,1599261840,1599269230,1920,11820,7500,1,420,10740,1500,53,47,73,12,9,20,16,6900,14,95
user04,Asia/Seoul,2020-09-06,1599318000,1599347880,1599355273,2280,14100,4620,1,480,8880,1440,57,50,73,13,9,26,18,6540,14,90
user04,Asia/Seoul,2020-09-06,1599376560,1599380040,1599387432,720,2040,720,0,720,0,0,58,54,66,14,9,16,-1,0,0,20
user04,Asia/Seoul,2020-09-07,1599405660,1599431040,1599438431,1860,8760,5400,0,900,9360,960,53,47,63,13,10,19,17,1500,4,78
user04,Asia/Seoul,2020-09-08,1599489180,1599501060,1599501136,6540,3300,900,1,1200,0,1140,64,59,73,14,10,17,-1,0,0,20
user04,Asia/Seoul,2020-09-09,1599574440,1599604140,1599611533,240,11220,7560,1,240,10560,0,57,50,70,12,10,18,14,9180,12,99
user04,Asia/Seoul,2020-09-10,1599662940,1599690240,1599697634,9720,5460,7860,1,6660,2400,1020,52,48,64,12,9,17,-1,7320,9,20
user04,Asia/Seoul,2020-09-11,1599746280,1599776160,1599783560,3540,11160,7680,0,2880,7500,660,55,48,73,13,10,17,14,1740,4,87
user04,Asia/Seoul,2020-09-12,1599832560,1599858660,1599868991,3960,10080,4920,1,2940,7080,960,57,50,73,13,9,25,17,3840,5,64
user04,Asia/Seoul,2020-09-12,1599884160,1599890100,1599890240,1380,1980,1920,0,1380,660,0,59,55,74,13,11,15,-1,1980,1,20
user04,Asia/Seoul,2020-09-14,1600013340,1600035120,1600042518,1500,11760,2520,0,1500,6000,0,53,47,69,13,10,18,16,1080,3,53
user04,Asia/Seoul,2020-09-15,1600095420,1600122720,1600130313,480,15120,4800,1,480,6780,0,55,47,76,13,9,16,12,1860,3,91
user04,Asia/Seoul,2020-09-16,1600178700,1600208040,1600215566,1860,10860,5520,1,1860,10920,0,54,48,70,13,9,24,13,6900,9,91
user04,Asia/Seoul,2020-09-17,1600265700,1600291800,1600299195,1320,9120,7980,2,1080,7200,0,55,48,73,13,8,21,17,4740,7,86
user04,Asia/Seoul,2020-09-18,1600352460,1600381020,1600389447,3000,14040,4140,0,3000,7380,0,52,45,75,12,9,22,18,5640,10,87
user04,Asia/Seoul,2020-09-19,1600440120,1600469880,1600477272,4740,10200,8700,1,3780,6060,960,52,44,73,12,9,15,15,3840,4,80
user04,Asia/Seoul,2020-09-19,1600489620,1600493040,1600500435,1380,1920,0,1,1380,0,0,51,48,63,13,10,16,-1,0,0,20
user04,Asia/Seoul,2020-09-20,1600530060,1600557480,1600564870,4620,8340,7080,1,2460,7380,1680,49,42,64,12,10,22,13,6060,3,67
user04,Asia/Seoul,2020-09-20,1600583640,1600586760,1600594155,1200,1140,780,0,1200,0,0,52,50,55,13,11,14,-1,0,0,20
user04,Asia/Seoul,2020-09-21,1600615080,1600640400,1600647791,780,16860,3300,0,780,4380,0,52,45,76,13,9,21,21,5220,7,77
user04,Asia/Seoul,2020-09-22,1600702440,1600726680,1600734076,1320,10800,5820,0,1320,6300,0,57,50,72,13,10,17,16,1680,5,78
user04,Asia/Seoul,2020-09-23,1600785180,1600814700,1600822092,7920,9240,3900,3,3840,840,0,49,44,68,13,9,17,-1,1620,4,20
user04,Asia/Seoul,2020-09-24,1600873560,1600899840,1600907238,2460,14100,4500,0,1440,5220,1020,51,45,64,12,9,20,13,7500,8,71
user04,Asia/Seoul,2020-09-25,1600956780,1600986240,1600993635,1800,11820,8640,0,900,7200,900,49,43,65,13,9,24,13,5940,10,92
user04,Asia/Seoul,2020-09-26,1601044680,1601079240,1601086636,3300,14580,6300,4,1260,5160,0,54,47,71,13,9,19,12,1980,2,72
user04,Asia/Seoul,2020-09-27,1601137380,1601163660,1601171055,3180,10740,6360,0,1020,6000,2160,53,47,73,14,10,17,10,420,2,66
user04,Asia/Seoul,2020-09-27,1601188860,1601190600,1601197995,1380,360,0,0,1380,0,0,60,58,60,14,14,14,-1,0,0,20
user12,Asia/Seoul,2020-08-31,1598800800,1598819160,1598821572,420,5340,9780,0,420,2820,0,58,54,64,15,12,18,-1,0,0,47
user12,Asia/Seoul,2020-09-01,1598884980,1598910300,1598917695,4560,7980,4980,3,2760,3780,0,67,56,78,15,12,20,-1,0,0,24
user12,Asia/Seoul,2020-09-02,1598966940,1598996640,1599004029,3420,12600,7740,2,2460,5640,0,66,56,82,14,10,25,7,0,0,84
user12,Asia/Seoul,2020-09-03,1599058740,1599083640,1599091028,600,14040,5880,0,600,4380,0,75,65,86,15,11,20,4,720,3,82
user12,Asia/Seoul,2020-09-04,1599139860,1599169980,1599170136,2880,13800,7260,1,1560,6180,780,65,56,88,14,8,25,6,0,0,89
user12,Asia/Seoul,2020-09-06,1599315600,1599341340,1599345197,1320,10680,7380,3,900,5760,0,75,59,88,16,12,21,8,120,1,82
user12,Asia/Seoul,2020-09-07,1599458700,1599461580,1599470238,840,1920,0,1,720,0,0,69,55,73,17,15,18,-1,0,0,20
user12,Asia/Seoul,2020-09-07,1599477300,1599479940,1599484809,1440,420,0,1,540,120,660,65,53,71,17,16,18,-1,0,0,20
user12,Asia/Seoul,2020-09-08,1599489960,1599529080,1599533292,16440,12000,5220,8,900,1500,0,58,51,86,14,10,25,13,0,0,29
user12,Asia/Seoul,2020-09-08,1599539700,1599545100,1599552502,5220,180,0,0,4380,0,840,80,77,81,16,14,17,-1,0,0,20
user12,Asia/Seoul,2020-09-09,1599575520,1599614820,1599614892,4380,16800,4920,3,1380,4620,0,64,53,83,15,10,26,5,0,0,68
user12,Asia/Seoul,2020-09-09,1599632700,1599637080,1599644519,4080,300,0,0,4080,0,0,71,69,73,15,14,15,-1,0,0,20
user12,Asia/Seoul,2020-09-10,1599656280,1599691440,1599698832,3300,16320,6540,5,420,7260,0,60,53,80,14,9,28,10,600,2,81
user12,Asia/Seoul,2020-09-10,1599709740,1599716700,1599724093,3660,3300,0,0,3660,0,0,62,58,70,15,11,15,-1,0,0,20
user12,Asia/Seoul,2020-09-11,1599748020,1599770700,1599774552,2160,10500,7200,0,2160,2820,0,70,58,88,15,9,20,5,0,0,49
user12,Asia/Seoul,2020-09-12,1599833940,1599868200,1599876790,13080,12900,4200,6,3720,3000,0,70,56,83,15,11,22,15,0,0,32
user12,Asia/Seoul,2020-09-13,1599921060,1599954120,1599954195,5220,16800,6960,3,1260,3060,0,74,60,86,16,11,22,11,3780,6,70
user12,Asia/Seoul,2020-09-14,1600004940,1600033860,1600041250,6540,13080,5580,1,3360,3540,0,65,53,77,14,11,20,6,0,0,47
user12,Asia/Seoul,2020-09-15,1600095660,1600116300,1600123689,1020,6300,8460,1,1020,4500,0,65,53,88,14,10,20,3,0,0,49
user12,Asia/Seoul,2020-09-16,1600180980,1600206540,1600213933,4560,12720,4980,3,2580,3120,0,59,50,75,14,10,19,9,0,0,50
user12,Asia/Seoul,2020-09-17,1600265640,1600292880,1600300268,1680,11520,7140,0,1140,6900,540,67,54,80,14,10,23,4,0,0,93
user12,Asia/Seoul,2020-09-18,1600353000,1600379160,1600379231,5040,7260,7380,5,3900,3780,0,62,49,77,14,11,19,2,0,0,38
user12,Asia/Seoul,2020-09-19,1600444080,1600477860,1600478474,5400,7380,7680,6,2100,4680,0,59,50,83,14,10,25,12,0,0,38
user12,Asia/Seoul,2020-09-20,1600530000,1600549920,1600557313,1680,12420,5040,2,420,600,0,70,60,81,15,10,19,9,0,0,28
user12,Asia/Seoul,2020-09-20,1600562520,1600565040,1600565115,1800,720,0,1,660,0,660,60,58,62,14,12,15,-1,0,0,20
user12,Asia/Seoul,2020-09-21,1600607520,1600638960,1600639089,3480,15180,5820,4,900,5880,960,63,52,75,15,11,19,10,0,0,72
user12,Asia/Seoul,2020-09-23,1600786680,1600811340,1600818729,2760,9420,6480,1,2760,5640,0,63,51,82,14,9,26,6,0,0,56
user12,Asia/Seoul,2020-09-26,1601044560,1601077560,1601084951,2880,12360,10140,2,900,6660,1200,63,51,89,14,11,23,8,0,0,89
user12,Asia/Seoul,2020-09-26,1601088540,1601094180,1601101615,1980,2580,1080,0,1980,0,0,75,62,86,15,12,18,-1,0,0,20
user12,Asia/Seoul,2020-09-27,1601127420,1601165040,1601172432,7500,11220,8160,5,2460,5820,0,60,52,83,14,8,19,13,300,2,70
user12,Asia/Seoul,2020-09-27,1601178720,1601180160,1601180241,1380,60,0,0,1380,0,0,73,73,73,16,15,15,-1,0,0,20
user08,Asia/Seoul,2020-08-31,1598799360,1598815380,1598822774,4680,4440,1440,1,420,1620,780,54,45,66,12,10,18,-1,2760,5,20
user08,Asia/Seoul,2020-09-01,1598885760,1598911680,1598911980,5400,9480,7800,0,4440,3240,960,58,51,74,16,10,19,16,0,0,50
user08,Asia/Seoul,2020-09-02,1598973300,1598996580,1598997908,2880,8820,6480,4,2040,2880,0,72,55,90,16,9,19,11,4140,7,35
user08,Asia/Seoul,2020-09-06,1599315720,1599322140,1599329531,2160,0,4260,0,2160,0,0,64,58,68,17,14,18,-1,840,2,20
user08,Asia/Seoul,2020-09-06,1599330000,1599337920,1599345309,0,4200,3720,0,0,0,0,60,55,71,15,12,17,-1,0,0,20
user08,Asia/Seoul,2020-09-07,1599405600,1599430380,1599437771,2700,7680,7020,3,1560,2460,0,56,51,72,16,12,22,-1,0,0,29
user08,Asia/Seoul,2020-09-08,1599488100,1599516900,1599524290,6780,13200,5820,3,3420,2340,0,66,53,84,17,9,21,14,0,0,45
user08,Asia/Seoul,2020-09-10,1599656220,1599688800,1599696191,4140,14040,8340,3,3420,5760,0,56,49,71,16,12,20,16,0,0,88
user08,Asia/Seoul,2020-09-11,1599753480,1599776460,1599783853,2100,6540,8160,1,1380,6180,0,55,46,73,16,12,22,16,960,4,63
user08,Asia/Seoul,2020-09-15,1600097640,1600121760,1600129150,1860,12960,6060,3,1860,1860,0,58,51,75,16,13,20,13,840,2,47
user08,Asia/Seoul,2020-09-16,1600185780,1600208040,1600215432,1620,8880,6060,1,960,3600,0,68,55,81,17,13,22,16,360,2,47
user08,Asia/Seoul,2020-09-18,1600358220,1600380000,1600387391,5160,3000,3120,4,720,1560,0,60,53,69,16,12,19,-1,180,1,20
user08,Asia/Seoul,2020-09-19,1600444860,1600477560,1600477637,2940,19200,4080,3,1440,6480,0,61,53,74,16,12,30,13,1260,4,77
user08,Asia/Seoul,2020-09-20,1600539780,1600565040,1600565179,3240,15600,3600,2,1380,2820,0,63,56,76,16,12,20,11,0,0,49
user08,Asia/Seoul,2020-09-21,1600607880,1600639920,1600647311,3780,20460,3120,3,1200,4500,1860,54,49,72,16,9,20,11,0,0,71
user08,Asia/Seoul,2020-09-22,1600705260,1600708080,1600715470,2100,720,0,0,2100,0,0,65,63,66,17,16,17,-1,0,0,20
user08,Asia/Seoul,2020-09-22,1600718160,1600727520,1600734944,960,5220,1500,1,960,1620,0,56,51,73,15,12,19,-1,0,0,20
user08,Asia/Seoul,2020-09-23,1600785420,1600812180,1600819571,9540,3360,5820,2,2520,2580,0,66,52,91,17,13,23,-1,0,0,20
user08,Asia/Seoul,2020-09-24,1600873440,1600899240,1600906633,2700,19320,600,3,720,2940,840,57,50,81,16,12,25,17,0,0,52
user08,Asia/Seoul,2020-09-25,1600961520,1600985700,1600993092,1320,12300,5460,0,1320,5100,0,67,57,83,17,11,22,14,840,1,67
user08,Asia/Seoul,2020-09-28,1601216940,1601244720,1601252110,2520,15960,5940,3,1380,3360,0,58,49,74,16,11,22,16,300,1,82
user02,Asia/Seoul,2020-08-31,1598800140,1598826180,1598833570,1320,10200,7860,3,960,6480,0,64,56,82,17,13,26,12,0,0,87
user02,Asia/Seoul,2020-09-01,1598888340,1598911860,1598919250,1440,7500,7320,0,1440,7260,0,71,55,84,18,13,24,13,300,1,70
user02,Asia/Seoul,2020-09-02,1598974320,1599000180,1599015726,1380,8640,8820,1,840,7020,0,63,56,79,17,11,24,12,0,0,87
user02,Asia/Seoul,2020-09-03,1599055080,1599086100,1599093490,7920,10320,7440,0,7920,5340,0,66,53,87,16,8,24,13,1020,3,75
user02,Asia/Seoul,2020-09-04,1599152520,1599172500,1599179892,1080,4740,8400,0,1080,5760,0,64,57,80,17,12,26,12,720,3,55
user02,Asia/Seoul,2020-09-05,1599230520,1599269820,1599274567,3840,11400,12240,0,2700,11820,1140,64,51,84,17,11,23,13,1200,2,83
user02,Asia/Seoul,2020-09-06,1599315240,1599358560,1599358988,12840,15060,5940,1,12360,9480,0,62,46,75,17,9,22,12,0,0,86
user02,Asia/Seoul,2020-09-07,1599411240,1599434160,1599447758,1440,12360,4440,1,960,4680,0,65,56,75,17,9,22,16,0,0,56
user02,Asia/Seoul,2020-09-08,1599487140,1599519480,1599526868,7740,5040,9120,3,5100,10260,0,68,52,79,16,8,24,15,3540,7,68
user02,Asia/Seoul,2020-09-09,1599581400,1599605820,1599613211,4620,5100,10200,1,2400,4500,1440,67,54,75,17,14,24,11,1320,5,40
user02,Asia/Seoul,2020-09-10,1599667320,1599690900,1599698292,2400,6420,7860,0,2400,6900,0,65,58,76,17,13,21,12,5340,6,54
user02,Asia/Seoul,2020-09-11,1599760680,1599778500,1599785891,4680,3960,6840,0,3300,2340,1380,71,62,86,17,14,20,-1,2340,4,20
user02,Asia/Seoul,2020-09-12,1599833820,1599871260,1599877749,7920,8040,13200,1,7560,8280,0,66,58,77,17,14,25,13,720,1,85
user02,Asia/Seoul,2020-09-13,1599902880,1599961140,1599961302,18840,18480,7740,3,2880,9480,780,68,50,85,17,9,23,14,0,0,76
user02,Asia/Seoul,2020-09-14,1600003140,1600037640,1600045078,4800,14520,8160,0,4260,7020,540,67,57,83,17,12,25,11,300,2,83
user02,Asia/Seoul,2020-09-15,1600095600,1600124760,1600132154,2100,7980,11820,0,2100,7260,0,80,64,97,18,11,26,11,1740,5,82
user02,Asia/Seoul,2020-09-16,1600189080,1600210980,1600218369,4860,3240,9720,0,3660,4080,1200,71,52,84,17,14,24,-1,1440,4,26
user02,Asia/Seoul,2020-09-17,1600271880,1600297740,1600311714,2400,8580,8880,1,2280,5880,0,71,61,86,17,12,25,12,1020,1,68
user02,Asia/Seoul,2020-09-18,1600350780,1600382940,1600390329,9660,10260,8040,0,9660,4200,0,75,52,94,18,13,27,11,1560,4,63
user02,Asia/Seoul,2020-09-19,1600444740,1600479660,1600479732,2760,15360,9660,1,1740,7140,0,76,53,92,18,9,24,12,660,2,88
user02,Asia/Seoul,2020-09-20,1600528800,1600569180,1600570807,7080,22560,6900,2,4860,3840,1080,81,51,106,18,10,30,11,2280,6,70
user02,Asia/Seoul,2020-09-21,1600609560,1600643700,1600657366,6000,12960,8640,0,6000,6540,0,74,56,92,17,9,24,12,1740,4,83
user02,Asia/Seoul,2020-09-22,1600700400,1600728660,1600736051,2220,9420,9660,1,1260,6960,540,71,58,81,17,12,23,13,720,1,83
user02,Asia/Seoul,2020-09-23,1600787520,1600815660,1600823052,8160,10860,5100,0,7200,4020,960,72,48,84,17,12,25,13,0,0,40
user02,Asia/Seoul,2020-09-24,1600872840,1600902000,1600909391,3600,16860,6540,1,1080,2160,1080,79,58,92,18,9,22,15,4200,8,66
user02,Asia/Seoul,2020-09-25,1600961580,1600987920,1600995308,8580,6900,7680,0,8040,3180,540,66,56,76,18,13,22,-1,0,0,34
user02,Asia/Seoul,2020-09-26,1601044920,1601063820,1601089328,5520,1560,6180,2,3600,1500,0,66,58,80,18,15,23,-1,360,2,20
user02,Asia/Seoul,2020-09-27,1601141520,1601174400,1601175549,7380,11280,7800,1,3360,6420,3240,69,51,83,17,10,26,13,1200,1,72
user02,Asia/Seoul,2020-09-27,1601193600,1601202000,1601202119,3060,2880,1860,0,2100,600,960,65,50,72,18,11,25,-1,0,0,20
user10,Asia/Seoul,2020-08-31,1598802660,1598821800,1598829191,3300,10980,3000,0,2640,1860,660,62,42,75,18,11,25,-1,1140,1,20
user10,Asia/Seoul,2020-09-01,1598889600,1598909700,1598917091,1200,6900,6720,0,1200,5280,0,67,54,82,18,12,23,95,180,1,52
user10,Asia/Seoul,2020-09-02,1598972700,1598995260,1599002650,4320,11520,5400,1,3900,1320,0,59,44,77,18,11,30,95,1680,1,34
user10,Asia/Seoul,2020-09-03,1599061980,1599081720,1599089111,2700,5580,7200,1,1320,4260,840,65,55,78,17,10,26,-1,0,0,39
user10,Asia/Seoul,2020-09-04,1599144840,1599169080,1599176474,2280,8100,6840,1,1800,7020,0,60,46,76,17,10,28,95,1560,5,69
user10,Asia/Seoul,2020-09-05,1599241680,1599274680,1599274751,1680,10800,9480,1,1200,11040,0,80,58,90,17,11,26,95,960,3,94
user10,Asia/Seoul,2020-09-06,1599340680,1599367380,1599374770,5220,5280,9840,1,1560,6240,1800,77,57,89,19,10,25,95,180,1,48
user10,Asia/Seoul,2020-09-07,1599414660,1599426960,1599434351,2880,7080,1500,2,1740,840,0,61,47,71,16,10,22,-1,1080,2,20
user10,Asia/Seoul,2020-09-08,1599487680,1599514440,1599521829,2460,12300,7020,1,2460,4740,0,55,42,75,16,11,28,95,1380,4,71
user10,Asia/Seoul,2020-09-09,1599573720,1599599880,1599607271,5460,10140,4080,2,2760,6000,0,56,44,70,16,10,23,95,3480,4,42
user10,Asia/Seoul,2020-09-10,1599660360,1599686460,1599693851,6360,11280,6000,1,5760,2460,0,58,47,72,16,12,28,95,1080,2,41
user10,Asia/Seoul,2020-09-11,1599748200,1599772800,1599780192,780,5220,7740,0,780,10860,0,78,60,90,17,9,25,95,0,0,75
user10,Asia/Seoul,2020-09-12,1599850920,1599880860,1599888251,9720,9900,2220,3,1980,6000,1260,55,45,73,16,10,23,95,0,0,21
user10,Asia/Seoul,2020-09-12,1599897720,1599899520,1599906969,1440,360,0,0,1440,0,0,61,52,73,16,10,19,-1,0,0,20
user10,Asia/Seoul,2020-09-12,1599850920,1599871980,1599960491,4320,8520,2220,1,1980,6000,0,55,45,73,16,10,23,-1,0,0,24
user10,Asia/Seoul,2020-09-13,1599935640,1599960420,1599967807,3660,11880,2460,1,3120,6780,0,71,61,86,17,10,26,95,480,2,49
user10,Asia/Seoul,2020-09-14,1600010280,1600032120,1600039558,4080,10140,5820,0,4080,1800,0,66,53,81,17,11,22,-1,2340,2,31
user10,Asia/Seoul,2020-09-15,1600113720,1600121400,1600128789,900,2220,4500,1,900,0,0,67,60,78,18,10,21,-1,360,2,20
user10,Asia/Seoul,2020-09-16,1600183620,1600206000,1600213391,3000,4680,9900,0,3000,4800,0,68,56,81,18,12,26,95,1680,5,44
user10,Asia/Seoul,2020-09-17,1600269600,1600292700,1600300089,6360,10140,5160,2,3720,1440,0,58,45,75,16,11,21,-1,300,2,20
user10,Asia/Seoul,2020-09-17,1600340100,1600344660,1600352050,1320,720,1980,0,1320,540,0,71,63,76,18,13,25,-1,0,0,20
user10,Asia/Seoul,2020-09-18,1600362540,1600384200,1600390207,4380,8160,5820,0,4380,3300,0,54,44,75,16,12,24,-1,0,0,32
user10,Asia/Seoul,2020-09-19,1600456020,1600487400,1600494793,2220,15480,9840,2,720,3840,0,74,63,94,17,9,26,95,1440,4,86
user10,Asia/Seoul,2020-09-20,1600548300,1600568580,1600570328,2700,6660,4500,0,2700,6420,0,53,46,72,16,9,25,-1,2880,3,34
user10,Asia/Seoul,2020-09-21,1600609320,1600646340,1600657369,5580,14640,8700,5,2880,8100,660,67,54,95,18,11,26,95,540,3,81
user10,Asia/Seoul,2020-09-22,1600706340,1600722960,1600730349,1080,11100,1440,0,1080,3000,0,56,47,72,16,9,24,-1,180,1,20
user10,Asia/Seoul,2020-09-23,1600796220,1600810860,1600818253,1320,6360,3900,1,1320,2940,0,58,48,73,16,12,23,-1,0,0,20
user10,Asia/Seoul,2020-09-24,1600874340,1600896780,1600904168,3960,9060,5820,1,3060,3600,540,59,48,74,16,12,25,95,3060,4,38
user10,Asia/Seoul,2020-09-25,1600964040,1600983180,1600990570,2460,6660,6420,0,2460,3600,0,60,47,75,16,10,24,-1,0,0,29
user10,Asia/Seoul,2020-09-26,1601054760,1601081940,1601082248,780,4800,11100,0,780,10500,0,76,59,88,17,8,28,95,6840,7,87
user10,Asia/Seoul,2020-09-27,1601147760,1601170800,1601175767,1620,11160,4020,0,1620,6240,0,71,55,86,18,11,28,95,1500,6,56
user10,Asia/Seoul,2020-09-28,1601225520,1601242200,1601249643,1980,7860,3720,1,1620,3120,0,69,53,84,18,10,25,-1,1620,4,20
user03,Asia/Seoul,2020-08-30,1598719920,1598760480,1598808014,2340,27120,3540,1,1740,7560,0,59,52,76,14,11,19,11,0,0,85
user03,Asia/Seoul,2020-08-31,1598815140,1598839260,1598839509,3060,12660,2700,1,2700,5700,0,51,45,73,14,11,20,7,0,0,52
user03,Asia/Seoul,2020-09-01,1598896380,1598898720,1598900770,1500,840,0,0,1500,0,0,57,54,58,16,14,17,-1,0,0,20
user03,Asia/Seoul,2020-09-04,1599189180,1599199080,1599236363,1800,7320,0,4,840,0,0,74,68,84,13,11,16,-1,0,0,20
user03,Asia/Seoul,2020-09-05,1599238620,1599271380,1599271527,2460,16440,5400,3,300,7440,0,54,45,75,13,10,18,8,0,0,89
user03,Asia/Seoul,2020-09-07,1599332820,1599421980,1599423130,3660,24120,3540,3,0,8520,0,52,46,70,13,10,19,12,180,1,75
user03,Asia/Seoul,2020-09-11,1599664740,1599792060,1599792130,4080,28980,15540,3,2880,10620,0,67,51,90,13,10,21,8,4020,4,86
user03,Asia/Seoul,2020-09-12,1599845640,1599850320,1599850714,1860,240,1920,0,1860,660,0,58,52,72,15,11,26,-1,0,0,20
user03,Asia/Seoul,2020-09-12,1599845640,1599878940,1599879070,2460,17880,3660,1,1860,8520,0,58,51,73,13,10,26,6,0,0,84
user03,Asia/Seoul,2020-09-15,1600106160,1600135080,1600191046,2220,19440,2640,0,1560,4620,660,59,52,76,13,10,17,8,0,0,77
user03,Asia/Seoul,2020-09-16,1600192200,1600218840,1600219270,3540,11700,5520,2,1740,5460,0,73,63,86,13,10,20,9,1140,5,68
user03,Asia/Seoul,2020-09-18,1600285080,1600394580,1600397048,5100,32100,7140,1,780,10860,0,60,50,88,13,10,18,6,0,0,85
user03,Asia/Seoul,2020-09-22,1600633800,1600726080,1600733471,3600,22500,8040,1,1440,10740,0,59,49,80,14,10,21,6,0,0,81
user03,Asia/Seoul,2020-09-23,1600790100,1600812480,1600819872,660,12360,5520,0,660,3840,0,62,54,78,13,10,16,6,0,0,67
user03,Asia/Seoul,2020-09-24,1600874460,1600898940,1600906333,1380,10560,6480,1,840,5820,540,62,50,78,14,9,18,8,0,0,75
user03,Asia/Seoul,2020-09-25,1600961520,1600985880,1600993269,2280,13020,4980,1,1860,4080,0,63,55,83,14,11,19,5,0,0,56
user11,Asia/Seoul,2020-08-31,1598718960,1598838420,1598838850,5880,32400,13500,5,1980,14640,960,58,44,80,17,12,28,19,1800,6,80
user11,Asia/Seoul,2020-09-01,1598888700,1598914200,1598914328,1020,13320,6480,0,1020,4680,0,52,42,76,16,10,21,20,1260,2,85
user11,Asia/Seoul,2020-09-02,1598973120,1599000780,1599008170,2100,11880,7980,2,780,5340,0,58,45,93,17,9,24,16,4620,9,88
user11,Asia/Seoul,2020-09-03,1599061320,1599087000,1599087070,1140,12240,5040,1,420,7140,0,52,41,69,16,10,27,21,120,1,78
user11,Asia/Seoul,2020-09-04,1599157140,1599173280,1599173353,240,9600,3360,6,240,1740,0,48,42,63,16,12,24,-1,0,0,20
user11,Asia/Seoul,2020-09-05,1599254640,1599265560,1599266771,1140,6540,1740,3,480,0,0,51,44,60,15,12,18,-1,0,0,20
user11,Asia/Seoul,2020-09-09,1599586860,1599600720,1599601132,1740,3180,1140,3,840,0,0,54,46,61,15,12,22,-1,900,2,20
user11,Asia/Seoul,2020-09-10,1599666780,1599688200,1599688329,4440,8460,1800,8,540,0,0,52,44,59,15,12,18,-1,0,0,20
user11,Asia/Seoul,2020-09-12,1599847620,1599871680,1599871751,1620,11700,5340,2,1620,5160,0,55,46,73,17,13,25,17,180,1,68
user11,Asia/Seoul,2020-09-13,1599928740,1599963720,1600014233,1080,20580,4860,1,960,8280,0,55,41,70,16,10,24,17,0,0,88
user11,Asia/Seoul,2020-09-14,1600014300,1600040220,1600040290,1440,13740,6540,7,0,1200,540,56,46,92,17,13,26,19,1320,5,43
user11,Asia/Seoul,2020-09-15,1600096800,1600120320,1600120439,1440,15000,5580,2,1320,1320,0,54,43,72,17,11,25,14,0,0,53
user11,Asia/Seoul,2020-09-16,1600184880,1600213680,1600213751,660,17520,4080,9,0,1020,0,53,43,81,17,13,26,23,420,1,50
user11,Asia/Seoul,2020-09-17,1600269420,1600293120,1600293244,660,10320,4740,0,660,7980,0,53,43,76,17,10,25,18,0,0,71
user11,Asia/Seoul,2020-09-19,1600363860,1600476720,1600478051,1680,18060,15000,1,960,16500,0,66,52,82,17,13,25,20,420,1,86
user11,Asia/Seoul,2020-09-21,1600618380,1600623900,1600624510,3780,300,780,2,3120,180,0,58,55,61,17,15,18,-1,0,0,20
user11,Asia/Seoul,2020-09-25,1600961820,1600975860,1600976051,2400,4620,4260,1,1140,0,0,65,52,77,17,12,20,-1,180,1,20
user11,Asia/Seoul,2020-09-27,1601147340,1601170200,1601170314,2700,7020,8580,5,780,1140,0,66,54,76,17,13,25,-1,1560,2,30
user28,Asia/Seoul,2020-08-31,1598801700,1598819400,1598819474,1920,12420,1620,1,900,1560,0,56,52,64,16,11,20,-1,1140,3,20
user28,Asia/Seoul,2020-09-01,1598881680,1598905800,1598906472,2340,15840,1860,3,780,0,0,58,52,68,16,13,20,-1,540,3,24
user28,Asia/Seoul,2020-09-02,1598970240,1598989440,1598993353,5040,5940,780,10,780,0,0,59,53,69,17,11,19,-1,300,1,20
user28,Asia/Seoul,2020-09-03,1599049860,1599076260,1599076384,6360,13560,2760,7,840,420,0,57,49,68,17,10,25,-1,600,3,22
user28,Asia/Seoul,2020-09-04,1599137880,1599165000,1599165072,3660,14820,3060,11,660,960,0,57,51,66,16,10,21,30,1020,5,36
user28,Asia/Seoul,2020-09-05,1599233820,1599259560,1599259631,10560,8820,2760,7,1860,0,0,58,53,72,18,14,20,-1,300,2,20
user28,Asia/Seoul,2020-09-06,1599314220,1599346680,1599346871,1980,16920,4740,9,360,2280,0,57,51,66,17,12,27,32,3060,7,64
user28,Asia/Seoul,2020-09-07,1599403980,1599425100,1599425173,1440,12600,2940,5,1080,1860,0,58,52,66,16,9,21,-1,1560,3,32
user28,Asia/Seoul,2020-09-08,1599487080,1599510480,1599511272,5100,10980,6060,5,1380,0,0,58,52,75,16,10,18,-1,4380,10,27
user28,Asia/Seoul,2020-09-09,1599576960,1599597600,1599597670,4980,6120,7380,4,2160,0,0,55,51,65,16,10,18,-1,2580,4,20
user28,Asia/Seoul,2020-09-10,1599658740,1599687780,1599687935,7620,12780,3000,8,1620,0,0,57,51,72,16,12,20,-1,4740,9,20
user28,Asia/Seoul,2020-09-11,1599769140,1599777780,1599779478,6420,1380,840,0,5520,0,900,60,54,61,17,15,18,-1,0,0,20
user28,Asia/Seoul,2020-09-12,1599828060,1599861060,1599865335,10980,19140,2460,6,1140,240,0,63,47,87,17,11,21,29,0,0,53
user28,Asia/Seoul,2020-09-13,1599919800,1599945720,1600004053,4020,16380,3120,6,1560,1140,0,60,54,74,16,9,20,43,0,0,43
user28,Asia/Seoul,2020-09-14,1600004820,1600020780,1600022592,2760,11760,840,3,1380,0,0,62,57,77,17,12,26,-1,0,0,20
user28,Asia/Seoul,2020-09-15,1600092480,1600113540,1600116074,4080,10620,2460,3,1260,0,0,56,51,64,16,11,19,-1,0,0,20
user28,Asia/Seoul,2020-09-16,1600184100,1600201800,1600201995,1080,9000,3960,2,1080,3240,0,58,53,74,16,11,19,-1,0,0,34
user28,Asia/Seoul,2020-09-17,1600270140,1600288500,1600288751,4200,4200,4260,5,540,540,0,57,52,66,16,11,19,-1,0,0,20
user28,Asia/Seoul,2020-09-18,1600350660,1600375200,1600375449,2160,13620,6420,3,1620,2040,0,58,52,66,16,9,19,37,0,0,64
user28,Asia/Seoul,2020-09-19,1600438680,1600461300,1600461432,2820,16560,1800,5,1200,0,0,55,50,66,16,12,20,38,0,0,36
user28,Asia/Seoul,2020-09-22,1600693860,1600720200,1600720931,5100,14940,4380,4,1560,540,0,55,48,76,16,13,20,46,0,0,37
user28,Asia/Seoul,2020-09-23,1600789740,1600807500,1600807813,2700,12660,2160,3,840,0,0,59,52,74,16,13,25,-1,0,0,20
user28,Asia/Seoul,2020-09-24,1600861620,1600893300,1600893489,4800,13920,5820,8,1080,1080,0,57,51,67,17,8,20,36,0,0,45
user28,Asia/Seoul,2020-09-25,1600958760,1600979520,1600980196,2460,14700,2280,5,840,0,0,57,51,79,16,11,19,-1,0,0,28
user28,Asia/Seoul,2020-09-26,1601042820,1601072580,1601072660,2340,18000,2760,6,0,1080,0,55,50,69,16,10,22,44,0,0,53
user28,Asia/Seoul,2020-09-27,1601135100,1601159040,1601159229,3000,18060,1980,9,780,0,0,57,50,70,16,12,26,52,0,0,41
user21,Asia/Seoul,2020-08-30,1598725800,1598750940,1598751128,7920,6420,4500,3,2640,2640,1560,65,53,76,19,9,26,-1,0,0,51
user21,Asia/Seoul,2020-08-31,1598806560,1598831160,1598838596,840,11280,6780,0,840,5700,0,63,52,74,20,13,27,9,0,0,83
user21,Asia/Seoul,2020-09-01,1598889960,1598914380,1598921771,840,6600,9060,0,840,7920,0,63,54,79,20,10,25,11,0,0,82
user21,Asia/Seoul,2020-09-02,1598977140,1599000300,1599007694,1020,8040,6240,0,1020,7860,0,67,54,78,20,16,27,10,0,0,66
user21,Asia/Seoul,2020-09-03,1599063420,1599087540,1599094930,2520,8460,6420,1,1200,6180,0,65,48,82,19,9,25,8,420,1,55
user21,Asia/Seoul,2020-09-04,1599147480,1599173460,1599180847,1200,7740,9720,1,1020,7080,0,60,52,75,19,12,25,13,900,2,79
user21,Asia/Seoul,2020-09-05,1599241320,1599245220,1599245291,2400,300,960,0,900,240,1500,68,56,76,23,18,26,-1,0,0,20
user21,Asia/Seoul,2020-09-06,1599326100,1599352380,1599359771,1500,11280,7140,6,600,3540,0,55,47,73,19,10,25,21,960,4,56
user21,Asia/Seoul,2020-09-07,1599407880,1599433200,1599440591,1260,7380,9480,1,1260,7080,0,53,45,60,19,10,25,10,0,0,76
user21,Asia/Seoul,2020-09-08,1599493920,1599519540,1599526929,960,6540,11220,0,960,6900,0,56,47,70,19,11,25,16,0,0,80
user21,Asia/Seoul,2020-09-09,1599576900,1599608940,1599616338,1740,6840,11760,2,1320,11220,0,62,49,82,19,11,28,18,0,0,88
user21,Asia/Seoul,2020-09-10,1599667200,1599692220,1599699615,600,8820,8160,0,600,7440,0,57,50,72,19,14,25,13,660,1,79
user21,Asia/Seoul,2020-09-11,1599754080,1599778200,1599785594,1080,9480,8040,0,1080,5520,0,53,47,67,18,11,25,21,0,0,71
user21,Asia/Seoul,2020-09-12,1599842940,1599869100,1599876491,480,4680,9420,0,480,11580,0,53,47,68,19,14,26,14,0,0,86
user21,Asia/Seoul,2020-09-14,1600017660,1600041180,1600048569,780,6540,7980,1,780,8160,0,54,47,69,18,13,25,17,0,0,69
user21,Asia/Seoul,2020-09-15,1600096920,1600123920,1600131310,1140,10020,7620,0,1140,8220,0,57,48,67,18,8,24,10,0,0,86
user21,Asia/Seoul,2020-09-16,1600183140,1600210260,1600217658,2400,10140,7440,2,1680,6780,0,62,49,78,18,9,26,19,0,0,72
user21,Asia/Seoul,2020-09-17,1600271400,1600276080,1600283516,1020,0,2760,0,1020,900,0,69,63,71,19,15,22,-1,0,0,20
user21,Asia/Seoul,2020-09-17,1600285800,1600300200,1600307597,2280,2760,6360,1,2220,2820,0,59,50,71,18,14,23,-1,0,0,20
user21,Asia/Seoul,2020-09-20,1600544400,1600553400,1600615017,1260,660,4740,1,1140,2220,0,71,66,77,20,16,25,-1,0,0,20
user21,Asia/Seoul,2020-09-21,1600615320,1600642380,1600649771,1320,10380,7020,4,1320,7920,0,61,50,82,19,9,26,11,0,0,92
user21,Asia/Seoul,2020-09-22,1600704060,1600733040,1600740429,2460,8220,9780,1,900,7500,720,68,57,81,18,10,27,7,0,0,77
user21,Asia/Seoul,2020-09-23,1600786380,1600818660,1600826059,2280,10500,11100,5,1800,7200,0,64,53,85,19,10,26,10,0,0,80
user21,Asia/Seoul,2020-09-24,1600868160,1600901580,1600908971,5760,5100,11580,1,900,8280,0,65,54,80,19,9,25,8,0,0,74
user26,Asia/Seoul,2020-08-31,1598808180,1598834460,1598841847,3180,8940,7260,1,1920,6780,1200,69,58,81,17,12,22,6,0,0,67
user26,Asia/Seoul,2020-09-01,1598894880,1598927100,1598928729,6240,13680,3000,4,1560,4920,720,65,53,78,17,9,25,4,2460,3,46
user26,Asia/Seoul,2020-09-02,1598975400,1599006420,1599013811,3600,13680,5160,4,1140,6120,0,78,68,89,19,14,26,4,0,0,79
user26,Asia/Seoul,2020-09-03,1599070080,1599096120,1599097388,1500,10620,8640,1,1320,5100,0,71,61,82,17,8,24,4,780,3,86
user26,Asia/Seoul,2020-09-04,1599163320,1599180720,1599188110,2400,4080,7860,0,2400,3060,0,66,59,78,17,14,23,-1,1320,1,24
user26,Asia/Seoul,2020-09-05,1599238980,1599263700,1599263774,1320,6540,10620,1,1260,6120,0,67,58,82,17,13,24,4,1860,2,72
user26,Asia/Seoul,2020-09-06,1599333360,1599354480,1599360854,780,5520,8100,1,720,6600,0,68,59,79,17,10,22,4,120,1,62
user26,Asia/Seoul,2020-09-06,1599364680,1599370620,1599378059,1260,2880,600,0,1260,1200,0,73,59,81,18,14,23,-1,0,0,20
user26,Asia/Seoul,2020-09-07,1599418200,1599435960,1599443399,1620,13440,2040,0,1620,660,0,67,59,75,17,8,21,-1,0,0,20
user26,Asia/Seoul,2020-09-08,1599492120,1599532860,1599533348,6360,15900,5760,5,720,5580,0,64,53,77,17,8,24,5,360,2,74
user26,Asia/Seoul,2020-09-09,1599595140,1599620100,1599620257,11040,4620,8640,0,8580,660,2460,68,61,78,17,14,20,-1,0,0,20
user26,Asia/Seoul,2020-09-10,1599682020,1599706020,1599706392,1680,10740,5760,0,1680,5820,0,61,53,77,17,11,21,4,1260,3,66
user26,Asia/Seoul,2020-09-11,1599760740,1599791820,1599791889,1320,12900,6600,3,1080,9660,0,63,54,81,17,12,28,4,900,4,90
user26,Asia/Seoul,2020-09-13,1599944880,1599980220,1599987612,4920,8340,10620,1,780,6780,0,66,55,85,17,9,23,3,2640,5,85
user26,Asia/Seoul,2020-09-13,1599944880,1599965760,1600041914,1920,7020,6480,0,780,5460,1140,64,55,85,17,9,23,4,2280,3,41
user26,Asia/Seoul,2020-09-14,1600026060,1600052040,1600052230,2460,9900,7320,2,900,4740,660,58,52,81,17,11,25,4,600,2,67
user26,Asia/Seoul,2020-09-15,1600106940,1600137600,1600137674,3600,8040,8340,4,2640,4260,0,62,53,73,17,12,22,4,780,3,50
user26,Asia/Seoul,2020-09-15,1600145460,1600152240,1600159632,720,4800,1080,1,720,0,0,64,55,76,17,9,21,-1,0,0,20
user26,Asia/Seoul,2020-09-16,1600194000,1600220940,1600221189,4380,7260,7620,3,3180,3480,0,64,53,82,17,12,25,5,480,2,37
user26,Asia/Seoul,2020-09-17,1600282500,1600294260,1600301987,1080,1200,7800,0,1080,1680,0,68,60,78,17,9,22,-1,780,1,20
user26,Asia/Seoul,2020-09-18,1600360680,1600381200,1600388588,840,5220,8460,0,840,6000,0,66,57,77,17,14,20,2,2520,4,51
user26,Asia/Seoul,2020-09-19,1600454100,1600478940,1600479190,1200,6840,8220,0,1200,8580,0,66,55,79,17,11,24,3,3120,5,74
user26,Asia/Seoul,2020-09-20,1600535940,1600565940,1600570974,1620,13620,4020,4,1260,6960,0,61,51,79,16,9,21,4,3000,2,67
user26,Asia/Seoul,2020-09-21,1600636980,1600656840,1600656911,720,6600,7440,2,720,4860,0,65,57,76,16,12,22,2,1260,5,47
user26,Asia/Seoul,2020-09-22,1600719720,1600741680,1600742232,2100,9660,4200,0,1140,6000,960,60,52,71,16,12,21,5,420,2,46
user26,Asia/Seoul,2020-09-23,1600793640,1600828620,1600828987,1140,19320,5640,1,1140,8700,0,62,50,78,16,11,23,6,1500,3,89
user26,Asia/Seoul,2020-09-24,1600887660,1600912200,1600912880,3780,8160,3120,2,1200,5520,0,67,59,74,16,10,25,-1,0,0,26
user26,Asia/Seoul,2020-09-25,1600972080,1600997400,1600997543,3180,10740,5880,0,3180,5520,0,64,56,75,17,13,22,4,180,1,69
user26,Asia/Seoul,2020-09-26,1601061540,1601084160,1601084310,1020,7740,7260,0,1020,6600,0,72,63,86,16,12,20,4,1320,2,72
user26,Asia/Seoul,2020-09-27,1601156520,1601177640,1601185033,1260,8580,5340,0,1260,5940,0,71,64,82,16,11,22,4,1320,2,56
user26,Asia/Seoul,2020-09-28,1601238300,1601256540,1601259250,3240,6840,4620,4,540,1980,0,82,57,98,17,9,25,-1,0,0,20
user01,Asia/Seoul,2020-08-31,1598802240,1598830980,1598838373,3240,11700,6120,1,1980,7500,0,69,57,83,16,12,25,18,8880,16,83
user01,Asia/Seoul,2020-09-01,1598897280,1598922060,1598923633,1140,9660,6840,0,1140,7140,0,73,63,82,16,12,22,20,8280,16,82
user01,Asia/Seoul,2020-09-02,1598988060,1599012000,1599012074,2640,6360,7020,3,1680,7260,0,73,58,84,17,9,22,17,8400,7,53
user01,Asia/Seoul,2020-09-03,1599071220,1599098460,1599098830,1560,9360,10140,1,1500,6000,0,72,64,80,16,11,24,20,11400,11,82
user01,Asia/Seoul,2020-09-04,1599162960,1599185580,1599185829,1260,8580,8220,0,1260,4560,0,72,60,85,16,12,21,14,5280,5,60
user01,Asia/Seoul,2020-09-05,1599240060,1599268020,1599273253,2580,12480,7140,0,2580,5760,0,71,61,82,16,11,22,15,5460,11,79
user01,Asia/Seoul,2020-09-06,1599323460,1599358500,1599358571,3060,14700,9720,2,2100,7200,0,65,53,80,16,11,25,18,840,4,85
user01,Asia/Seoul,2020-09-07,1599406320,1599408600,1599415991,1980,300,0,0,1980,0,0,63,53,68,21,14,25,-1,0,0,20
user01,Asia/Seoul,2020-09-07,1599419880,1599439740,1599447132,1980,7800,5280,1,1800,4620,0,69,58,82,17,12,23,-1,0,0,40
user01,Asia/Seoul,2020-09-08,1599497340,1599529380,1599530050,2880,16980,7080,1,1800,4860,600,67,53,81,17,9,27,15,6000,13,83
user01,Asia/Seoul,2020-09-09,1599591720,1599612000,1599617058,1440,8700,5760,1,780,4380,0,62,55,74,15,11,22,14,1080,2,51
user01,Asia/Seoul,2020-09-10,1599675120,1599696600,1599698835,4740,7980,6000,1,3000,2580,1740,61,53,71,15,10,23,-1,0,0,30
user01,Asia/Seoul,2020-09-11,1599757500,1599783420,1599787374,3000,9000,8940,1,1980,4800,960,66,55,80,16,11,23,16,4320,4,64
user01,Asia/Seoul,2020-09-12,1599844800,1599875220,1599875291,2280,12120,10500,1,1320,5340,0,64,53,83,16,12,23,15,3840,6,93
user01,Asia/Seoul,2020-09-13,1599938460,1599967320,1599974752,4980,4440,11400,2,1620,7860,2580,66,56,79,16,12,21,16,7500,9,71
user01,Asia/Seoul,2020-09-14,1600017960,1600049340,1600049414,4140,9060,11280,3,1140,6540,1620,70,59,84,16,10,27,14,0,0,86
user01,Asia/Seoul,2020-09-15,1600112040,1600132980,1600133711,2040,4860,8340,1,2040,5520,0,75,66,87,17,13,25,17,4020,3,47
user01,Asia/Seoul,2020-09-19,1600462020,1600483380,1600483630,2280,5820,8040,0,2280,5220,0,74,62,85,16,12,22,13,720,1,50
user01,Asia/Seoul,2020-09-20,1600537500,1600566000,1600566120,2100,11460,8100,1,1980,6660,0,75,63,91,17,12,25,15,1440,5,88
user01,Asia/Seoul,2020-09-21,1600638360,1600663620,1600671009,3240,8400,6600,1,1380,6840,1140,72,59,82,16,11,23,18,2520,5,59
user01,Asia/Seoul,2020-09-22,1600705620,1600729380,1600736813,1980,12180,6720,1,1980,2700,0,67,52,82,17,10,24,17,1980,5,54
user01,Asia/Seoul,2020-09-23,1600791900,1600824480,1600824729,1620,12840,10560,0,1620,7560,0,72,56,86,17,12,25,14,1740,5,89
user01,Asia/Seoul,2020-09-24,1600888740,1600912020,1600912147,6180,9780,3960,1,2280,2340,960,70,58,82,16,12,25,-1,1200,4,20
user01,Asia/Seoul,2020-09-25,1600973640,1601001480,1601001632,3360,9660,9060,1,1680,5760,960,68,57,80,16,12,21,16,5580,8,68
user01,Asia/Seoul,2020-09-26,1601064300,1601085720,1601085791,1980,7260,7860,1,1440,4140,540,68,58,79,15,12,21,15,1860,6,45
user01,Asia/Seoul,2020-09-26,1601100540,1601107500,1601114894,1980,480,2760,0,1980,1740,0,69,64,82,17,13,19,-1,1380,1,20
user01,Asia/Seoul,2020-09-27,1601148600,1601164440,1601171831,2100,9300,4260,1,2100,0,0,72,60,83,16,9,25,-1,2520,4,20
user01,Asia/Seoul,2020-09-27,1601191380,1601198040,1601205430,2700,1140,2820,0,2700,0,0,79,63,84,18,15,20,-1,360,2,20
user01,Asia/Seoul,2020-10-06,1601921040,1601951460,1601952794,1320,16980,8520,0,1320,3600,0,79,46,94,16,12,25,13,3960,4,90
user01,Asia/Seoul,2020-10-06,1601968080,1601971620,1601979013,1860,300,1380,0,1860,0,0,80,71,87,16,14,17,-1,0,0,20
user01,Asia/Seoul,2020-10-07,1602016440,1602029700,1602029950,1500,2280,5160,0,1500,4320,0,86,76,92,17,13,25,-1,3120,5,20
user01,Asia/Seoul,2020-10-08,1602110400,1602122160,1602122474,2280,3600,4320,0,2280,1560,0,73,62,81,16,12,21,-1,1320,3,20
user01,Asia/Seoul,2020-10-09,1602174720,1602182940,1602193092,4680,3540,0,1,3120,0,1080,88,60,92,17,10,21,-1,0,0,20
user01,Asia/Seoul,2020-10-09,1602193140,1602200940,1602208379,1860,1800,3060,0,1860,1080,0,71,60,79,16,11,19,-1,1980,1,20
user01,Asia/Seoul,2020-10-10,1602258060,1602297540,1602297614,2640,16500,13620,0,1320,6720,1320,65,54,83,16,12,26,13,4860,3,87
user01,Asia/Seoul,2020-10-11,1602345600,1602375420,1602382818,9060,11100,5220,1,7560,4320,0,70,57,82,17,13,22,13,4140,5,45
user01,Asia/Seoul,2020-10-12,1602422340,1602464760,1602465009,9240,11820,9780,2,1500,5520,0,80,61,94,17,11,24,15,180,1,76
user01,Asia/Seoul,2020-10-13,1602532320,1602557340,1602557650,3780,9600,6600,0,3780,5040,0,67,57,76,16,11,22,16,420,1,59
user01,Asia/Seoul,2020-10-14,1602620400,1602633360,1602640792,3000,3120,5280,1,1080,1560,1500,63,57,72,16,13,20,-1,0,0,20
user01,Asia/Seoul,2020-10-15,1602706260,1602747720,1602755153,9480,13380,11880,3,900,5160,600,87,67,100,17,12,24,18,6000,8,88
user01,Asia/Seoul,2020-10-16,1602798240,1602823860,1602831252,2460,12600,5820,2,1020,4560,0,70,59,82,17,13,25,18,1980,8,71
user01,Asia/Seoul,2020-10-17,1602878520,1602896940,1602897059,3060,6480,6120,2,1560,2760,720,70,46,81,16,13,21,-1,2160,5,20
user01,Asia/Seoul,2020-10-17,1602912240,1602915780,1602923216,1620,960,960,0,1620,0,0,76,64,81,18,15,20,-1,0,0,20
user01,Asia/Seoul,2020-10-18,1602946080,1602980220,1602987669,5040,19200,7500,3,1920,2160,0,68,56,83,16,9,25,17,2400,3,65
user22,Asia/Seoul,2020-08-31,1598811960,1598830020,1598830150,1080,7080,4260,0,1080,5640,0,63,53,77,16,9,22,-1,420,3,40
user22,Asia/Seoul,2020-09-01,1598893380,1598914620,1598914810,1620,8340,6480,3,720,4560,540,65,58,75,16,11,24,13,5760,4,52
user22,Asia/Seoul,2020-09-03,1598982720,1599082860,1599083229,7500,9240,10920,2,1200,9240,0,64,57,79,16,10,25,17,1860,5,89
user22,Asia/Seoul,2020-09-04,1599157500,1599173100,1599173172,1500,660,6720,3,1080,4920,0,66,59,78,16,11,23,-1,0,0,20
user22,Asia/Seoul,2020-09-05,1599237540,1599255720,1599255797,4800,3600,4980,2,1080,3780,0,63,47,76,16,12,23,-1,900,2,20
user22,Asia/Seoul,2020-09-06,1599319920,1599332400,1599333370,1200,6180,2700,1,1200,2220,0,62,55,75,16,10,20,-1,180,1,20
user22,Asia/Seoul,2020-09-08,1599494340,1599516900,1599517572,960,6120,9360,2,660,5880,0,62,55,75,15,10,22,11,0,0,61
user22,Asia/Seoul,2020-09-09,1599585900,1599603720,1599603795,2820,4980,3480,3,1140,5220,0,63,55,76,16,10,25,-1,900,2,20
user22,Asia/Seoul,2020-09-10,1599670860,1599689160,1599689288,480,7440,4800,0,480,5580,0,61,55,79,16,10,24,-1,180,1,41
user22,Asia/Seoul,2020-09-11,1599749760,1599775980,1599776106,2880,10500,5280,1,1080,4980,0,66,54,84,16,11,22,14,3420,3,53
user22,Asia/Seoul,2020-09-12,1599840720,1599855120,1599855311,4980,3540,3240,3,4080,2220,0,63,56,78,15,11,20,-1,0,0,20
user22,Asia/Seoul,2020-09-14,1600014420,1600034220,1600034711,900,7380,4920,3,840,5640,0,61,55,73,16,9,24,-1,1140,4,42
user22,Asia/Seoul,2020-09-15,1600092840,1600119600,1600119671,2280,12360,5040,4,1500,6420,780,65,57,78,16,9,26,16,180,1,73
user22,Asia/Seoul,2020-09-16,1600182660,1600203720,1600203834,6060,6720,4560,5,1860,1920,0,67,55,86,17,12,25,-1,0,0,20
user22,Asia/Seoul,2020-09-17,1600270860,1600295220,1600295293,720,11820,6240,5,480,4200,0,68,58,78,17,10,23,15,900,4,62
user22,Asia/Seoul,2020-09-18,1600361640,1600384440,1600384564,2940,7680,5220,3,1380,6840,600,62,52,77,15,11,24,15,660,1,46
user22,Asia/Seoul,2020-09-19,1600450260,1600469760,1600469888,3720,3240,3600,3,780,3840,0,60,51,70,16,11,21,-1,2580,2,20
user22,Asia/Seoul,2020-09-20,1600541520,1600560120,1600561514,4620,5160,5340,4,2100,3000,0,63,55,81,16,9,20,-1,0,0,20
user22,Asia/Seoul,2020-09-21,1600622160,1600646520,1600646592,3420,4200,7500,4,420,3420,0,62,55,80,15,11,20,-1,1320,4,20
user22,Asia/Seoul,2020-09-22,1600705140,1600723680,1600728013,1800,11820,3600,3,780,1080,0,66,48,92,16,11,25,-1,1020,1,20
user22,Asia/Seoul,2020-09-23,1600790760,1600819260,1600819339,6900,7080,3480,8,1320,4920,600,56,41,70,14,11,19,-1,0,0,20
user22,Asia/Seoul,2020-09-24,1600879080,1600900740,1600900886,2100,10440,3720,4,660,4860,0,63,54,76,15,10,21,18,1500,2,42
user22,Asia/Seoul,2020-09-25,1600966200,1600980900,1600984692,3180,6240,3360,1,3120,1800,0,61,56,75,16,11,20,-1,300,2,20
user22,Asia/Seoul,2020-09-26,1601058060,1601076660,1601076733,1560,6540,5160,2,360,3120,0,61,55,77,16,11,22,-1,120,1,20
user22,Asia/Seoul,2020-09-27,1601136540,1601162400,1601162543,660,13380,5760,0,660,6060,0,61,52,76,16,11,24,13,3360,3,84
user29,Asia/Seoul,2020-08-31,1598804760,1598832660,1598840051,6720,11400,4020,3,1980,2580,660,58,53,75,16,10,25,12,240,1,21
user29,Asia/Seoul,2020-09-01,1598888760,1598918940,1598926330,2160,11820,7200,0,1080,9000,1080,59,53,73,16,12,25,12,600,3,90
user29,Asia/Seoul,2020-09-02,1598972820,1599006720,1599014108,2400,13440,6300,1,1980,11760,0,58,53,77,16,8,26,12,0,0,96
user29,Asia/Seoul,2020-09-03,1599060840,1599094080,1599101469,3000,16080,6660,1,2280,7440,720,56,50,73,16,10,27,10,0,0,89
user29,Asia/Seoul,2020-09-04,1599150360,1599179160,1599186549,2040,12300,8700,1,1680,5760,0,54,49,66,16,12,25,10,0,0,91
user29,Asia/Seoul,2020-09-10,1599663480,1599699300,1599763777,7800,11460,8340,3,5040,7680,1200,56,50,76,16,12,27,9,0,0,80
user29,Asia/Seoul,2020-09-11,1599746880,1599782460,1599789902,4200,16860,5760,4,1260,6660,0,55,45,71,17,11,25,23,0,0,81
user29,Asia/Seoul,2020-09-12,1599842880,1599876780,1599879009,2220,14820,9960,1,2220,6660,0,64,55,84,17,12,26,12,0,0,96
user29,Asia/Seoul,2020-09-13,1599918180,1599966480,1599973992,7440,19440,10200,5,1260,9780,0,55,44,69,17,11,25,20,0,0,89
user29,Asia/Seoul,2020-09-14,1600011360,1600042200,1600049590,8400,11700,5520,3,7320,4560,0,55,47,65,15,12,25,12,0,0,62
user29,Asia/Seoul,2020-09-15,1600093740,1600130760,1600138151,11400,10020,8460,1,2100,6240,0,58,49,75,16,11,25,8,0,0,75
user25,Asia/Seoul,2020-08-31,1598806620,1598826780,1598834173,1320,6360,5700,5,840,4560,0,64,53,76,15,11,26,-1,360,2,33
user25,Asia/Seoul,2020-09-01,1598903880,1598927400,1598927474,4620,9060,4980,3,1080,3780,2040,57,47,65,14,11,21,-1,1320,4,34
user25,Asia/Seoul,2020-09-01,1598941680,1598944680,1598952189,480,2520,0,0,480,0,0,55,50,66,15,12,19,-1,540,2,20
user25,Asia/Seoul,2020-09-02,1598992320,1599015480,1599015561,5160,8940,2700,7,660,420,0,57,51,66,14,10,22,-1,540,1,20
user25,Asia/Seoul,2020-09-03,1599093360,1599106200,1599113592,480,5580,2580,1,480,4020,0,57,49,68,14,11,19,-1,1860,3,20
user25,Asia/Seoul,2020-09-04,1599152220,1599172920,1599180348,1800,7680,7020,3,1440,3060,0,67,58,79,15,11,27,-1,5100,7,35
user25,Asia/Seoul,2020-09-05,1599240660,1599273480,1599274635,960,10320,10980,2,900,10260,0,58,47,80,15,9,24,8,3540,10,94
user25,Asia/Seoul,2020-09-06,1599334860,1599356640,1599357131,1020,5940,8280,2,1020,6300,0,53,46,72,13,9,25,2,1140,2,56
user25,Asia/Seoul,2020-09-07,1599415140,1599432360,1599439751,2340,5820,3720,3,1740,3900,0,66,57,83,15,12,26,-1,840,2,20
user25,Asia/Seoul,2020-09-08,1599495960,1599504180,1599511570,2340,5220,0,3,420,120,0,63,54,79,17,10,20,-1,0,0,20
user25,Asia/Seoul,2020-09-09,1599587580,1599604800,1599612228,660,5340,6360,3,660,4080,0,57,46,73,14,9,25,-1,840,3,29
user25,Asia/Seoul,2020-09-10,1599671880,1599691260,1599698650,2100,4380,8040,1,2100,4740,0,58,46,68,14,10,23,-1,4500,8,31
user25,Asia/Seoul,2020-09-11,1599759660,1599777000,1599793403,720,7020,6000,2,720,3420,0,60,50,70,15,11,25,-1,3900,5,33
user25,Asia/Seoul,2020-09-12,1599839580,1599870120,1599877522,1860,11100,8820,2,1260,7680,0,54,40,72,14,11,26,7,1320,4,83
user25,Asia/Seoul,2020-09-13,1599936060,1599963060,1599970451,2160,4260,9600,1,1500,10860,0,55,45,70,15,11,25,7,3600,8,77
user25,Asia/Seoul,2020-09-14,1600022880,1600036740,1600044129,1260,5100,3960,2,1140,2940,0,52,46,61,14,11,21,-1,0,0,20
user25,Asia/Seoul,2020-09-15,1600106760,1600123620,1600131011,840,7560,4200,1,840,4140,0,54,44,68,14,11,22,-1,3720,6,30
user25,Asia/Seoul,2020-09-16,1600189800,1600210260,1600217657,1800,8160,5340,1,960,5100,840,60,46,72,14,10,23,4,3120,8,40
user25,Asia/Seoul,2020-09-17,1600272720,1600296120,1600303509,1980,5880,8940,1,1980,6480,0,59,49,70,14,9,22,6,6780,10,54
user25,Asia/Seoul,2020-09-18,1600363500,1600383360,1600390750,1740,6780,5100,3,1680,5820,0,54,45,66,14,10,23,-1,2340,1,35
user25,Asia/Seoul,2020-09-20,1600536600,1600565700,1600570274,240,15300,4560,2,180,8760,0,54,47,66,14,9,22,8,1380,3,88
user25,Asia/Seoul,2020-09-21,1600628700,1600641540,1600687714,1320,3120,5700,0,1320,2700,0,59,52,66,15,11,21,-1,660,3,20
user25,Asia/Seoul,2020-09-22,1600703040,1600717560,1600778208,780,4980,6120,0,780,2640,0,55,47,65,14,12,25,-1,3120,6,23
user25,Asia/Seoul,2020-09-23,1600797720,1600822860,1600822937,1680,6120,7140,1,1140,10080,0,53,44,69,14,11,23,7,780,2,72
user25,Asia/Seoul,2020-09-23,1600840440,1600843260,1600850652,600,2220,0,0,600,0,0,59,55,65,15,12,18,-1,0,0,20
user25,Asia/Seoul,2020-09-24,1600884420,1600901100,1600977980,960,6960,3960,2,960,4500,0,56,46,70,14,10,20,-1,660,2,28
user25,Asia/Seoul,2020-09-26,1601100960,1601113920,1601121315,1380,5820,3180,0,780,2580,600,65,55,79,15,12,20,-1,1140,3,20
user25,Asia/Seoul,2020-09-27,1601151780,1601160600,1601167333,540,2220,3180,0,540,2880,0,57,52,68,15,11,22,-1,0,0,20
user09,Asia/Seoul,2020-08-31,1598801880,1598828400,1598828557,3000,11400,5880,1,2040,6240,0,64,53,84,17,10,24,15,1200,2,74
user09,Asia/Seoul,2020-09-01,1598891100,1598917200,1598917341,1440,13140,6960,5,960,3780,0,61,49,78,16,10,25,16,3960,4,77
user09,Asia/Seoul,2020-09-02,1598977740,1599006420,1599006496,5760,13500,6780,3,2280,2460,2820,59,49,75,17,11,21,26,1860,6,57
user09,Asia/Seoul,2020-09-03,1599062820,1599087600,1599087722,3420,7800,4680,8,960,2220,0,59,52,71,16,11,20,-1,2280,2,20
user09,Asia/Seoul,2020-09-04,1599146760,1599171300,1599171734,5340,11160,2640,7,600,3120,0,57,49,74,17,11,23,-1,2100,4,20
user09,Asia/Seoul,2020-09-05,1599232800,1599253260,1599253380,3780,8880,5220,2,2700,2520,0,61,51,84,16,9,24,-1,780,3,23
user09,Asia/Seoul,2020-09-06,1599313920,1599337140,1599338952,4980,2400,9600,4,1200,3720,0,69,58,79,19,14,23,-1,1380,3,25
user09,Asia/Seoul,2020-09-07,1599408720,1599436800,1599437174,5100,13320,5280,3,2760,3360,0,68,56,86,16,12,24,21,3120,5,45
user09,Asia/Seoul,2020-09-08,1599495720,1599521520,1599532694,5520,13380,3780,3,3840,3060,0,61,54,75,16,11,19,17,660,4,34
user09,Asia/Seoul,2020-09-09,1599586740,1599609300,1599609374,2940,7320,5640,3,1140,4200,0,68,57,82,16,10,20,-1,1740,4,28
user09,Asia/Seoul,2020-09-10,1599669480,1599694740,1599694811,4440,12240,4920,4,2580,1260,0,60,50,74,16,11,21,15,1200,2,20
user09,Asia/Seoul,2020-09-11,1599757320,1599781980,1599783733,3780,13860,3000,2,3240,3780,0,59,51,75,16,10,22,20,1920,7,40
user09,Asia/Seoul,2020-09-12,1599837840,1599854820,1599858136,3300,5280,7260,2,2640,1080,0,62,54,74,18,15,21,-1,0,0,20
user09,Asia/Seoul,2020-09-13,1599928380,1599944460,1599991334,3420,6720,3960,1,3420,1860,0,66,56,77,17,10,20,-1,1440,3,20
user09,Asia/Seoul,2020-09-14,1600017720,1600041840,1600049233,3600,14040,3600,1,2220,2760,1380,65,38,82,18,11,22,20,480,2,33
user09,Asia/Seoul,2020-09-15,1600105740,1600126800,1600129516,1440,8700,6600,3,1440,3480,0,64,53,78,17,9,22,16,180,1,42
user09,Asia/Seoul,2020-09-16,1600188840,1600215900,1600216130,5280,12060,6240,4,3660,2280,0,62,44,81,17,11,21,13,180,1,39
user09,Asia/Seoul,2020-09-17,1600275540,1600297200,1600297819,2580,10860,4020,3,1800,2580,0,66,56,79,17,12,25,-1,1320,3,21
user09,Asia/Seoul,2020-09-18,1600361520,1600381260,1600381392,3840,7020,5160,1,3300,3600,0,62,55,75,18,11,22,-1,840,4,23
user09,Asia/Seoul,2020-09-20,1600535880,1600556880,1600556992,2760,4920,8100,1,1980,4800,0,70,58,82,17,11,22,-1,540,2,32
user09,Asia/Seoul,2020-09-21,1600616040,1600631100,1600631291,60,7380,4080,0,60,3540,0,68,52,79,16,11,25,-1,1080,4,25
user09,Asia/Seoul,2020-09-23,1600789020,1600822140,1600829531,5160,17580,3540,5,840,5820,0,59,49,78,14,9,22,15,1140,2,67
user09,Asia/Seoul,2020-09-24,1600882380,1600898640,1600902134,2760,3660,7020,3,1560,1320,0,64,54,81,17,11,21,-1,2580,3,20
user09,Asia/Seoul,2020-09-25,1600963380,1600990020,1600997473,780,9960,7620,9,480,6660,0,67,42,84,16,10,21,15,960,3,74
user09,Asia/Seoul,2020-09-26,1601054760,1601064720,1601064791,2940,5520,1380,1,2820,0,0,71,59,82,19,11,24,-1,180,1,20
user09,Asia/Seoul,2020-09-27,1601136180,1601154060,1601154135,1500,5160,6180,9,660,2820,0,68,51,78,18,11,22,-1,1620,5,20
user30,Asia/Seoul,2020-08-31,1598800920,1598827260,1598827402,4860,11880,3660,1,4500,5940,0,61,48,75,14,10,21,21,7980,12,56
user30,Asia/Seoul,2020-09-01,1598891580,1598914200,1598914327,1440,13260,3060,2,660,4740,0,62,52,75,15,10,23,28,5760,12,56
user30,Asia/Seoul,2020-09-02,1598975820,1599000600,1599000728,1980,9480,4740,0,1980,8580,0,60,51,83,15,10,26,31,9900,16,71
user30,Asia/Seoul,2020-09-03,1599060480,1599087000,1599087129,3900,10920,4620,1,3540,7080,0,60,47,75,15,10,25,30,9540,17,73
user30,Asia/Seoul,2020-09-04,1599151920,1599173700,1599173782,2700,7500,4200,1,2700,7140,0,61,52,71,15,10,23,23,8100,11,50
user30,Asia/Seoul,2020-09-05,1599237240,1599262740,1599270132,1860,11400,3960,4,540,8160,0,62,51,81,15,9,23,24,12540,13,80
user30,Asia/Seoul,2020-09-06,1599321420,1599354900,1599354970,7260,13380,4260,3,6840,8100,0,61,49,76,14,8,22,26,8820,13,78
user30,Asia/Seoul,2020-09-07,1599407580,1599432120,1599432312,7080,7800,4140,2,4680,5520,0,59,50,72,14,8,23,-1,7980,16,28
user30,Asia/Seoul,2020-09-08,1599493200,1599519000,1599519133,3240,10500,3300,0,3240,8760,0,65,53,89,14,9,21,34,8160,17,63
user30,Asia/Seoul,2020-09-09,1599580140,1599605880,1599606020,1320,8340,4020,0,1320,12060,0,60,48,77,15,9,25,24,10800,15,78
user30,Asia/Seoul,2020-09-10,1599669780,1599692400,1599692474,1860,8040,4440,2,1860,7980,0,61,49,77,14,9,23,27,7980,12,50
user30,Asia/Seoul,2020-09-11,1599753360,1599778200,1599778331,2220,9960,3780,0,2220,8880,0,58,49,72,14,10,21,25,11880,12,64
user30,Asia/Seoul,2020-09-12,1599841260,1599871680,1599879072,840,12480,5220,1,720,11700,0,62,51,75,14,9,22,29,13920,21,91
user30,Asia/Seoul,2020-09-13,1599933420,1599959760,1599967151,7860,6540,3660,0,7860,8280,0,57,47,77,14,10,24,23,8640,12,39
user30,Asia/Seoul,2020-09-14,1600009740,1600037340,1600037479,7020,9180,4320,0,7020,7080,0,64,54,82,13,9,22,24,10380,17,50
user30,Asia/Seoul,2020-09-15,1600105500,1600123800,1600123920,2460,7620,3300,0,2460,4920,0,67,59,79,15,11,20,-1,5820,13,24
user30,Asia/Seoul,2020-09-16,1600187880,1600210500,1600210630,1140,10440,4380,0,1140,6660,0,62,50,84,15,11,24,17,7980,17,61
user30,Asia/Seoul,2020-09-17,1600273320,1600296720,1600296793,1980,10200,2580,0,1980,8640,0,60,47,75,15,10,22,26,12240,13,55
user30,Asia/Seoul,2020-09-18,1600358820,1600385160,1600385234,2580,12780,600,2,1920,10260,0,61,50,77,14,9,22,29,10140,19,66
user30,Asia/Seoul,2020-09-19,1600445640,1600474800,1600474870,5280,9900,2820,2,5280,10860,0,60,50,74,15,10,24,29,8460,17,69
user30,Asia/Seoul,2020-09-20,1600535280,1600563480,1600563620,5160,11460,3540,0,5160,8040,0,60,51,75,15,9,24,16,10200,15,66
user30,Asia/Seoul,2020-09-21,1600615380,1600641120,1600641195,2880,12660,2400,3,1800,7620,0,62,51,77,14,10,24,18,4080,12,57
user30,Asia/Seoul,2020-09-22,1600702320,1600728060,1600728134,3780,11340,4200,2,2520,6420,0,63,51,82,14,9,23,20,7020,14,56
user30,Asia/Seoul,2020-09-23,1600789560,1600814400,1600814550,1260,10200,3240,0,1260,10140,0,63,51,76,14,10,21,29,8940,16,74
user30,Asia/Seoul,2020-09-24,1600875720,1600896300,1600896726,1320,7500,5100,4,600,6300,0,64,52,84,15,10,21,24,8700,13,45
user30,Asia/Seoul,2020-09-24,1600875720,1600900800,1600900872,1860,10140,5100,5,600,6300,0,63,52,84,14,10,21,22,10200,15,56
user30,Asia/Seoul,2020-09-25,1600965120,1600987200,1600987323,420,8820,4320,7,240,7680,0,62,52,79,15,9,23,17,8940,12,56
user30,Asia/Seoul,2020-09-26,1601058000,1601079120,1601086511,2640,8940,1500,9,600,6960,0,62,52,79,15,11,25,-1,4980,13,32
user07,Asia/Seoul,2020-09-01,1598903400,1598926440,1598926512,1380,9600,6720,3,1080,4620,0,75,66,85,21,10,28,19,1440,3,62
user07,Asia/Seoul,2020-09-02,1598981460,1599016740,1599024133,2460,18480,8160,3,1200,6060,0,70,59,84,20,9,25,19,960,1,96
user07,Asia/Seoul,2020-09-03,1599070620,1599086160,1599093602,1920,9660,2940,0,1920,1020,0,75,67,86,21,10,25,-1,0,0,20
user07,Asia/Seoul,2020-09-04,1599156720,1599192600,1599200001,1260,14160,10020,1,720,10440,0,76,62,89,20,9,28,16,6840,5,95
user07,Asia/Seoul,2020-09-05,1599242160,1599259560,1599266992,2400,8280,1800,4,780,1920,0,73,65,85,19,16,25,-1,180,1,20
user07,Asia/Seoul,2020-09-05,1599293340,1599303960,1599311351,660,2760,5640,0,660,1560,0,69,60,79,20,15,25,-1,0,0,20
user07,Asia/Seoul,2020-09-06,1599320520,1599345420,1599352812,4320,10200,6840,1,3480,3360,0,70,58,91,20,11,26,16,180,1,47
user07,Asia/Seoul,2020-09-07,1599435120,1599450840,1599458233,2820,7380,3720,0,2160,1800,660,76,70,87,19,10,25,-1,660,2,20
user07,Asia/Seoul,2020-09-08,1599512820,1599532440,1599532573,4080,7140,6180,0,2820,2220,1260,64,55,72,18,14,22,-1,120,1,20
user07,Asia/Seoul,2020-09-09,1599589080,1599618660,1599618845,8580,11100,6540,1,2580,2640,3480,64,55,84,18,13,25,17,0,0,36
user07,Asia/Seoul,2020-09-10,1599673560,1599680700,1599688092,2400,1380,3360,0,2400,0,0,67,63,70,20,12,22,-1,0,0,20
user07,Asia/Seoul,2020-09-11,1599757560,1599792780,1599793150,3060,12900,6240,2,1500,6240,0,75,56,92,20,14,28,20,1740,2,73
user07,Asia/Seoul,2020-09-12,1599860640,1599879480,1599879555,720,5640,6060,0,720,6420,0,75,66,89,20,12,23,13,2520,2,43
user07,Asia/Seoul,2020-09-13,1599939480,1599968100,1599975494,3420,6960,10740,1,840,7260,0,70,60,79,18,14,22,17,7740,6,85
user07,Asia/Seoul,2020-09-14,1600030140,1600054260,1600061653,720,4320,12840,0,720,6240,0,76,61,86,20,11,24,15,3960,6,82
user07,Asia/Seoul,2020-09-15,1600136040,1600144620,1600152017,3360,5220,0,0,2400,0,960,68,62,76,18,12,22,-1,0,0,20
user07,Asia/Seoul,2020-09-16,1600201380,1600224660,1600224790,1380,6420,11280,2,1080,3960,0,79,72,89,21,12,25,16,4500,4,70
user07,Asia/Seoul,2020-09-17,1600276200,1600285080,1600292471,2400,2100,4380,0,2400,0,0,68,60,74,20,15,22,-1,0,0,20
user07,Asia/Seoul,2020-09-17,1600320540,1600332060,1600339451,4560,3540,2700,0,4560,720,0,59,53,68,17,13,20,-1,0,0,20
user07,Asia/Seoul,2020-09-18,1600344000,1600388640,1600392383,2280,18000,12240,0,2280,12120,0,64,50,84,18,13,25,23,1920,5,89
user07,Asia/Seoul,2020-09-19,1600496340,1600504500,1600522152,3120,960,0,1,900,0,0,83,74,88,19,15,22,-1,0,0,20
user07,Asia/Seoul,2020-09-20,1600535160,1600554840,1600562233,3420,8400,1380,1,3300,1260,60,72,45,89,19,14,23,-1,1020,1,20
user07,Asia/Seoul,2020-09-21,1600628160,1600641300,1600648693,960,7080,3900,1,900,1020,0,70,59,81,19,10,22,-1,360,1,20
user07,Asia/Seoul,2020-09-21,1600651680,1600662540,1600669933,2700,6060,1320,1,1140,780,660,68,62,79,18,11,26,-1,300,1,20
user07,Asia/Seoul,2020-09-22,1600721580,1600735500,1600735811,1500,5280,5880,0,1500,1260,0,77,56,88,20,14,24,-1,780,3,20
user07,Asia/Seoul,2020-09-23,1600805280,1600824960,1600825810,1440,5460,9180,0,1440,3600,0,76,68,89,18,13,24,16,1500,2,40
user07,Asia/Seoul,2020-09-24,1600879620,1600889820,1600889894,1560,1200,6660,0,1560,780,0,67,61,77,19,14,21,-1,300,1,20
user07,Asia/Seoul,2020-09-24,1600936380,1600943760,1600951152,2040,2520,2820,0,1020,0,1020,64,59,68,17,15,20,-1,0,0,20
user07,Asia/Seoul,2020-09-25,1600959420,1600989360,1600989545,1680,14400,10500,1,1260,3360,0,72,59,88,19,13,27,17,2040,6,88
user07,Asia/Seoul,2020-09-26,1601060340,1601073660,1601081051,1620,3120,6840,0,1620,1740,0,82,73,91,20,13,22,-1,1500,5,20
user07,Asia/Seoul,2020-09-27,1601142600,1601159940,1601167332,2640,6960,5460,0,2640,2280,0,71,59,86,18,12,28,-1,1620,2,20
user27,Asia/Seoul,2020-09-04,1599168960,1599186060,1599186201,1020,9480,2880,0,1020,3720,0,60,53,81,14,9,25,-1,0,0,30
user27,Asia/Seoul,2020-09-05,1599245160,1599263640,1599271031,540,8520,3480,0,540,5940,0,60,42,77,14,11,19,-1,0,0,47
user27,Asia/Seoul,2020-09-05,1599300240,1599312840,1599320231,6960,2040,3600,0,6960,0,0,64,57,73,14,9,16,-1,240,1,20
user27,Asia/Seoul,2020-09-06,1599338640,1599353280,1599360671,840,6360,3540,2,780,3720,0,60,51,71,14,9,19,-1,0,0,23
user27,Asia/Seoul,2020-09-07,1599394560,1599413940,1599421329,6900,3900,7440,0,6900,1140,0,62,55,76,14,10,18,-1,0,0,20
user27,Asia/Seoul,2020-09-07,1599427440,1599443220,1599447311,780,7080,3720,0,780,4200,0,58,47,72,14,10,18,-1,0,0,25
user27,Asia/Seoul,2020-09-08,1599502620,1599532140,1599532211,3180,13800,3780,4,1380,8220,1380,58,49,68,14,9,20,9,0,0,75
user27,Asia/Seoul,2020-09-09,1599570780,1599585360,1599592751,2220,5760,4980,0,2220,1620,0,58,53,82,14,11,16,-1,0,0,20
user27,Asia/Seoul,2020-09-09,1599608220,1599616020,1599616155,3180,3720,900,0,3180,0,0,61,56,67,13,10,15,-1,0,0,20
user27,Asia/Seoul,2020-09-09,1599647160,1599657240,1599664872,4500,3240,2220,1,4500,0,0,60,54,64,14,11,17,-1,0,0,20
user27,Asia/Seoul,2020-09-10,1599681900,1599699180,1599706571,4920,7500,3780,0,4920,1080,0,63,55,81,13,10,18,-1,0,0,20
user27,Asia/Seoul,2020-09-11,1599737280,1599757920,1599765309,1860,10800,4980,0,1860,3000,0,60,51,78,13,10,17,4,900,1,35
user27,Asia/Seoul,2020-09-11,1599768780,1599785040,1599791472,2340,7020,1500,2,360,5280,0,59,52,68,14,10,20,-1,0,0,20
user27,Asia/Seoul,2020-09-12,1599825300,1599836400,1599843790,1020,5340,2160,1,960,2340,0,64,55,76,14,9,18,-1,0,0,20
user27,Asia/Seoul,2020-09-12,1599857100,1599876600,1599876672,6240,4740,3720,1,1620,4260,2820,58,49,70,14,10,28,-1,0,0,20
user27,Asia/Seoul,2020-09-13,1599931620,1599938040,1599945430,780,2760,1440,0,780,1440,0,61,57,70,14,11,19,-1,0,0,20
user27,Asia/Seoul,2020-09-13,1599946020,1599951780,1599968256,720,2280,780,0,720,1980,0,58,51,65,13,10,15,-1,0,0,20
user27,Asia/Seoul,2020-09-14,1599999780,1600009920,1600017311,1080,2700,5100,1,1080,1140,0,59,49,66,14,11,17,-1,0,0,20
user27,Asia/Seoul,2020-09-14,1600019160,1600040400,1600040589,600,10860,4020,1,540,5640,0,59,50,72,14,10,26,5,0,0,55
user27,Asia/Seoul,2020-09-15,1600102740,1600138620,1600138766,3840,18900,6540,0,2880,6600,960,63,55,81,14,10,22,6,0,0,78
user27,Asia/Seoul,2020-09-16,1600198680,1600221300,1600225152,10980,5940,4080,2,780,1200,0,64,51,73,14,11,23,-1,0,0,20
user27,Asia/Seoul,2020-09-17,1600278540,1600309980,1600311491,2820,19740,4140,2,660,4620,0,62,54,79,13,9,18,6,0,0,74
user27,Asia/Seoul,2020-09-18,1600367760,1600397760,1600397835,5280,11700,4440,4,1020,7620,0,61,53,70,13,10,24,5,0,0,67
user27,Asia/Seoul,2020-09-21,1600626780,1600654800,1600654990,3360,13500,3900,3,840,7140,1320,64,56,83,13,9,18,5,0,0,76
user27,Asia/Seoul,2020-09-22,1600715820,1600740780,1600742292,1320,9960,7680,2,1140,5760,0,67,53,74,14,10,17,5,0,0,82
user27,Asia/Seoul,2020-09-23,1600802940,1600815600,1600822992,1200,7860,2940,0,1200,660,0,67,57,82,14,9,17,-1,0,0,20
user27,Asia/Seoul,2020-09-24,1600883700,1600904580,1600904724,3900,3360,8220,0,3900,5400,0,65,58,73,13,11,18,-1,0,0,30
user27,Asia/Seoul,2020-09-25,1600972260,1600995300,1601002689,1140,13920,4080,0,1140,3900,0,68,57,80,14,10,17,6,0,0,57
user27,Asia/Seoul,2020-09-26,1601053260,1601070420,1601077812,3000,8100,4020,0,3000,2040,0,67,60,82,14,11,19,-1,0,0,20
user27,Asia/Seoul,2020-09-27,1601143860,1601157000,1601157137,780,6120,4380,0,780,1860,0,69,55,77,14,11,18,-1,0,0,20
user27,Asia/Seoul,2020-09-28,1601233140,1601249700,1601249832,1020,5580,6240,0,1020,3720,0,70,59,81,14,11,17,-1,0,0,28
user27,Asia/Seoul,2020-09-29,1601320380,1601346120,1601346252,6240,8820,5400,2,1800,5160,3300,65,51,76,14,10,17,8,300,1,36
user27,Asia/Seoul,2020-09-30,1601401080,1601424480,1601431873,1500,14040,4380,1,1500,3360,0,65,56,78,13,10,18,4,0,0,54
user27,Asia/Seoul,2020-10-01,1601486940,1601506260,1601513650,2760,8040,4320,1,1020,3780,1680,59,51,73,14,11,19,-1,0,0,26
user27,Asia/Seoul,2020-10-02,1601573640,1601589480,1601596871,1980,7800,3360,1,1980,2580,0,63,52,92,13,10,18,-1,0,0,20
user27,Asia/Seoul,2020-10-03,1601659920,1601690400,1601690474,2160,15360,4920,1,1140,7800,1020,59,48,74,13,9,22,4,0,0,81
user27,Asia/Seoul,2020-10-04,1601749380,1601766120,1601773512,900,8700,4860,0,900,2280,0,62,51,71,14,10,24,-1,0,0,28
user27,Asia/Seoul,2020-10-05,1601836740,1601851200,1601851340,660,4620,4740,0,660,4440,0,59,53,66,13,9,18,-1,0,0,20
user27,Asia/Seoul,2020-10-06,1601918220,1601954280,1601961670,8820,16920,4320,2,3960,6000,540,63,52,74,14,10,25,10,0,0,65
user27,Asia/Seoul,2020-10-07,1602004980,1602033000,1602033130,7980,12060,4560,2,6360,3420,0,57,44,69,13,9,17,8,0,0,37
user06,Asia/Seoul,2020-09-11,1599756600,1599784380,1599791774,2040,18000,4260,1,1200,3480,0,48,42,71,17,11,23,17,2160,6,81
user06,Asia/Seoul,2020-09-12,1599838440,1599869880,1599877288,4740,12060,8460,1,3300,6180,900,49,43,68,17,10,22,19,540,2,84
user06,Asia/Seoul,2020-09-13,1599938760,1599979920,1599987325,3180,19320,5700,3,1920,12900,0,51,45,71,17,11,23,15,4680,7,94
user06,Asia/Seoul,2020-09-14,1600015620,1600042980,1600050371,1200,18360,3540,2,780,4200,0,51,46,65,17,11,24,16,1260,1,80
user06,Asia/Seoul,2020-09-15,1600104060,1600130640,1600138032,10560,9300,5400,0,10560,1320,0,49,45,68,16,9,23,-1,4860,5,29
user06,Asia/Seoul,2020-09-16,1600184580,1600215360,1600222749,2700,15360,6000,1,1440,6720,840,52,46,70,17,10,24,13,360,2,85
user06,Asia/Seoul,2020-09-17,1600268580,1600302720,1600311720,1920,20400,4980,0,1920,6840,0,51,44,69,17,8,25,16,420,1,88
user06,Asia/Seoul,2020-09-18,1600352280,1600388640,1600396032,7560,15840,6540,0,7560,6420,0,51,45,75,17,10,22,17,2220,5,87
user06,Asia/Seoul,2020-09-19,1600447080,1600484160,1600484349,8220,9780,7200,3,3540,5280,2100,50,45,67,17,9,24,12,180,1,56
user06,Asia/Seoul,2020-09-20,1600533960,1600551180,1600558574,4020,11040,1500,0,4020,660,0,50,45,67,18,12,22,-1,180,1,20
user06,Asia/Seoul,2020-09-21,1600619580,1600647480,1600654923,1320,13080,6120,2,960,7260,0,53,47,72,18,13,25,15,3240,4,87
user06,Asia/Seoul,2020-09-22,1600704720,1600732080,1600739548,960,9900,8700,0,960,7800,0,54,50,66,18,11,22,9,1140,3,87
user06,Asia/Seoul,2020-09-23,1600792500,1600814040,1600821430,1020,10320,5340,0,1020,4860,0,56,49,70,18,12,25,9,1200,3,56
user06,Asia/Seoul,2020-09-24,1600880220,1600906980,1600914377,960,14880,5520,0,960,5400,0,57,51,73,18,11,22,11,3120,4,80
user06,Asia/Seoul,2020-09-25,1600968060,1600994400,1601001790,4860,13980,4140,2,3240,3360,780,54,47,71,18,10,25,15,180,1,40
user06,Asia/Seoul,2020-09-26,1601061300,1601087580,1601087653,1680,14820,5220,3,900,4380,0,52,46,70,18,13,24,14,780,3,72
user06,Asia/Seoul,2020-09-27,1601143560,1601180040,1601180317,2160,19140,6660,1,360,8520,0,51,46,69,17,13,23,16,4500,16,86
user06,Asia/Seoul,2020-09-28,1601262000,1601297040,1601305570,6180,11760,10260,1,3720,2820,1800,50,44,66,18,12,26,9,1980,2,62
user06,Asia/Seoul,2020-09-29,1601327700,1601346960,1601347038,2760,8640,3960,1,2760,3780,0,50,45,69,18,13,25,-1,2580,4,26
user06,Asia/Seoul,2020-09-30,1601399880,1601439960,1601446293,3600,19740,8520,1,3240,8220,0,49,43,76,17,10,27,16,5520,10,92
user06,Asia/Seoul,2020-10-01,1601491500,1601531580,1601538004,10200,16320,5820,4,6480,7740,0,50,42,75,17,9,27,14,1800,3,81
user06,Asia/Seoul,2020-10-02,1601573400,1601594340,1601601324,4080,10740,2340,3,3240,3600,0,68,61,91,20,9,25,-1,1320,4,20
user06,Asia/Seoul,2020-10-02,1601602560,1601618220,1601626152,5340,8460,1140,2,3480,720,0,61,54,71,19,13,25,-1,600,2,20
user06,Asia/Seoul,2020-10-02,1601626140,1601632500,1601642854,1080,3240,1920,0,1080,120,0,56,51,64,19,16,21,-1,360,1,20
user06,Asia/Seoul,2020-10-03,1601652000,1601692920,1601693123,13980,14160,9120,2,13800,3120,0,50,45,64,17,9,24,13,4380,7,78
user06,Asia/Seoul,2020-10-04,1601746920,1601781900,1601789292,6960,15900,6000,3,5220,6120,0,48,42,70,17,10,25,14,2820,4,75
user06,Asia/Seoul,2020-10-05,1601831040,1601861820,1601862001,8460,11820,4560,1,7740,5940,0,48,43,81,17,12,22,13,2400,5,60
user06,Asia/Seoul,2020-10-06,1601923560,1601951220,1601951380,1920,13200,7500,1,1320,4680,600,52,47,84,17,10,23,10,1380,4,79
user06,Asia/Seoul,2020-10-07,1602001320,1602023760,1602031150,12420,8520,1500,3,10440,0,0,47,42,76,16,12,20,-1,1620,4,20
user06,Asia/Seoul,2020-10-08,1602091020,1602110280,1602117673,4380,9240,4560,2,2820,1080,0,52,47,68,17,10,20,-1,2280,2,20
user06,Asia/Seoul,2020-10-09,1602183900,1602220140,1602227533,3360,17820,7140,1,3000,7920,0,52,45,69,17,10,23,12,8340,6,87
